JOUR;ROOM_NUM;ROOM_NAME;ROOM_TYP;BULD_NAME;FLOR_NUM;TARIF_JOURNALIER;EST_OCCUPEE;EST_LIBRE
2026-04-29;0;A001;Type 3;A;0;10;0;1
2026-04-29;1;A002;Type 2;A;0;10;1;0
2026-04-29;2;A003;Type 3;A;0;10;0;1
2026-04-29;3;A004;Type 4;A;0;15;1;0
2026-04-29;4;A005;Type 1;A;0;10;0;1
2026-04-29;5;A006;Type 2;A;0;10;1;0
2026-04-29;6;A007;Type 2;A;0;10;1;0
2026-04-29;7;A008;Type 2;A;0;15;1;0
2026-04-29;8;A009;Type 2;A;0;25;1;0
2026-04-29;9;A010;Type 2;A;0;10;1;0
2026-04-29;10;A101;Type 2;A;1;10;1;0
2026-04-29;11;A102;Type 3;A;1;25;0;1
2026-04-29;12;A103;Type 4;A;1;15;0;1
2026-04-29;13;A104;Type 3;A;1;15;0;1
2026-04-29;14;A105;Type 2;A;1;15;1;0
2026-04-29;15;A106;Type 3;A;1;10;1;0
2026-04-29;16;A107;Type 2;A;1;10;1;0
2026-04-29;17;A108;Type 2;A;1;20;1;0
2026-04-29;18;A109;Type 2;A;1;10;0;1
2026-04-29;19;A110;Type 1;A;1;10;0;1
2026-04-29;20;A111;Type 1;A;1;15;1;0
2026-04-29;21;A112;Type 2;A;1;15;0;1
2026-04-29;22;A113;Type 3;A;1;10;0;1
2026-04-29;23;A114;Type 1;A;1;10;1;0
2026-04-29;24;A115;Type 2;A;1;15;0;1
2026-04-29;25;A116;Type 1;A;1;20;0;1
2026-04-29;26;A117;Type 1;A;1;10;1;0
2026-04-29;27;A118;Type 2;A;1;10;0;1
2026-04-29;28;A119;Type 1;A;1;10;1;0
2026-04-29;29;A120;Type 3;A;1;10;1;0
2026-04-29;30;A121;Type 3;A;1;15;1;0
2026-04-29;31;A122;Type 1;A;1;10;1;0
2026-04-29;32;A123;Type 2;A;1;10;0;1
2026-04-29;33;A124;Type 3;A;1;10;0;1
2026-04-29;34;A125;Type 3;A;1;10;0;1
2026-04-29;35;A126;Type 1;A;1;15;1;0
2026-04-29;36;A127;Type 2;A;1;20;0;1
2026-04-29;37;A128;Type 2;A;1;20;1;0
2026-04-29;38;A129;Type 2;A;1;10;1;0
2026-04-29;39;A130;Type 1;A;1;15;1;0
2026-04-29;40;A131;Type 4;A;1;15;0;1
2026-04-29;41;A132;Type 3;A;1;25;0;1
2026-04-29;42;A133;Type 1;A;1;10;0;1
2026-04-29;43;A134;Type 1;A;1;10;0;1
2026-04-29;44;A135;Type 1;A;1;15;0;1
2026-04-29;45;A136;Type 3;A;1;10;1;0
2026-04-29;46;A137;Type 4;A;1;20;1;0
2026-04-29;47;A138;Type 1;A;1;10;0;1
2026-04-29;48;A139;Type 1;A;1;30;1;0
2026-04-29;49;A140;Type 1;A;1;10;0;1
2026-04-29;50;A141;Type 1;A;1;25;0;1
2026-04-29;51;A142;Type 4;A;1;15;0;1
2026-04-29;52;A143;Type 3;A;1;10;1;0
2026-04-29;53;A144;Type 1;A;1;25;1;0
2026-04-29;54;A145;Type 3;A;1;20;1;0
2026-04-29;55;A146;Type 1;A;1;20;1;0
2026-04-29;56;A147;Type 2;A;1;15;1;0
2026-04-29;57;A148;Type 3;A;1;20;1;0
2026-04-29;58;A149;Type 1;A;1;10;0;1
2026-04-29;59;A150;Type 2;A;1;15;0;1
2026-04-29;60;A201;Type 1;A;2;20;0;1
2026-04-29;61;A202;Type 2;A;2;15;0;1
2026-04-29;62;A203;Type 3;A;2;10;0;1
2026-04-29;63;A204;Type 1;A;2;20;0;1
2026-04-29;64;A205;Type 1;A;2;10;0;1
2026-04-29;65;A206;Type 2;A;2;15;1;0
2026-04-29;66;A207;Type 2;A;2;10;0;1
2026-04-29;67;A208;Type 1;A;2;10;1;0
2026-04-29;68;A209;Type 1;A;2;10;0;1
2026-04-29;69;A210;Type 3;A;2;20;0;1
2026-04-29;70;A211;Type 1;A;2;20;1;0
2026-04-29;71;A212;Type 1;A;2;25;0;1
2026-04-29;72;A213;Type 1;A;2;10;1;0
2026-04-29;73;A214;Type 2;A;2;10;0;1
2026-04-29;74;A215;Type 2;A;2;15;0;1
2026-04-29;75;A216;Type 3;A;2;15;0;1
2026-04-29;76;A217;Type 2;A;2;10;0;1
2026-04-29;77;A218;Type 1;A;2;15;1;0
2026-04-29;78;A219;Type 1;A;2;20;1;0
2026-04-29;79;A220;Type 2;A;2;20;1;0
2026-04-29;80;A221;Type 4;A;2;10;1;0
2026-04-29;81;A222;Type 3;A;2;10;0;1
2026-04-29;82;A223;Type 2;A;2;10;1;0
2026-04-29;83;A224;Type 2;A;2;25;0;1
2026-04-29;84;A225;Type 2;A;2;10;0;1
2026-04-29;85;A226;Type 2;A;2;15;0;1
2026-04-29;86;A227;Type 1;A;2;10;1;0
2026-04-29;87;A228;Type 1;A;2;10;1;0
2026-04-29;88;A229;Type 3;A;2;10;0;1
2026-04-29;89;A230;Type 1;A;2;15;0;1
2026-04-29;90;A231;Type 2;A;2;10;0;1
2026-04-29;91;A232;Type 1;A;2;10;0;1
2026-04-29;92;A233;Type 2;A;2;15;0;1
2026-04-29;93;A234;Type 1;A;2;15;1;0
2026-04-29;94;A235;Type 1;A;2;15;1;0
2026-04-29;95;A236;Type 2;A;2;10;0;1
2026-04-29;96;A237;Type 3;A;2;10;1;0
2026-04-29;97;A238;Type 3;A;2;20;1;0
2026-04-29;98;A239;Type 4;A;2;20;1;0
2026-04-29;99;A240;Type 2;A;2;10;1;0
2026-04-29;100;B001;Type 1;B;0;15;1;0
2026-04-29;101;B002;Type 1;B;0;15;0;1
2026-04-29;102;B003;Type 2;B;0;10;0;1
2026-04-29;103;B004;Type 2;B;0;15;1;0
2026-04-29;104;B005;Type 3;B;0;30;1;0
2026-04-29;105;B006;Type 3;B;0;25;1;0
2026-04-29;106;B007;Type 2;B;0;15;1;0
2026-04-29;107;B008;Type 3;B;0;25;0;1
2026-04-29;108;B009;Type 4;B;0;50;1;0
2026-04-29;109;B010;Type 2;B;0;20;0;1
2026-04-29;110;B011;Type 1;B;0;25;0;1
2026-04-29;111;B012;Type 2;B;0;20;1;0
2026-04-29;112;B013;Type 1;B;0;20;1;0
2026-04-29;113;B014;Type 2;B;0;25;0;1
2026-04-29;114;B015;Type 2;B;0;30;0;1
2026-04-29;115;B016;Type 3;B;0;30;0;1
2026-04-29;116;B017;Type 1;B;0;15;1;0
2026-04-29;117;B018;Type 1;B;0;10;1;0
2026-04-29;118;B019;Type 4;B;0;20;0;1
2026-04-29;119;B020;Type 1;B;0;20;0;1
2026-04-29;120;B101;Type 1;B;1;25;1;0
2026-04-29;121;B102;Type 1;B;1;20;0;1
2026-04-29;122;B103;Type 2;B;1;15;0;1
2026-04-29;123;B104;Type 3;B;1;15;0;1
2026-04-29;124;B105;Type 1;B;1;25;1;0
2026-04-29;125;B106;Type 1;B;1;25;1;0
2026-04-29;126;B107;Type 4;B;1;20;0;1
2026-04-29;127;B108;Type 2;B;1;15;0;1
2026-04-29;128;B109;Type 2;B;1;20;1;0
2026-04-29;129;B110;Type 1;B;1;15;1;0
2026-04-29;130;B111;Type 2;B;1;15;1;0
2026-04-29;131;B112;Type 1;B;1;30;0;1
2026-04-29;132;B113;Type 1;B;1;20;1;0
2026-04-29;133;B114;Type 3;B;1;10;0;1
2026-04-29;134;B115;Type 3;B;1;20;1;0
2026-04-29;135;B116;Type 1;B;1;20;1;0
2026-04-29;136;B117;Type 5;B;1;20;0;1
2026-04-29;137;B118;Type 2;B;1;25;1;0
2026-04-29;138;B119;Type 1;B;1;15;0;1
2026-04-29;139;B120;Type 1;B;1;20;1;0
2026-04-29;140;B121;Type 1;B;1;10;1;0
2026-04-29;141;B122;Type 2;B;1;20;1;0
2026-04-29;142;B123;Type 1;B;1;25;1;0
2026-04-29;143;B124;Type 2;B;1;30;1;0
2026-04-29;144;B125;Type 2;B;1;20;1;0
2026-04-29;145;B126;Type 1;B;1;20;0;1
2026-04-29;146;B127;Type 1;B;1;15;1;0
2026-04-29;147;B128;Type 4;B;1;25;0;1
2026-04-29;148;B129;Type 1;B;1;15;1;0
2026-04-29;149;B130;Type 2;B;1;25;1;0
2026-04-29;150;B131;Type 1;B;1;30;0;1
2026-04-29;151;B132;Type 2;B;1;20;0;1
2026-04-29;152;B133;Type 1;B;1;35;0;1
2026-04-29;153;B134;Type 2;B;1;20;0;1
2026-04-29;154;B135;Type 1;B;1;15;0;1
2026-04-29;155;B136;Type 2;B;1;10;1;0
2026-04-29;156;B137;Type 2;B;1;20;0;1
2026-04-29;157;B138;Type 3;B;1;25;0;1
2026-04-29;158;B139;Type 3;B;1;15;1;0
2026-04-29;159;B140;Type 4;B;1;20;0;1
2026-04-29;160;B141;Type 1;B;1;25;1;0
2026-04-29;161;B142;Type 3;B;1;20;0;1
2026-04-29;162;B143;Type 3;B;1;25;1;0
2026-04-29;163;B144;Type 3;B;1;10;1;0
2026-04-29;164;B145;Type 2;B;1;20;0;1
2026-04-29;165;B146;Type 1;B;1;15;1;0
2026-04-29;166;B147;Type 3;B;1;15;1;0
2026-04-29;167;B148;Type 1;B;1;30;0;1
2026-04-29;168;B149;Type 2;B;1;15;1;0
2026-04-29;169;B150;Type 4;B;1;20;0;1
2026-04-29;170;B151;Type 5;B;1;20;0;1
2026-04-29;171;B152;Type 3;B;1;25;1;0
2026-04-29;172;B153;Type 2;B;1;30;1;0
2026-04-29;173;B154;Type 1;B;1;35;1;0
2026-04-29;174;B155;Type 3;B;1;45;0;1
2026-04-29;175;B156;Type 2;B;1;20;0;1
2026-04-29;176;B157;Type 1;B;1;20;0;1
2026-04-29;177;B158;Type 4;B;1;40;0;1
2026-04-29;178;B159;Type 1;B;1;25;1;0
2026-04-29;179;B160;Type 3;B;1;20;1;0
2026-04-29;180;B161;Type 2;B;1;20;0;1
2026-04-29;181;B162;Type 1;B;1;25;0;1
2026-04-29;182;B163;Type 2;B;1;20;0;1
2026-04-29;183;B164;Type 1;B;1;35;0;1
2026-04-29;184;B165;Type 3;B;1;10;1;0
2026-04-29;185;B166;Type 1;B;1;30;1;0
2026-04-29;186;B167;Type 2;B;1;20;1;0
2026-04-29;187;B168;Type 3;B;1;30;1;0
2026-04-29;188;B169;Type 3;B;1;25;1;0
2026-04-29;189;B170;Type 1;B;1;20;0;1
2026-04-29;190;B171;Type 2;B;1;20;0;1
2026-04-29;191;B172;Type 2;B;1;20;0;1
2026-04-29;192;B173;Type 1;B;1;10;1;0
2026-04-29;193;B174;Type 1;B;1;20;0;1
2026-04-29;194;B175;Type 1;B;1;15;0;1
2026-04-29;195;B176;Type 1;B;1;25;1;0
2026-04-29;196;B177;Type 1;B;1;10;0;1
2026-04-29;197;B178;Type 1;B;1;25;0;1
2026-04-29;198;B179;Type 1;B;1;15;0;1
2026-04-29;199;B180;Type 3;B;1;20;1;0
2026-04-29;200;B201;Type 4;B;2;15;1;0
2026-04-29;201;B202;Type 1;B;2;30;1;0
2026-04-29;202;B203;Type 1;B;2;15;0;1
2026-04-29;203;B204;Type 1;B;2;15;0;1
2026-04-29;204;B205;Type 2;B;2;25;1;0
2026-04-29;205;B206;Type 2;B;2;25;0;1
2026-04-29;206;B207;Type 2;B;2;15;0;1
2026-04-29;207;B208;Type 1;B;2;10;1;0
2026-04-29;208;B209;Type 1;B;2;25;1;0
2026-04-29;209;B210;Type 4;B;2;25;0;1
2026-04-29;210;B211;Type 3;B;2;15;0;1
2026-04-29;211;B212;Type 4;B;2;20;1;0
2026-04-29;212;B213;Type 5;B;2;25;0;1
2026-04-29;213;B214;Type 1;B;2;15;0;1
2026-04-29;214;B215;Type 1;B;2;25;1;0
2026-04-29;215;B216;Type 1;B;2;20;1;0
2026-04-29;216;B217;Type 3;B;2;25;0;1
2026-04-29;217;B218;Type 2;B;2;20;0;1
2026-04-29;218;B219;Type 3;B;2;10;1;0
2026-04-29;219;B220;Type 3;B;2;25;0;1
2026-04-29;220;B221;Type 2;B;2;20;1;0
2026-04-29;221;B222;Type 3;B;2;25;0;1
2026-04-29;222;B223;Type 4;B;2;30;0;1
2026-04-29;223;B224;Type 3;B;2;15;1;0
2026-04-29;224;B225;Type 1;B;2;20;1;0
2026-04-29;225;B226;Type 1;B;2;15;0;1
2026-04-29;226;B227;Type 1;B;2;20;0;1
2026-04-29;227;B228;Type 3;B;2;10;1;0
2026-04-29;228;B229;Type 2;B;2;25;1;0
2026-04-29;229;B230;Type 3;B;2;15;1;0
2026-04-29;230;B231;Type 1;B;2;20;1;0
2026-04-29;231;B232;Type 2;B;2;25;1;0
2026-04-29;232;B233;Type 2;B;2;25;0;1
2026-04-29;233;B234;Type 3;B;2;10;1;0
2026-04-29;234;B235;Type 3;B;2;15;0;1
2026-04-29;235;B236;Type 3;B;2;20;1;0
2026-04-29;236;B237;Type 1;B;2;15;0;1
2026-04-29;237;B238;Type 1;B;2;25;1;0
2026-04-29;238;B239;Type 2;B;2;25;1;0
2026-04-29;239;B240;Type 1;B;2;15;1;0
2026-04-29;240;B241;Type 1;B;2;20;0;1
2026-04-29;241;B242;Type 2;B;2;10;1;0
2026-04-29;242;B243;Type 1;B;2;20;1;0
2026-04-29;243;B244;Type 5;B;2;20;1;0
2026-04-29;244;B245;Type 3;B;2;35;1;0
2026-04-29;245;B246;Type 3;B;2;55;1;0
2026-04-29;246;B247;Type 2;B;2;10;0;1
2026-04-29;247;B248;Type 1;B;2;15;0;1
2026-04-29;248;B249;Type 1;B;2;20;1;0
2026-04-29;249;B250;Type 2;B;2;15;0;1
2026-04-29;250;B251;Type 3;B;2;25;0;1
2026-04-29;251;B252;Type 4;B;2;10;0;1
2026-04-29;252;B253;Type 1;B;2;20;1;0
2026-04-29;253;B254;Type 1;B;2;20;0;1
2026-04-29;254;B255;Type 2;B;2;20;1;0
2026-04-29;255;B256;Type 5;B;2;25;1;0
2026-04-29;256;B257;Type 3;B;2;10;1;0
2026-04-29;257;B258;Type 2;B;2;20;0;1
2026-04-29;258;B259;Type 2;B;2;30;0;1
2026-04-29;259;B260;Type 1;B;2;25;0;1
2026-04-29;260;B261;Type 2;B;2;15;0;1
2026-04-29;261;B262;Type 1;B;2;20;1;0
2026-04-29;262;B263;Type 2;B;2;15;1;0
2026-04-29;263;B264;Type 2;B;2;25;1;0
2026-04-29;264;B265;Type 2;B;2;20;1;0
2026-04-29;265;B266;Type 2;B;2;20;1;0
2026-04-29;266;B267;Type 3;B;2;15;0;1
2026-04-29;267;B268;Type 2;B;2;15;1;0
2026-04-29;268;B269;Type 1;B;2;20;1;0
2026-04-29;269;B270;Type 2;B;2;20;0;1
2026-04-29;270;B271;Type 1;B;2;10;1;0
2026-04-29;271;B272;Type 1;B;2;15;1;0
2026-04-29;272;B273;Type 1;B;2;30;1;0
2026-04-29;273;B274;Type 1;B;2;15;0;1
2026-04-29;274;B275;Type 3;B;2;25;1;0
2026-04-29;275;B276;Type 2;B;2;25;0;1
2026-04-29;276;B277;Type 3;B;2;20;0;1
2026-04-29;277;B278;Type 3;B;2;25;1;0
2026-04-29;278;B279;Type 1;B;2;15;0;1
2026-04-29;279;B280;Type 1;B;2;35;0;1
2026-04-29;280;B281;Type 3;B;2;25;0;1
2026-04-29;281;B282;Type 2;B;2;10;0;1
2026-04-29;282;B283;Type 2;B;2;20;0;1
2026-04-29;283;B284;Type 3;B;2;15;1;0
2026-04-29;284;B285;Type 3;B;2;15;1;0
2026-04-29;285;B286;Type 2;B;2;25;1;0
2026-04-29;286;B287;Type 2;B;2;15;1;0
2026-04-29;287;B288;Type 2;B;2;15;0;1
2026-04-29;288;B289;Type 2;B;2;25;0;1
2026-04-29;289;B290;Type 4;B;2;15;1;0
2026-04-29;290;B291;Type 1;B;2;15;1;0
2026-04-29;291;B292;Type 3;B;2;35;1;0
2026-04-29;292;B293;Type 2;B;2;15;1;0
2026-04-29;293;B294;Type 1;B;2;20;1;0
2026-04-29;294;B295;Type 2;B;2;10;1;0
2026-04-29;295;B296;Type 3;B;2;20;1;0
2026-04-29;296;B297;Type 2;B;2;45;1;0
2026-04-29;297;B298;Type 1;B;2;15;0;1
2026-04-29;298;B299;Type 1;B;2;20;1;0
2026-04-29;299;B301;Type 3;B;3;10;0;1
2026-04-29;300;B302;Type 3;B;3;25;0;1
2026-04-29;301;B303;Type 3;B;3;20;1;0
2026-04-29;302;B304;Type 2;B;3;20;1;0
2026-04-29;303;B305;Type 2;B;3;20;1;0
2026-04-29;304;B306;Type 3;B;3;30;0;1
2026-04-29;305;B307;Type 1;B;3;20;0;1
2026-04-29;306;B308;Type 1;B;3;20;1;0
2026-04-29;307;B309;Type 4;B;3;20;0;1
2026-04-29;308;B310;Type 2;B;3;35;1;0
2026-04-29;309;B311;Type 2;B;3;15;0;1
2026-04-29;310;B312;Type 3;B;3;25;1;0
2026-04-29;311;B313;Type 1;B;3;15;0;1
2026-04-29;312;B314;Type 2;B;3;10;1;0
2026-04-29;313;B315;Type 1;B;3;10;0;1
2026-04-29;314;B316;Type 1;B;3;40;0;1
2026-04-29;315;B317;Type 3;B;3;25;1;0
2026-04-29;316;B318;Type 2;B;3;20;0;1
2026-04-29;317;B319;Type 2;B;3;10;0;1
2026-04-29;318;B320;Type 1;B;3;15;1;0
2026-04-29;319;B321;Type 5;B;3;20;0;1
2026-04-29;320;B322;Type 1;B;3;30;1;0
2026-04-29;321;B323;Type 2;B;3;30;1;0
2026-04-29;322;B324;Type 2;B;3;25;0;1
2026-04-29;323;B325;Type 1;B;3;10;0;1
2026-04-29;324;B326;Type 1;B;3;25;1;0
2026-04-29;325;B327;Type 4;B;3;25;1;0
2026-04-29;326;B328;Type 2;B;3;15;1;0
2026-04-29;327;B329;Type 3;B;3;15;0;1
2026-04-29;328;B330;Type 1;B;3;15;1;0
2026-04-29;329;B331;Type 1;B;3;30;0;1
2026-04-29;330;B332;Type 1;B;3;25;1;0
2026-04-29;331;B333;Type 3;B;3;20;0;1
2026-04-29;332;B334;Type 2;B;3;25;1;0
2026-04-29;333;B335;Type 2;B;3;20;0;1
2026-04-29;334;B336;Type 2;B;3;30;0;1
2026-04-29;335;B337;Type 2;B;3;20;0;1
2026-04-29;336;B338;Type 1;B;3;15;1;0
2026-04-29;337;B339;Type 2;B;3;20;1;0
2026-04-29;338;B340;Type 1;B;3;20;0;1
2026-04-29;339;B341;Type 2;B;3;30;0;1
2026-04-29;340;B342;Type 2;B;3;15;0;1
2026-04-29;341;B343;Type 2;B;3;15;0;1
2026-04-29;342;B344;Type 2;B;3;10;0;1
2026-04-29;343;B345;Type 1;B;3;20;0;1
2026-04-29;344;B346;Type 3;B;3;15;0;1
2026-04-29;345;B347;Type 2;B;3;10;1;0
2026-04-29;346;B348;Type 1;B;3;15;1;0
2026-04-29;347;B349;Type 2;B;3;15;0;1
2026-04-29;348;B350;Type 1;B;3;20;0;1
2026-04-29;349;B351;Type 1;B;3;10;0;1
2026-04-29;350;B352;Type 2;B;3;20;1;0
2026-04-29;351;B353;Type 3;B;3;15;1;0
2026-04-29;352;B354;Type 2;B;3;20;0;1
2026-04-29;353;B355;Type 2;B;3;10;0;1
2026-04-29;354;B356;Type 2;B;3;30;1;0
2026-04-29;355;B357;Type 2;B;3;15;0;1
2026-04-29;356;B358;Type 2;B;3;15;0;1
2026-04-29;357;B359;Type 1;B;3;10;0;1
2026-04-29;358;B360;Type 1;B;3;10;0;1
2026-04-29;359;B361;Type 1;B;3;25;0;1
2026-04-29;360;B362;Type 1;B;3;20;0;1
2026-04-29;361;B363;Type 5;B;3;20;0;1
2026-04-29;362;B364;Type 2;B;3;35;0;1
2026-04-29;363;B365;Type 2;B;3;20;1;0
2026-04-29;364;B366;Type 1;B;3;15;0;1
2026-04-29;365;B367;Type 2;B;3;15;1;0
2026-04-29;366;B368;Type 5;B;3;20;0;1
2026-04-29;367;B369;Type 2;B;3;15;1;0
2026-04-29;368;B370;Type 1;B;3;20;0;1
2026-04-29;369;B371;Type 2;B;3;15;0;1
2026-04-29;370;B372;Type 2;B;3;20;0;1
2026-04-29;371;B373;Type 3;B;3;15;0;1
2026-04-29;372;B374;Type 2;B;3;15;0;1
2026-04-29;373;B375;Type 3;B;3;15;0;1
2026-04-29;374;B376;Type 2;B;3;15;0;1
2026-04-29;375;B377;Type 1;B;3;20;1;0
2026-04-29;376;B378;Type 1;B;3;20;0;1
2026-04-29;377;B379;Type 2;B;3;15;1;0
2026-04-29;378;B380;Type 1;B;3;25;1;0
2026-04-29;379;B381;Type 2;B;3;25;1;0
2026-04-29;380;B382;Type 2;B;3;25;0;1
2026-04-29;381;B383;Type 1;B;3;35;1;0
2026-04-29;382;B384;Type 1;B;3;15;0;1
2026-04-29;383;B385;Type 1;B;3;20;1;0
2026-04-29;384;B386;Type 1;B;3;20;0;1
2026-04-29;385;B387;Type 2;B;3;15;1;0
2026-04-29;386;B388;Type 3;B;3;25;1;0
2026-04-29;387;B389;Type 3;B;3;20;0;1
2026-04-29;388;B390;Type 1;B;3;25;0;1
2026-04-29;389;B391;Type 2;B;3;25;0;1
2026-04-29;390;B392;Type 1;B;3;25;1;0
2026-04-29;391;B393;Type 2;B;3;20;0;1
2026-04-29;392;B394;Type 3;B;3;15;1;0
2026-04-29;393;B395;Type 1;B;3;35;1;0
2026-04-29;394;B396;Type 1;B;3;15;1;0
2026-04-29;395;B397;Type 4;B;3;10;0;1
2026-04-29;396;B398;Type 1;B;3;25;1;0
2026-04-29;397;C001;Type 2;C;0;15;0;1
2026-04-29;398;C002;Type 1;C;0;15;0;1
2026-04-29;399;C003;Type 2;C;0;15;1;0
2026-04-29;400;C004;Type 1;C;0;40;0;1
2026-04-29;401;C005;Type 2;C;0;20;0;1
2026-04-29;402;C006;Type 1;C;0;15;1;0
2026-04-29;403;C007;Type 2;C;0;15;0;1
2026-04-29;404;C008;Type 3;C;0;20;1;0
2026-04-29;405;C009;Type 2;C;0;20;1;0
2026-04-29;406;C010;Type 1;C;0;20;0;1
2026-04-29;407;C011;Type 1;C;0;25;1;0
2026-04-29;408;C012;Type 3;C;0;20;0;1
2026-04-29;409;C013;Type 1;C;0;10;1;0
2026-04-29;410;C014;Type 3;C;0;10;1;0
2026-04-29;411;C015;Type 1;C;0;20;0;1
2026-04-29;412;C016;Type 4;C;0;10;0;1
2026-04-29;413;C017;Type 2;C;0;10;0;1
2026-04-29;414;C018;Type 2;C;0;25;0;1
2026-04-29;415;C019;Type 1;C;0;20;0;1
2026-04-29;416;C020;Type 2;C;0;25;1;0
2026-04-29;417;C101;Type 2;C;1;20;0;1
2026-04-29;418;C102;Type 2;C;1;30;0;1
2026-04-29;419;C103;Type 3;C;1;15;1;0
2026-04-29;420;C104;Type 2;C;1;20;0;1
2026-04-29;421;C105;Type 2;C;1;15;1;0
2026-04-29;422;C106;Type 2;C;1;20;0;1
2026-04-29;423;C107;Type 2;C;1;20;1;0
2026-04-29;424;C108;Type 4;C;1;20;1;0
2026-04-29;425;C109;Type 2;C;1;25;0;1
2026-04-29;426;C110;Type 2;C;1;40;0;1
2026-04-29;427;C111;Type 3;C;1;20;1;0
2026-04-29;428;C112;Type 1;C;1;15;0;1
2026-04-29;429;C113;Type 1;C;1;20;0;1
2026-04-29;430;C114;Type 1;C;1;25;0;1
2026-04-29;431;C115;Type 2;C;1;15;1;0
2026-04-29;432;C116;Type 1;C;1;10;0;1
2026-04-29;433;C117;Type 1;C;1;10;1;0
2026-04-29;434;C118;Type 1;C;1;10;0;1
2026-04-29;435;C119;Type 3;C;1;15;0;1
2026-04-29;436;C120;Type 4;C;1;30;0;1
2026-04-29;437;C121;Type 2;C;1;15;0;1
2026-04-29;438;C122;Type 3;C;1;25;0;1
2026-04-29;439;C123;Type 3;C;1;25;1;0
2026-04-29;440;C124;Type 1;C;1;20;1;0
2026-04-29;441;C125;Type 1;C;1;20;1;0
2026-04-29;442;C126;Type 3;C;1;10;0;1
2026-04-29;443;C127;Type 1;C;1;20;0;1
2026-04-29;444;C128;Type 3;C;1;15;1;0
2026-04-29;445;C129;Type 2;C;1;20;1;0
2026-04-29;446;C130;Type 1;C;1;15;1;0
2026-04-29;447;C131;Type 3;C;1;30;1;0
2026-04-29;448;C132;Type 2;C;1;15;1;0
2026-04-29;449;C133;Type 3;C;1;25;0;1
2026-04-29;450;C134;Type 1;C;1;15;0;1
2026-04-29;451;C135;Type 2;C;1;25;1;0
2026-04-29;452;C136;Type 1;C;1;20;1;0
2026-04-29;453;C137;Type 3;C;1;25;0;1
2026-04-29;454;C138;Type 3;C;1;10;0;1
2026-04-29;455;C139;Type 2;C;1;25;1;0
2026-04-29;456;C140;Type 2;C;1;25;0;1
2026-04-29;457;C141;Type 2;C;1;10;1;0
2026-04-29;458;C142;Type 1;C;1;15;0;1
2026-04-29;459;C143;Type 1;C;1;25;1;0
2026-04-29;460;C144;Type 2;C;1;20;0;1
2026-04-29;461;C145;Type 1;C;1;30;0;1
2026-04-29;462;C146;Type 2;C;1;25;1;0
2026-04-29;463;C147;Type 3;C;1;15;1;0
2026-04-29;464;C148;Type 3;C;1;15;0;1
2026-04-29;465;C149;Type 1;C;1;30;1;0
2026-04-29;466;C150;Type 2;C;1;15;1;0
2026-04-29;467;C151;Type 2;C;1;20;0;1
2026-04-29;468;C152;Type 1;C;1;25;1;0
2026-04-29;469;C153;Type 1;C;1;25;0;1
2026-04-29;470;C154;Type 1;C;1;20;0;1
2026-04-29;471;C155;Type 1;C;1;25;0;1
2026-04-29;472;C156;Type 1;C;1;20;0;1
2026-04-29;473;C157;Type 2;C;1;35;0;1
2026-04-29;474;C158;Type 1;C;1;25;1;0
2026-04-29;475;C159;Type 2;C;1;25;0;1
2026-04-29;476;C160;Type 1;C;1;10;0;1
2026-04-29;477;C161;Type 1;C;1;20;1;0
2026-04-29;478;C162;Type 3;C;1;25;0;1
2026-04-29;479;C163;Type 2;C;1;15;1;0
2026-04-29;480;C164;Type 2;C;1;15;1;0
2026-04-29;481;C165;Type 1;C;1;40;0;1
2026-04-29;482;C166;Type 4;C;1;15;1;0
2026-04-29;483;C167;Type 2;C;1;25;1;0
2026-04-29;484;C168;Type 1;C;1;35;1;0
2026-04-29;485;C169;Type 3;C;1;20;1;0
2026-04-29;486;C170;Type 2;C;1;20;0;1
2026-04-29;487;C171;Type 3;C;1;30;0;1
2026-04-29;488;C172;Type 2;C;1;15;0;1
2026-04-29;489;C173;Type 1;C;1;20;1;0
2026-04-29;490;C174;Type 1;C;1;25;1;0
2026-04-29;491;C175;Type 1;C;1;20;1;0
2026-04-29;492;C176;Type 2;C;1;15;0;1
2026-04-29;493;C177;Type 5;C;1;25;0;1
2026-04-29;494;C178;Type 1;C;1;20;0;1
2026-04-29;495;C179;Type 2;C;1;30;0;1
2026-04-29;496;C180;Type 1;C;1;25;0;1
2026-04-29;497;C201;Type 1;C;2;20;0;1
2026-04-29;498;C202;Type 3;C;2;20;0;1
2026-04-29;499;C203;Type 3;C;2;20;0;1
2026-04-29;500;C204;Type 1;C;2;15;1;0
2026-04-29;501;C205;Type 2;C;2;20;1;0
2026-04-29;502;C206;Type 2;C;2;25;1;0
2026-04-29;503;C207;Type 3;C;2;25;0;1
2026-04-29;504;C208;Type 1;C;2;25;0;1
2026-04-29;505;C209;Type 1;C;2;20;0;1
2026-04-29;506;C210;Type 1;C;2;15;0;1
2026-04-29;507;C211;Type 5;C;2;35;0;1
2026-04-29;508;C212;Type 2;C;2;15;1;0
2026-04-29;509;C213;Type 4;C;2;20;0;1
2026-04-29;510;C214;Type 1;C;2;25;1;0
2026-04-29;511;C215;Type 2;C;2;15;0;1
2026-04-29;512;C216;Type 2;C;2;30;1;0
2026-04-29;513;C217;Type 2;C;2;10;0;1
2026-04-29;514;C218;Type 3;C;2;25;0;1
2026-04-29;515;C219;Type 1;C;2;10;0;1
2026-04-29;516;C220;Type 1;C;2;15;1;0
2026-04-29;517;C221;Type 3;C;2;25;0;1
2026-04-29;518;C222;Type 5;C;2;20;0;1
2026-04-29;519;C223;Type 1;C;2;20;0;1
2026-04-29;520;C224;Type 2;C;2;20;0;1
2026-04-29;521;C225;Type 2;C;2;25;1;0
2026-04-29;522;C226;Type 1;C;2;10;0;1
2026-04-29;523;C227;Type 1;C;2;20;0;1
2026-04-29;524;C228;Type 3;C;2;40;0;1
2026-04-29;525;C229;Type 2;C;2;30;1;0
2026-04-29;526;C230;Type 2;C;2;35;1;0
2026-04-29;527;C231;Type 3;C;2;20;1;0
2026-04-29;528;C232;Type 1;C;2;25;0;1
2026-04-29;529;C233;Type 4;C;2;15;0;1
2026-04-29;530;C234;Type 5;C;2;20;1;0
2026-04-29;531;C235;Type 2;C;2;10;1;0
2026-04-29;532;C236;Type 1;C;2;20;1;0
2026-04-29;533;C237;Type 1;C;2;30;1;0
2026-04-29;534;C238;Type 1;C;2;10;0;1
2026-04-29;535;C239;Type 3;C;2;15;1;0
2026-04-29;536;C240;Type 2;C;2;15;0;1
2026-04-29;537;C241;Type 2;C;2;30;1;0
2026-04-29;538;C242;Type 2;C;2;15;1;0
2026-04-29;539;C243;Type 3;C;2;15;1;0
2026-04-29;540;C244;Type 3;C;2;15;0;1
2026-04-29;541;C245;Type 4;C;2;25;1;0
2026-04-29;542;C246;Type 2;C;2;25;1;0
2026-04-29;543;C247;Type 1;C;2;20;1;0
2026-04-29;544;C248;Type 2;C;2;10;0;1
2026-04-29;545;C249;Type 2;C;2;20;1;0
2026-04-29;546;C250;Type 3;C;2;30;1;0
2026-04-29;547;C251;Type 2;C;2;50;1;0
2026-04-29;548;C252;Type 1;C;2;15;1;0
2026-04-29;549;C253;Type 2;C;2;25;0;1
2026-04-29;550;C254;Type 1;C;2;20;0;1
2026-04-29;551;C255;Type 2;C;2;15;0;1
2026-04-29;552;C256;Type 1;C;2;15;1;0
2026-04-29;553;C257;Type 2;C;2;20;1;0
2026-04-29;554;C258;Type 2;C;2;25;0;1
2026-04-29;555;C259;Type 4;C;2;25;0;1
2026-04-29;556;C260;Type 3;C;2;20;0;1
2026-04-29;557;C261;Type 2;C;2;15;1;0
2026-04-29;558;C262;Type 1;C;2;20;0;1
2026-04-29;559;C263;Type 2;C;2;20;1;0
2026-04-29;560;C264;Type 2;C;2;10;0;1
2026-04-29;561;C265;Type 1;C;2;15;1;0
2026-04-29;562;C266;Type 1;C;2;20;0;1
2026-04-29;563;C267;Type 1;C;2;15;0;1
2026-04-29;564;C268;Type 1;C;2;25;0;1
2026-04-29;565;C269;Type 1;C;2;25;1;0
2026-04-29;566;C270;Type 3;C;2;25;1;0
2026-04-29;567;C271;Type 4;C;2;20;0;1
2026-04-29;568;C272;Type 3;C;2;15;0;1
2026-04-29;569;C273;Type 3;C;2;25;1;0
2026-04-29;570;C274;Type 2;C;2;10;1;0
2026-04-29;571;C275;Type 1;C;2;25;1;0
2026-04-29;572;C276;Type 2;C;2;25;1;0
2026-04-29;573;C277;Type 1;C;2;20;0;1
2026-04-29;574;C278;Type 1;C;2;10;1;0
2026-04-29;575;C279;Type 1;C;2;10;0;1
2026-04-29;576;C280;Type 2;C;2;15;0;1
2026-04-29;577;C281;Type 1;C;2;20;0;1
2026-04-29;578;C282;Type 1;C;2;15;0;1
2026-04-29;579;C283;Type 2;C;2;15;0;1
2026-04-29;580;C284;Type 2;C;2;15;0;1
2026-04-29;581;C285;Type 1;C;2;20;0;1
2026-04-29;582;C286;Type 3;C;2;10;1;0
2026-04-29;583;C287;Type 1;C;2;20;0;1
2026-04-29;584;C288;Type 1;C;2;20;0;1
2026-04-29;585;C289;Type 2;C;2;10;0;1
2026-04-29;586;C290;Type 2;C;2;20;0;1
2026-04-29;587;C291;Type 5;C;2;10;1;0
2026-04-29;588;C292;Type 2;C;2;30;1;0
2026-04-29;589;C293;Type 3;C;2;15;1;0
2026-04-29;590;C294;Type 1;C;2;10;1;0
2026-04-29;591;C295;Type 1;C;2;20;0;1
2026-04-29;592;C296;Type 2;C;2;30;0;1
2026-04-29;593;C297;Type 4;C;2;30;0;1
2026-04-29;594;C298;Type 2;C;2;10;0;1
2026-04-29;595;C299;Type 2;C;2;30;1;0
2026-04-29;596;C301;Type 1;C;3;15;0;1
2026-04-29;597;C302;Type 1;C;3;30;0;1
2026-04-29;598;C303;Type 4;C;3;15;0;1
2026-04-29;599;C304;Type 2;C;3;20;1;0
2026-04-29;600;C305;Type 4;C;3;15;1;0
2026-04-29;601;C306;Type 3;C;3;30;0;1
2026-04-29;602;C307;Type 1;C;3;20;0;1
2026-04-29;603;C308;Type 2;C;3;15;0;1
2026-04-29;604;C309;Type 2;C;3;15;0;1
2026-04-29;605;C310;Type 3;C;3;20;1;0
2026-04-29;606;C311;Type 2;C;3;10;0;1
2026-04-29;607;C312;Type 2;C;3;15;0;1
2026-04-29;608;C313;Type 2;C;3;15;1;0
2026-04-29;609;C314;Type 2;C;3;20;1;0
2026-04-29;610;C315;Type 3;C;3;25;0;1
2026-04-29;611;C316;Type 2;C;3;15;1;0
2026-04-29;612;C317;Type 1;C;3;25;1;0
2026-04-29;613;C318;Type 2;C;3;30;1;0
2026-04-29;614;C319;Type 2;C;3;15;0;1
2026-04-29;615;C320;Type 1;C;3;30;1;0
2026-04-29;616;C321;Type 2;C;3;15;0;1
2026-04-29;617;C322;Type 2;C;3;10;1;0
2026-04-29;618;C323;Type 3;C;3;15;0;1
2026-04-29;619;C324;Type 1;C;3;25;0;1
2026-04-29;620;C325;Type 3;C;3;15;0;1
2026-04-29;621;C326;Type 4;C;3;15;0;1
2026-04-29;622;C327;Type 3;C;3;15;0;1
2026-04-29;623;C328;Type 2;C;3;20;0;1
2026-04-29;624;C329;Type 3;C;3;15;0;1
2026-04-29;625;C330;Type 2;C;3;30;1;0
2026-04-29;626;C331;Type 4;C;3;10;1;0
2026-04-29;627;C332;Type 3;C;3;20;0;1
2026-04-29;628;C333;Type 1;C;3;35;1;0
2026-04-29;629;C334;Type 1;C;3;15;0;1
2026-04-29;630;C335;Type 1;C;3;30;1;0
2026-04-29;631;C336;Type 5;C;3;10;1;0
2026-04-29;632;C337;Type 2;C;3;25;0;1
2026-04-29;633;C338;Type 1;C;3;20;0;1
2026-04-29;634;C339;Type 1;C;3;30;1;0
2026-04-29;635;C340;Type 2;C;3;20;0;1
2026-04-29;636;C341;Type 1;C;3;20;0;1
2026-04-29;637;C342;Type 3;C;3;10;0;1
2026-04-29;638;C343;Type 2;C;3;25;1;0
2026-04-29;639;C344;Type 1;C;3;20;0;1
2026-04-29;640;C345;Type 3;C;3;35;0;1
2026-04-29;641;C346;Type 3;C;3;15;1;0
2026-04-29;642;C347;Type 1;C;3;20;1;0
2026-04-29;643;C348;Type 1;C;3;25;1;0
2026-04-29;644;C349;Type 2;C;3;15;1;0
2026-04-29;645;C350;Type 1;C;3;15;1;0
2026-04-29;646;C351;Type 2;C;3;25;1;0
2026-04-29;647;C352;Type 2;C;3;10;0;1
2026-04-29;648;C353;Type 1;C;3;15;1;0
2026-04-29;649;C354;Type 3;C;3;20;1;0
2026-04-29;650;C355;Type 2;C;3;25;0;1
2026-04-29;651;C356;Type 3;C;3;15;1;0
2026-04-29;652;C357;Type 2;C;3;15;1;0
2026-04-29;653;C358;Type 1;C;3;15;0;1
2026-04-29;654;C359;Type 2;C;3;10;0;1
2026-04-29;655;C360;Type 1;C;3;30;1;0
2026-04-29;656;C361;Type 1;C;3;25;0;1
2026-04-29;657;C362;Type 2;C;3;20;0;1
2026-04-29;658;C363;Type 2;C;3;20;0;1
2026-04-29;659;C364;Type 1;C;3;10;1;0
2026-04-29;660;C365;Type 2;C;3;30;1;0
2026-04-29;661;C366;Type 1;C;3;20;1;0
2026-04-29;662;C367;Type 1;C;3;20;0;1
2026-04-29;663;C368;Type 1;C;3;15;1;0
2026-04-29;664;C369;Type 1;C;3;15;1;0
2026-04-29;665;C370;Type 1;C;3;25;1;0
2026-04-29;666;C371;Type 2;C;3;10;0;1
2026-04-29;667;C372;Type 4;C;3;25;1;0
2026-04-29;668;C373;Type 1;C;3;25;0;1
2026-04-29;669;C374;Type 5;C;3;25;1;0
2026-04-29;670;C375;Type 1;C;3;15;1;0
2026-04-29;671;C376;Type 3;C;3;30;1;0
2026-04-29;672;C377;Type 1;C;3;20;1;0
2026-04-29;673;C378;Type 2;C;3;25;1;0
2026-04-29;674;C379;Type 2;C;3;10;0;1
2026-04-29;675;C380;Type 1;C;3;10;0;1
2026-04-29;676;C381;Type 5;C;3;15;0;1
2026-04-29;677;C382;Type 1;C;3;20;0;1
2026-04-29;678;C383;Type 3;C;3;30;0;1
2026-04-29;679;C384;Type 2;C;3;25;1;0
2026-04-29;680;C385;Type 3;C;3;15;0;1
2026-04-29;681;C386;Type 2;C;3;15;1;0
2026-04-29;682;C387;Type 1;C;3;25;1;0
2026-04-29;683;C388;Type 3;C;3;10;0;1
2026-04-29;684;C389;Type 2;C;3;25;0;1
2026-04-29;685;C390;Type 4;C;3;20;0;1
2026-04-29;686;C391;Type 1;C;3;25;1;0
2026-04-29;687;C392;Type 2;C;3;20;1;0
2026-04-29;688;C393;Type 2;C;3;15;0;1
2026-04-29;689;C394;Type 5;C;3;20;1;0
2026-04-29;690;C395;Type 1;C;3;20;1;0
2026-04-29;691;C396;Type 3;C;3;25;1;0
2026-04-29;692;C397;Type 1;C;3;35;0;1
2026-04-29;693;C398;Type 3;C;3;15;0;1
2026-04-29;694;C399;Type 2;C;3;20;0;1
2026-04-29;695;C401;Type 2;C;4;15;0;1
2026-04-29;696;C402;Type 1;C;4;25;1;0
2026-04-29;697;C403;Type 2;C;4;15;1;0
2026-04-29;698;C404;Type 1;C;4;15;1;0
2026-04-29;699;C405;Type 1;C;4;20;0;1
2026-04-29;700;C406;Type 2;C;4;10;1;0
2026-04-29;701;C407;Type 4;C;4;15;0;1
2026-04-29;702;C408;Type 2;C;4;20;1;0
2026-04-29;703;C409;Type 4;C;4;20;1;0
2026-04-29;704;C410;Type 3;C;4;15;0;1
2026-04-29;705;C411;Type 2;C;4;10;0;1
2026-04-29;706;C412;Type 2;C;4;20;0;1
2026-04-29;707;C413;Type 1;C;4;10;0;1
2026-04-29;708;C414;Type 1;C;4;20;1;0
2026-04-29;709;C415;Type 2;C;4;10;0;1
2026-04-29;710;C416;Type 1;C;4;15;0;1
2026-04-29;711;C417;Type 1;C;4;15;0;1
2026-04-29;712;C418;Type 1;C;4;20;0;1
2026-04-29;713;C419;Type 2;C;4;15;0;1
2026-04-29;714;C420;Type 2;C;4;15;1;0
2026-04-29;715;C421;Type 1;C;4;25;1;0
2026-04-29;716;C422;Type 1;C;4;25;0;1
2026-04-29;717;C423;Type 2;C;4;15;0;1
2026-04-29;718;C424;Type 2;C;4;15;1;0
2026-04-29;719;C425;Type 2;C;4;15;0;1
2026-04-29;720;C426;Type 3;C;4;15;0;1
2026-04-29;721;C427;Type 2;C;4;10;1;0
2026-04-29;722;C428;Type 3;C;4;35;0;1
2026-04-29;723;C429;Type 3;C;4;15;1;0
2026-04-29;724;C430;Type 2;C;4;10;0;1
2026-04-29;725;C431;Type 2;C;4;10;0;1
2026-04-29;726;C432;Type 2;C;4;25;1;0
2026-04-29;727;C433;Type 2;C;4;20;0;1
2026-04-29;728;C434;Type 1;C;4;25;0;1
2026-04-29;729;C435;Type 1;C;4;20;1;0
2026-04-29;730;C436;Type 2;C;4;20;1;0
2026-04-29;731;C437;Type 2;C;4;15;1;0
2026-04-29;732;C438;Type 3;C;4;15;0;1
2026-04-29;733;C439;Type 2;C;4;10;0;1
2026-04-29;734;C440;Type 2;C;4;10;0;1
2026-04-29;735;C441;Type 1;C;4;10;0;1
2026-04-29;736;C442;Type 1;C;4;20;0;1
2026-04-29;737;C443;Type 1;C;4;20;1;0
2026-04-29;738;C444;Type 3;C;4;25;1;0
2026-04-29;739;C445;Type 1;C;4;15;0;1
2026-04-29;740;C446;Type 2;C;4;15;0;1
2026-04-29;741;C447;Type 2;C;4;15;0;1
2026-04-29;742;C448;Type 1;C;4;20;0;1
2026-04-29;743;C449;Type 1;C;4;20;1;0
2026-04-29;744;C450;Type 2;C;4;40;1;0
2026-04-29;745;C451;Type 1;C;4;25;0;1
2026-04-29;746;C452;Type 2;C;4;25;1;0
2026-04-29;747;C453;Type 2;C;4;15;0;1
2026-04-29;748;C454;Type 1;C;4;10;1;0
2026-04-29;749;C455;Type 1;C;4;20;0;1
2026-04-29;750;C456;Type 2;C;4;25;0;1
2026-04-29;751;C457;Type 4;C;4;10;1;0
2026-04-29;752;C458;Type 1;C;4;20;0;1
2026-04-29;753;C459;Type 1;C;4;25;0;1
2026-04-29;754;C460;Type 1;C;4;15;1;0
2026-04-29;755;C461;Type 3;C;4;15;1;0
2026-04-29;756;C462;Type 1;C;4;20;1;0
2026-04-29;757;C463;Type 1;C;4;20;0;1
2026-04-29;758;C464;Type 4;C;4;25;1;0
2026-04-29;759;C465;Type 1;C;4;10;0;1
2026-04-29;760;C466;Type 3;C;4;15;1;0
2026-04-29;761;C467;Type 1;C;4;25;1;0
2026-04-29;762;C468;Type 1;C;4;10;0;1
2026-04-29;763;C469;Type 1;C;4;15;1;0
2026-04-29;764;C470;Type 2;C;4;30;1;0
2026-04-29;765;C471;Type 2;C;4;10;0;1
2026-04-29;766;C472;Type 2;C;4;30;1;0
2026-04-29;767;C473;Type 1;C;4;20;1;0
2026-04-29;768;C474;Type 1;C;4;20;0;1
2026-04-29;769;C475;Type 2;C;4;10;1;0
2026-04-29;770;C476;Type 3;C;4;20;0;1
2026-04-29;771;C477;Type 1;C;4;15;0;1
2026-04-29;772;C478;Type 2;C;4;25;1;0
2026-04-29;773;C479;Type 2;C;4;10;0;1
2026-04-29;774;C480;Type 2;C;4;25;0;1
2026-04-29;775;C481;Type 1;C;4;20;0;1
2026-04-29;776;C482;Type 3;C;4;15;1;0
2026-04-29;777;C483;Type 1;C;4;30;0;1
2026-04-29;778;C484;Type 2;C;4;20;0;1
2026-04-29;779;C485;Type 2;C;4;30;0;1
2026-04-29;780;C486;Type 4;C;4;35;0;1
2026-04-29;781;C487;Type 2;C;4;25;1;0
2026-04-29;782;C488;Type 1;C;4;30;1;0
2026-04-29;783;C489;Type 2;C;4;20;1;0
2026-04-29;784;C490;Type 3;C;4;10;1;0
2026-04-29;785;C491;Type 1;C;4;20;1;0
2026-04-29;786;C492;Type 1;C;4;15;1;0
2026-04-30;0;A001;Type 3;A;0;10;1;0
2026-04-30;1;A002;Type 2;A;0;10;1;0
2026-04-30;2;A003;Type 3;A;0;10;0;1
2026-04-30;3;A004;Type 4;A;0;15;1;0
2026-04-30;4;A005;Type 1;A;0;10;1;0
2026-04-30;5;A006;Type 2;A;0;10;1;0
2026-04-30;6;A007;Type 2;A;0;10;0;1
2026-04-30;7;A008;Type 2;A;0;15;0;1
2026-04-30;8;A009;Type 2;A;0;25;1;0
2026-04-30;9;A010;Type 2;A;0;10;1;0
2026-04-30;10;A101;Type 2;A;1;10;0;1
2026-04-30;11;A102;Type 3;A;1;25;1;0
2026-04-30;12;A103;Type 4;A;1;15;0;1
2026-04-30;13;A104;Type 3;A;1;15;1;0
2026-04-30;14;A105;Type 2;A;1;15;1;0
2026-04-30;15;A106;Type 3;A;1;10;1;0
2026-04-30;16;A107;Type 2;A;1;10;1;0
2026-04-30;17;A108;Type 2;A;1;20;0;1
2026-04-30;18;A109;Type 2;A;1;10;1;0
2026-04-30;19;A110;Type 1;A;1;10;1;0
2026-04-30;20;A111;Type 1;A;1;15;0;1
2026-04-30;21;A112;Type 2;A;1;15;1;0
2026-04-30;22;A113;Type 3;A;1;10;1;0
2026-04-30;23;A114;Type 1;A;1;10;0;1
2026-04-30;24;A115;Type 2;A;1;15;1;0
2026-04-30;25;A116;Type 1;A;1;20;0;1
2026-04-30;26;A117;Type 1;A;1;10;1;0
2026-04-30;27;A118;Type 2;A;1;10;1;0
2026-04-30;28;A119;Type 1;A;1;10;1;0
2026-04-30;29;A120;Type 3;A;1;10;0;1
2026-04-30;30;A121;Type 3;A;1;15;0;1
2026-04-30;31;A122;Type 1;A;1;10;0;1
2026-04-30;32;A123;Type 2;A;1;10;0;1
2026-04-30;33;A124;Type 3;A;1;10;1;0
2026-04-30;34;A125;Type 3;A;1;10;0;1
2026-04-30;35;A126;Type 1;A;1;15;1;0
2026-04-30;36;A127;Type 2;A;1;20;1;0
2026-04-30;37;A128;Type 2;A;1;20;1;0
2026-04-30;38;A129;Type 2;A;1;10;0;1
2026-04-30;39;A130;Type 1;A;1;15;0;1
2026-04-30;40;A131;Type 4;A;1;15;0;1
2026-04-30;41;A132;Type 3;A;1;25;1;0
2026-04-30;42;A133;Type 1;A;1;10;1;0
2026-04-30;43;A134;Type 1;A;1;10;1;0
2026-04-30;44;A135;Type 1;A;1;15;1;0
2026-04-30;45;A136;Type 3;A;1;10;0;1
2026-04-30;46;A137;Type 4;A;1;20;1;0
2026-04-30;47;A138;Type 1;A;1;10;1;0
2026-04-30;48;A139;Type 1;A;1;30;1;0
2026-04-30;49;A140;Type 1;A;1;10;0;1
2026-04-30;50;A141;Type 1;A;1;25;1;0
2026-04-30;51;A142;Type 4;A;1;15;1;0
2026-04-30;52;A143;Type 3;A;1;10;1;0
2026-04-30;53;A144;Type 1;A;1;25;1;0
2026-04-30;54;A145;Type 3;A;1;20;1;0
2026-04-30;55;A146;Type 1;A;1;20;1;0
2026-04-30;56;A147;Type 2;A;1;15;1;0
2026-04-30;57;A148;Type 3;A;1;20;0;1
2026-04-30;58;A149;Type 1;A;1;10;1;0
2026-04-30;59;A150;Type 2;A;1;15;0;1
2026-04-30;60;A201;Type 1;A;2;20;1;0
2026-04-30;61;A202;Type 2;A;2;15;0;1
2026-04-30;62;A203;Type 3;A;2;10;0;1
2026-04-30;63;A204;Type 1;A;2;20;1;0
2026-04-30;64;A205;Type 1;A;2;10;1;0
2026-04-30;65;A206;Type 2;A;2;15;1;0
2026-04-30;66;A207;Type 2;A;2;10;0;1
2026-04-30;67;A208;Type 1;A;2;10;1;0
2026-04-30;68;A209;Type 1;A;2;10;0;1
2026-04-30;69;A210;Type 3;A;2;20;1;0
2026-04-30;70;A211;Type 1;A;2;20;1;0
2026-04-30;71;A212;Type 1;A;2;25;1;0
2026-04-30;72;A213;Type 1;A;2;10;1;0
2026-04-30;73;A214;Type 2;A;2;10;0;1
2026-04-30;74;A215;Type 2;A;2;15;1;0
2026-04-30;75;A216;Type 3;A;2;15;0;1
2026-04-30;76;A217;Type 2;A;2;10;0;1
2026-04-30;77;A218;Type 1;A;2;15;0;1
2026-04-30;78;A219;Type 1;A;2;20;0;1
2026-04-30;79;A220;Type 2;A;2;20;1;0
2026-04-30;80;A221;Type 4;A;2;10;0;1
2026-04-30;81;A222;Type 3;A;2;10;1;0
2026-04-30;82;A223;Type 2;A;2;10;1;0
2026-04-30;83;A224;Type 2;A;2;25;1;0
2026-04-30;84;A225;Type 2;A;2;10;1;0
2026-04-30;85;A226;Type 2;A;2;15;0;1
2026-04-30;86;A227;Type 1;A;2;10;1;0
2026-04-30;87;A228;Type 1;A;2;10;1;0
2026-04-30;88;A229;Type 3;A;2;10;1;0
2026-04-30;89;A230;Type 1;A;2;15;0;1
2026-04-30;90;A231;Type 2;A;2;10;1;0
2026-04-30;91;A232;Type 1;A;2;10;1;0
2026-04-30;92;A233;Type 2;A;2;15;1;0
2026-04-30;93;A234;Type 1;A;2;15;1;0
2026-04-30;94;A235;Type 1;A;2;15;1;0
2026-04-30;95;A236;Type 2;A;2;10;0;1
2026-04-30;96;A237;Type 3;A;2;10;0;1
2026-04-30;97;A238;Type 3;A;2;20;1;0
2026-04-30;98;A239;Type 4;A;2;20;0;1
2026-04-30;99;A240;Type 2;A;2;10;1;0
2026-04-30;100;B001;Type 1;B;0;15;0;1
2026-04-30;101;B002;Type 1;B;0;15;1;0
2026-04-30;102;B003;Type 2;B;0;10;1;0
2026-04-30;103;B004;Type 2;B;0;15;1;0
2026-04-30;104;B005;Type 3;B;0;30;1;0
2026-04-30;105;B006;Type 3;B;0;25;1;0
2026-04-30;106;B007;Type 2;B;0;15;0;1
2026-04-30;107;B008;Type 3;B;0;25;1;0
2026-04-30;108;B009;Type 4;B;0;50;0;1
2026-04-30;109;B010;Type 2;B;0;20;1;0
2026-04-30;110;B011;Type 1;B;0;25;1;0
2026-04-30;111;B012;Type 2;B;0;20;0;1
2026-04-30;112;B013;Type 1;B;0;20;1;0
2026-04-30;113;B014;Type 2;B;0;25;0;1
2026-04-30;114;B015;Type 2;B;0;30;1;0
2026-04-30;115;B016;Type 3;B;0;30;0;1
2026-04-30;116;B017;Type 1;B;0;15;1;0
2026-04-30;117;B018;Type 1;B;0;10;1;0
2026-04-30;118;B019;Type 4;B;0;20;0;1
2026-04-30;119;B020;Type 1;B;0;20;1;0
2026-04-30;120;B101;Type 1;B;1;25;0;1
2026-04-30;121;B102;Type 1;B;1;20;1;0
2026-04-30;122;B103;Type 2;B;1;15;0;1
2026-04-30;123;B104;Type 3;B;1;15;0;1
2026-04-30;124;B105;Type 1;B;1;25;1;0
2026-04-30;125;B106;Type 1;B;1;25;1;0
2026-04-30;126;B107;Type 4;B;1;20;1;0
2026-04-30;127;B108;Type 2;B;1;15;1;0
2026-04-30;128;B109;Type 2;B;1;20;1;0
2026-04-30;129;B110;Type 1;B;1;15;1;0
2026-04-30;130;B111;Type 2;B;1;15;0;1
2026-04-30;131;B112;Type 1;B;1;30;0;1
2026-04-30;132;B113;Type 1;B;1;20;1;0
2026-04-30;133;B114;Type 3;B;1;10;0;1
2026-04-30;134;B115;Type 3;B;1;20;1;0
2026-04-30;135;B116;Type 1;B;1;20;1;0
2026-04-30;136;B117;Type 5;B;1;20;1;0
2026-04-30;137;B118;Type 2;B;1;25;0;1
2026-04-30;138;B119;Type 1;B;1;15;1;0
2026-04-30;139;B120;Type 1;B;1;20;0;1
2026-04-30;140;B121;Type 1;B;1;10;1;0
2026-04-30;141;B122;Type 2;B;1;20;1;0
2026-04-30;142;B123;Type 1;B;1;25;0;1
2026-04-30;143;B124;Type 2;B;1;30;1;0
2026-04-30;144;B125;Type 2;B;1;20;1;0
2026-04-30;145;B126;Type 1;B;1;20;0;1
2026-04-30;146;B127;Type 1;B;1;15;0;1
2026-04-30;147;B128;Type 4;B;1;25;1;0
2026-04-30;148;B129;Type 1;B;1;15;1;0
2026-04-30;149;B130;Type 2;B;1;25;0;1
2026-04-30;150;B131;Type 1;B;1;30;0;1
2026-04-30;151;B132;Type 2;B;1;20;1;0
2026-04-30;152;B133;Type 1;B;1;35;1;0
2026-04-30;153;B134;Type 2;B;1;20;0;1
2026-04-30;154;B135;Type 1;B;1;15;0;1
2026-04-30;155;B136;Type 2;B;1;10;0;1
2026-04-30;156;B137;Type 2;B;1;20;1;0
2026-04-30;157;B138;Type 3;B;1;25;1;0
2026-04-30;158;B139;Type 3;B;1;15;1;0
2026-04-30;159;B140;Type 4;B;1;20;1;0
2026-04-30;160;B141;Type 1;B;1;25;0;1
2026-04-30;161;B142;Type 3;B;1;20;1;0
2026-04-30;162;B143;Type 3;B;1;25;1;0
2026-04-30;163;B144;Type 3;B;1;10;0;1
2026-04-30;164;B145;Type 2;B;1;20;1;0
2026-04-30;165;B146;Type 1;B;1;15;0;1
2026-04-30;166;B147;Type 3;B;1;15;0;1
2026-04-30;167;B148;Type 1;B;1;30;1;0
2026-04-30;168;B149;Type 2;B;1;15;1;0
2026-04-30;169;B150;Type 4;B;1;20;0;1
2026-04-30;170;B151;Type 5;B;1;20;1;0
2026-04-30;171;B152;Type 3;B;1;25;1;0
2026-04-30;172;B153;Type 2;B;1;30;1;0
2026-04-30;173;B154;Type 1;B;1;35;1;0
2026-04-30;174;B155;Type 3;B;1;45;1;0
2026-04-30;175;B156;Type 2;B;1;20;0;1
2026-04-30;176;B157;Type 1;B;1;20;1;0
2026-04-30;177;B158;Type 4;B;1;40;1;0
2026-04-30;178;B159;Type 1;B;1;25;1;0
2026-04-30;179;B160;Type 3;B;1;20;1;0
2026-04-30;180;B161;Type 2;B;1;20;1;0
2026-04-30;181;B162;Type 1;B;1;25;1;0
2026-04-30;182;B163;Type 2;B;1;20;1;0
2026-04-30;183;B164;Type 1;B;1;35;0;1
2026-04-30;184;B165;Type 3;B;1;10;1;0
2026-04-30;185;B166;Type 1;B;1;30;1;0
2026-04-30;186;B167;Type 2;B;1;20;1;0
2026-04-30;187;B168;Type 3;B;1;30;0;1
2026-04-30;188;B169;Type 3;B;1;25;1;0
2026-04-30;189;B170;Type 1;B;1;20;0;1
2026-04-30;190;B171;Type 2;B;1;20;0;1
2026-04-30;191;B172;Type 2;B;1;20;1;0
2026-04-30;192;B173;Type 1;B;1;10;0;1
2026-04-30;193;B174;Type 1;B;1;20;0;1
2026-04-30;194;B175;Type 1;B;1;15;1;0
2026-04-30;195;B176;Type 1;B;1;25;0;1
2026-04-30;196;B177;Type 1;B;1;10;1;0
2026-04-30;197;B178;Type 1;B;1;25;0;1
2026-04-30;198;B179;Type 1;B;1;15;1;0
2026-04-30;199;B180;Type 3;B;1;20;0;1
2026-04-30;200;B201;Type 4;B;2;15;1;0
2026-04-30;201;B202;Type 1;B;2;30;1;0
2026-04-30;202;B203;Type 1;B;2;15;1;0
2026-04-30;203;B204;Type 1;B;2;15;0;1
2026-04-30;204;B205;Type 2;B;2;25;0;1
2026-04-30;205;B206;Type 2;B;2;25;1;0
2026-04-30;206;B207;Type 2;B;2;15;0;1
2026-04-30;207;B208;Type 1;B;2;10;0;1
2026-04-30;208;B209;Type 1;B;2;25;0;1
2026-04-30;209;B210;Type 4;B;2;25;0;1
2026-04-30;210;B211;Type 3;B;2;15;1;0
2026-04-30;211;B212;Type 4;B;2;20;1;0
2026-04-30;212;B213;Type 5;B;2;25;0;1
2026-04-30;213;B214;Type 1;B;2;15;1;0
2026-04-30;214;B215;Type 1;B;2;25;1;0
2026-04-30;215;B216;Type 1;B;2;20;1;0
2026-04-30;216;B217;Type 3;B;2;25;1;0
2026-04-30;217;B218;Type 2;B;2;20;1;0
2026-04-30;218;B219;Type 3;B;2;10;0;1
2026-04-30;219;B220;Type 3;B;2;25;1;0
2026-04-30;220;B221;Type 2;B;2;20;0;1
2026-04-30;221;B222;Type 3;B;2;25;0;1
2026-04-30;222;B223;Type 4;B;2;30;0;1
2026-04-30;223;B224;Type 3;B;2;15;1;0
2026-04-30;224;B225;Type 1;B;2;20;0;1
2026-04-30;225;B226;Type 1;B;2;15;1;0
2026-04-30;226;B227;Type 1;B;2;20;1;0
2026-04-30;227;B228;Type 3;B;2;10;0;1
2026-04-30;228;B229;Type 2;B;2;25;0;1
2026-04-30;229;B230;Type 3;B;2;15;0;1
2026-04-30;230;B231;Type 1;B;2;20;0;1
2026-04-30;231;B232;Type 2;B;2;25;1;0
2026-04-30;232;B233;Type 2;B;2;25;1;0
2026-04-30;233;B234;Type 3;B;2;10;1;0
2026-04-30;234;B235;Type 3;B;2;15;1;0
2026-04-30;235;B236;Type 3;B;2;20;1;0
2026-04-30;236;B237;Type 1;B;2;15;1;0
2026-04-30;237;B238;Type 1;B;2;25;1;0
2026-04-30;238;B239;Type 2;B;2;25;0;1
2026-04-30;239;B240;Type 1;B;2;15;0;1
2026-04-30;240;B241;Type 1;B;2;20;0;1
2026-04-30;241;B242;Type 2;B;2;10;0;1
2026-04-30;242;B243;Type 1;B;2;20;1;0
2026-04-30;243;B244;Type 5;B;2;20;0;1
2026-04-30;244;B245;Type 3;B;2;35;1;0
2026-04-30;245;B246;Type 3;B;2;55;1;0
2026-04-30;246;B247;Type 2;B;2;10;1;0
2026-04-30;247;B248;Type 1;B;2;15;1;0
2026-04-30;248;B249;Type 1;B;2;20;0;1
2026-04-30;249;B250;Type 2;B;2;15;1;0
2026-04-30;250;B251;Type 3;B;2;25;1;0
2026-04-30;251;B252;Type 4;B;2;10;0;1
2026-04-30;252;B253;Type 1;B;2;20;1;0
2026-04-30;253;B254;Type 1;B;2;20;0;1
2026-04-30;254;B255;Type 2;B;2;20;1;0
2026-04-30;255;B256;Type 5;B;2;25;0;1
2026-04-30;256;B257;Type 3;B;2;10;0;1
2026-04-30;257;B258;Type 2;B;2;20;1;0
2026-04-30;258;B259;Type 2;B;2;30;1;0
2026-04-30;259;B260;Type 1;B;2;25;1;0
2026-04-30;260;B261;Type 2;B;2;15;0;1
2026-04-30;261;B262;Type 1;B;2;20;0;1
2026-04-30;262;B263;Type 2;B;2;15;1;0
2026-04-30;263;B264;Type 2;B;2;25;1;0
2026-04-30;264;B265;Type 2;B;2;20;1;0
2026-04-30;265;B266;Type 2;B;2;20;1;0
2026-04-30;266;B267;Type 3;B;2;15;0;1
2026-04-30;267;B268;Type 2;B;2;15;1;0
2026-04-30;268;B269;Type 1;B;2;20;0;1
2026-04-30;269;B270;Type 2;B;2;20;1;0
2026-04-30;270;B271;Type 1;B;2;10;1;0
2026-04-30;271;B272;Type 1;B;2;15;0;1
2026-04-30;272;B273;Type 1;B;2;30;1;0
2026-04-30;273;B274;Type 1;B;2;15;1;0
2026-04-30;274;B275;Type 3;B;2;25;1;0
2026-04-30;275;B276;Type 2;B;2;25;0;1
2026-04-30;276;B277;Type 3;B;2;20;0;1
2026-04-30;277;B278;Type 3;B;2;25;1;0
2026-04-30;278;B279;Type 1;B;2;15;0;1
2026-04-30;279;B280;Type 1;B;2;35;0;1
2026-04-30;280;B281;Type 3;B;2;25;1;0
2026-04-30;281;B282;Type 2;B;2;10;1;0
2026-04-30;282;B283;Type 2;B;2;20;1;0
2026-04-30;283;B284;Type 3;B;2;15;1;0
2026-04-30;284;B285;Type 3;B;2;15;0;1
2026-04-30;285;B286;Type 2;B;2;25;1;0
2026-04-30;286;B287;Type 2;B;2;15;1;0
2026-04-30;287;B288;Type 2;B;2;15;1;0
2026-04-30;288;B289;Type 2;B;2;25;0;1
2026-04-30;289;B290;Type 4;B;2;15;1;0
2026-04-30;290;B291;Type 1;B;2;15;1;0
2026-04-30;291;B292;Type 3;B;2;35;0;1
2026-04-30;292;B293;Type 2;B;2;15;0;1
2026-04-30;293;B294;Type 1;B;2;20;0;1
2026-04-30;294;B295;Type 2;B;2;10;1;0
2026-04-30;295;B296;Type 3;B;2;20;1;0
2026-04-30;296;B297;Type 2;B;2;45;0;1
2026-04-30;297;B298;Type 1;B;2;15;0;1
2026-04-30;298;B299;Type 1;B;2;20;1;0
2026-04-30;299;B301;Type 3;B;3;10;0;1
2026-04-30;300;B302;Type 3;B;3;25;0;1
2026-04-30;301;B303;Type 3;B;3;20;1;0
2026-04-30;302;B304;Type 2;B;3;20;1;0
2026-04-30;303;B305;Type 2;B;3;20;0;1
2026-04-30;304;B306;Type 3;B;3;30;1;0
2026-04-30;305;B307;Type 1;B;3;20;0;1
2026-04-30;306;B308;Type 1;B;3;20;1;0
2026-04-30;307;B309;Type 4;B;3;20;1;0
2026-04-30;308;B310;Type 2;B;3;35;1;0
2026-04-30;309;B311;Type 2;B;3;15;0;1
2026-04-30;310;B312;Type 3;B;3;25;1;0
2026-04-30;311;B313;Type 1;B;3;15;1;0
2026-04-30;312;B314;Type 2;B;3;10;1;0
2026-04-30;313;B315;Type 1;B;3;10;1;0
2026-04-30;314;B316;Type 1;B;3;40;1;0
2026-04-30;315;B317;Type 3;B;3;25;1;0
2026-04-30;316;B318;Type 2;B;3;20;0;1
2026-04-30;317;B319;Type 2;B;3;10;1;0
2026-04-30;318;B320;Type 1;B;3;15;0;1
2026-04-30;319;B321;Type 5;B;3;20;0;1
2026-04-30;320;B322;Type 1;B;3;30;1;0
2026-04-30;321;B323;Type 2;B;3;30;1;0
2026-04-30;322;B324;Type 2;B;3;25;1;0
2026-04-30;323;B325;Type 1;B;3;10;1;0
2026-04-30;324;B326;Type 1;B;3;25;1;0
2026-04-30;325;B327;Type 4;B;3;25;1;0
2026-04-30;326;B328;Type 2;B;3;15;0;1
2026-04-30;327;B329;Type 3;B;3;15;1;0
2026-04-30;328;B330;Type 1;B;3;15;0;1
2026-04-30;329;B331;Type 1;B;3;30;0;1
2026-04-30;330;B332;Type 1;B;3;25;1;0
2026-04-30;331;B333;Type 3;B;3;20;1;0
2026-04-30;332;B334;Type 2;B;3;25;1;0
2026-04-30;333;B335;Type 2;B;3;20;0;1
2026-04-30;334;B336;Type 2;B;3;30;1;0
2026-04-30;335;B337;Type 2;B;3;20;1;0
2026-04-30;336;B338;Type 1;B;3;15;0;1
2026-04-30;337;B339;Type 2;B;3;20;1;0
2026-04-30;338;B340;Type 1;B;3;20;0;1
2026-04-30;339;B341;Type 2;B;3;30;1;0
2026-04-30;340;B342;Type 2;B;3;15;0;1
2026-04-30;341;B343;Type 2;B;3;15;1;0
2026-04-30;342;B344;Type 2;B;3;10;1;0
2026-04-30;343;B345;Type 1;B;3;20;1;0
2026-04-30;344;B346;Type 3;B;3;15;0;1
2026-04-30;345;B347;Type 2;B;3;10;1;0
2026-04-30;346;B348;Type 1;B;3;15;1;0
2026-04-30;347;B349;Type 2;B;3;15;1;0
2026-04-30;348;B350;Type 1;B;3;20;1;0
2026-04-30;349;B351;Type 1;B;3;10;0;1
2026-04-30;350;B352;Type 2;B;3;20;0;1
2026-04-30;351;B353;Type 3;B;3;15;0;1
2026-04-30;352;B354;Type 2;B;3;20;1;0
2026-04-30;353;B355;Type 2;B;3;10;0;1
2026-04-30;354;B356;Type 2;B;3;30;1;0
2026-04-30;355;B357;Type 2;B;3;15;0;1
2026-04-30;356;B358;Type 2;B;3;15;1;0
2026-04-30;357;B359;Type 1;B;3;10;0;1
2026-04-30;358;B360;Type 1;B;3;10;0;1
2026-04-30;359;B361;Type 1;B;3;25;0;1
2026-04-30;360;B362;Type 1;B;3;20;0;1
2026-04-30;361;B363;Type 5;B;3;20;1;0
2026-04-30;362;B364;Type 2;B;3;35;1;0
2026-04-30;363;B365;Type 2;B;3;20;1;0
2026-04-30;364;B366;Type 1;B;3;15;1;0
2026-04-30;365;B367;Type 2;B;3;15;1;0
2026-04-30;366;B368;Type 5;B;3;20;0;1
2026-04-30;367;B369;Type 2;B;3;15;1;0
2026-04-30;368;B370;Type 1;B;3;20;1;0
2026-04-30;369;B371;Type 2;B;3;15;1;0
2026-04-30;370;B372;Type 2;B;3;20;1;0
2026-04-30;371;B373;Type 3;B;3;15;1;0
2026-04-30;372;B374;Type 2;B;3;15;0;1
2026-04-30;373;B375;Type 3;B;3;15;1;0
2026-04-30;374;B376;Type 2;B;3;15;0;1
2026-04-30;375;B377;Type 1;B;3;20;1;0
2026-04-30;376;B378;Type 1;B;3;20;1;0
2026-04-30;377;B379;Type 2;B;3;15;1;0
2026-04-30;378;B380;Type 1;B;3;25;0;1
2026-04-30;379;B381;Type 2;B;3;25;1;0
2026-04-30;380;B382;Type 2;B;3;25;0;1
2026-04-30;381;B383;Type 1;B;3;35;1;0
2026-04-30;382;B384;Type 1;B;3;15;0;1
2026-04-30;383;B385;Type 1;B;3;20;0;1
2026-04-30;384;B386;Type 1;B;3;20;0;1
2026-04-30;385;B387;Type 2;B;3;15;1;0
2026-04-30;386;B388;Type 3;B;3;25;1;0
2026-04-30;387;B389;Type 3;B;3;20;1;0
2026-04-30;388;B390;Type 1;B;3;25;1;0
2026-04-30;389;B391;Type 2;B;3;25;0;1
2026-04-30;390;B392;Type 1;B;3;25;1;0
2026-04-30;391;B393;Type 2;B;3;20;0;1
2026-04-30;392;B394;Type 3;B;3;15;1;0
2026-04-30;393;B395;Type 1;B;3;35;1;0
2026-04-30;394;B396;Type 1;B;3;15;1;0
2026-04-30;395;B397;Type 4;B;3;10;0;1
2026-04-30;396;B398;Type 1;B;3;25;1;0
2026-04-30;397;C001;Type 2;C;0;15;1;0
2026-04-30;398;C002;Type 1;C;0;15;0;1
2026-04-30;399;C003;Type 2;C;0;15;1;0
2026-04-30;400;C004;Type 1;C;0;40;1;0
2026-04-30;401;C005;Type 2;C;0;20;1;0
2026-04-30;402;C006;Type 1;C;0;15;1;0
2026-04-30;403;C007;Type 2;C;0;15;1;0
2026-04-30;404;C008;Type 3;C;0;20;1;0
2026-04-30;405;C009;Type 2;C;0;20;1;0
2026-04-30;406;C010;Type 1;C;0;20;1;0
2026-04-30;407;C011;Type 1;C;0;25;1;0
2026-04-30;408;C012;Type 3;C;0;20;0;1
2026-04-30;409;C013;Type 1;C;0;10;1;0
2026-04-30;410;C014;Type 3;C;0;10;1;0
2026-04-30;411;C015;Type 1;C;0;20;1;0
2026-04-30;412;C016;Type 4;C;0;10;1;0
2026-04-30;413;C017;Type 2;C;0;10;0;1
2026-04-30;414;C018;Type 2;C;0;25;1;0
2026-04-30;415;C019;Type 1;C;0;20;0;1
2026-04-30;416;C020;Type 2;C;0;25;1;0
2026-04-30;417;C101;Type 2;C;1;20;1;0
2026-04-30;418;C102;Type 2;C;1;30;1;0
2026-04-30;419;C103;Type 3;C;1;15;1;0
2026-04-30;420;C104;Type 2;C;1;20;0;1
2026-04-30;421;C105;Type 2;C;1;15;1;0
2026-04-30;422;C106;Type 2;C;1;20;1;0
2026-04-30;423;C107;Type 2;C;1;20;1;0
2026-04-30;424;C108;Type 4;C;1;20;0;1
2026-04-30;425;C109;Type 2;C;1;25;0;1
2026-04-30;426;C110;Type 2;C;1;40;0;1
2026-04-30;427;C111;Type 3;C;1;20;1;0
2026-04-30;428;C112;Type 1;C;1;15;1;0
2026-04-30;429;C113;Type 1;C;1;20;1;0
2026-04-30;430;C114;Type 1;C;1;25;1;0
2026-04-30;431;C115;Type 2;C;1;15;1;0
2026-04-30;432;C116;Type 1;C;1;10;1;0
2026-04-30;433;C117;Type 1;C;1;10;1;0
2026-04-30;434;C118;Type 1;C;1;10;0;1
2026-04-30;435;C119;Type 3;C;1;15;1;0
2026-04-30;436;C120;Type 4;C;1;30;0;1
2026-04-30;437;C121;Type 2;C;1;15;0;1
2026-04-30;438;C122;Type 3;C;1;25;1;0
2026-04-30;439;C123;Type 3;C;1;25;1;0
2026-04-30;440;C124;Type 1;C;1;20;0;1
2026-04-30;441;C125;Type 1;C;1;20;0;1
2026-04-30;442;C126;Type 3;C;1;10;1;0
2026-04-30;443;C127;Type 1;C;1;20;1;0
2026-04-30;444;C128;Type 3;C;1;15;0;1
2026-04-30;445;C129;Type 2;C;1;20;1;0
2026-04-30;446;C130;Type 1;C;1;15;0;1
2026-04-30;447;C131;Type 3;C;1;30;1;0
2026-04-30;448;C132;Type 2;C;1;15;1;0
2026-04-30;449;C133;Type 3;C;1;25;1;0
2026-04-30;450;C134;Type 1;C;1;15;0;1
2026-04-30;451;C135;Type 2;C;1;25;1;0
2026-04-30;452;C136;Type 1;C;1;20;1;0
2026-04-30;453;C137;Type 3;C;1;25;0;1
2026-04-30;454;C138;Type 3;C;1;10;1;0
2026-04-30;455;C139;Type 2;C;1;25;1;0
2026-04-30;456;C140;Type 2;C;1;25;1;0
2026-04-30;457;C141;Type 2;C;1;10;0;1
2026-04-30;458;C142;Type 1;C;1;15;1;0
2026-04-30;459;C143;Type 1;C;1;25;1;0
2026-04-30;460;C144;Type 2;C;1;20;0;1
2026-04-30;461;C145;Type 1;C;1;30;1;0
2026-04-30;462;C146;Type 2;C;1;25;0;1
2026-04-30;463;C147;Type 3;C;1;15;1;0
2026-04-30;464;C148;Type 3;C;1;15;0;1
2026-04-30;465;C149;Type 1;C;1;30;1;0
2026-04-30;466;C150;Type 2;C;1;15;1;0
2026-04-30;467;C151;Type 2;C;1;20;0;1
2026-04-30;468;C152;Type 1;C;1;25;0;1
2026-04-30;469;C153;Type 1;C;1;25;0;1
2026-04-30;470;C154;Type 1;C;1;20;1;0
2026-04-30;471;C155;Type 1;C;1;25;0;1
2026-04-30;472;C156;Type 1;C;1;20;0;1
2026-04-30;473;C157;Type 2;C;1;35;1;0
2026-04-30;474;C158;Type 1;C;1;25;1;0
2026-04-30;475;C159;Type 2;C;1;25;1;0
2026-04-30;476;C160;Type 1;C;1;10;1;0
2026-04-30;477;C161;Type 1;C;1;20;1;0
2026-04-30;478;C162;Type 3;C;1;25;0;1
2026-04-30;479;C163;Type 2;C;1;15;1;0
2026-04-30;480;C164;Type 2;C;1;15;1;0
2026-04-30;481;C165;Type 1;C;1;40;1;0
2026-04-30;482;C166;Type 4;C;1;15;0;1
2026-04-30;483;C167;Type 2;C;1;25;1;0
2026-04-30;484;C168;Type 1;C;1;35;1;0
2026-04-30;485;C169;Type 3;C;1;20;1;0
2026-04-30;486;C170;Type 2;C;1;20;1;0
2026-04-30;487;C171;Type 3;C;1;30;1;0
2026-04-30;488;C172;Type 2;C;1;15;1;0
2026-04-30;489;C173;Type 1;C;1;20;1;0
2026-04-30;490;C174;Type 1;C;1;25;0;1
2026-04-30;491;C175;Type 1;C;1;20;1;0
2026-04-30;492;C176;Type 2;C;1;15;0;1
2026-04-30;493;C177;Type 5;C;1;25;1;0
2026-04-30;494;C178;Type 1;C;1;20;1;0
2026-04-30;495;C179;Type 2;C;1;30;1;0
2026-04-30;496;C180;Type 1;C;1;25;0;1
2026-04-30;497;C201;Type 1;C;2;20;1;0
2026-04-30;498;C202;Type 3;C;2;20;0;1
2026-04-30;499;C203;Type 3;C;2;20;1;0
2026-04-30;500;C204;Type 1;C;2;15;0;1
2026-04-30;501;C205;Type 2;C;2;20;0;1
2026-04-30;502;C206;Type 2;C;2;25;1;0
2026-04-30;503;C207;Type 3;C;2;25;1;0
2026-04-30;504;C208;Type 1;C;2;25;1;0
2026-04-30;505;C209;Type 1;C;2;20;0;1
2026-04-30;506;C210;Type 1;C;2;15;0;1
2026-04-30;507;C211;Type 5;C;2;35;1;0
2026-04-30;508;C212;Type 2;C;2;15;1;0
2026-04-30;509;C213;Type 4;C;2;20;0;1
2026-04-30;510;C214;Type 1;C;2;25;1;0
2026-04-30;511;C215;Type 2;C;2;15;1;0
2026-04-30;512;C216;Type 2;C;2;30;1;0
2026-04-30;513;C217;Type 2;C;2;10;0;1
2026-04-30;514;C218;Type 3;C;2;25;0;1
2026-04-30;515;C219;Type 1;C;2;10;0;1
2026-04-30;516;C220;Type 1;C;2;15;0;1
2026-04-30;517;C221;Type 3;C;2;25;0;1
2026-04-30;518;C222;Type 5;C;2;20;1;0
2026-04-30;519;C223;Type 1;C;2;20;0;1
2026-04-30;520;C224;Type 2;C;2;20;0;1
2026-04-30;521;C225;Type 2;C;2;25;0;1
2026-04-30;522;C226;Type 1;C;2;10;0;1
2026-04-30;523;C227;Type 1;C;2;20;1;0
2026-04-30;524;C228;Type 3;C;2;40;0;1
2026-04-30;525;C229;Type 2;C;2;30;0;1
2026-04-30;526;C230;Type 2;C;2;35;0;1
2026-04-30;527;C231;Type 3;C;2;20;1;0
2026-04-30;528;C232;Type 1;C;2;25;0;1
2026-04-30;529;C233;Type 4;C;2;15;1;0
2026-04-30;530;C234;Type 5;C;2;20;1;0
2026-04-30;531;C235;Type 2;C;2;10;1;0
2026-04-30;532;C236;Type 1;C;2;20;1;0
2026-04-30;533;C237;Type 1;C;2;30;1;0
2026-04-30;534;C238;Type 1;C;2;10;0;1
2026-04-30;535;C239;Type 3;C;2;15;0;1
2026-04-30;536;C240;Type 2;C;2;15;1;0
2026-04-30;537;C241;Type 2;C;2;30;1;0
2026-04-30;538;C242;Type 2;C;2;15;1;0
2026-04-30;539;C243;Type 3;C;2;15;1;0
2026-04-30;540;C244;Type 3;C;2;15;1;0
2026-04-30;541;C245;Type 4;C;2;25;1;0
2026-04-30;542;C246;Type 2;C;2;25;1;0
2026-04-30;543;C247;Type 1;C;2;20;1;0
2026-04-30;544;C248;Type 2;C;2;10;0;1
2026-04-30;545;C249;Type 2;C;2;20;0;1
2026-04-30;546;C250;Type 3;C;2;30;1;0
2026-04-30;547;C251;Type 2;C;2;50;0;1
2026-04-30;548;C252;Type 1;C;2;15;1;0
2026-04-30;549;C253;Type 2;C;2;25;1;0
2026-04-30;550;C254;Type 1;C;2;20;1;0
2026-04-30;551;C255;Type 2;C;2;15;1;0
2026-04-30;552;C256;Type 1;C;2;15;1;0
2026-04-30;553;C257;Type 2;C;2;20;1;0
2026-04-30;554;C258;Type 2;C;2;25;1;0
2026-04-30;555;C259;Type 4;C;2;25;1;0
2026-04-30;556;C260;Type 3;C;2;20;0;1
2026-04-30;557;C261;Type 2;C;2;15;1;0
2026-04-30;558;C262;Type 1;C;2;20;1;0
2026-04-30;559;C263;Type 2;C;2;20;1;0
2026-04-30;560;C264;Type 2;C;2;10;1;0
2026-04-30;561;C265;Type 1;C;2;15;1;0
2026-04-30;562;C266;Type 1;C;2;20;1;0
2026-04-30;563;C267;Type 1;C;2;15;0;1
2026-04-30;564;C268;Type 1;C;2;25;1;0
2026-04-30;565;C269;Type 1;C;2;25;1;0
2026-04-30;566;C270;Type 3;C;2;25;1;0
2026-04-30;567;C271;Type 4;C;2;20;0;1
2026-04-30;568;C272;Type 3;C;2;15;0;1
2026-04-30;569;C273;Type 3;C;2;25;0;1
2026-04-30;570;C274;Type 2;C;2;10;1;0
2026-04-30;571;C275;Type 1;C;2;25;1;0
2026-04-30;572;C276;Type 2;C;2;25;1;0
2026-04-30;573;C277;Type 1;C;2;20;1;0
2026-04-30;574;C278;Type 1;C;2;10;1;0
2026-04-30;575;C279;Type 1;C;2;10;0;1
2026-04-30;576;C280;Type 2;C;2;15;1;0
2026-04-30;577;C281;Type 1;C;2;20;0;1
2026-04-30;578;C282;Type 1;C;2;15;1;0
2026-04-30;579;C283;Type 2;C;2;15;1;0
2026-04-30;580;C284;Type 2;C;2;15;0;1
2026-04-30;581;C285;Type 1;C;2;20;1;0
2026-04-30;582;C286;Type 3;C;2;10;0;1
2026-04-30;583;C287;Type 1;C;2;20;1;0
2026-04-30;584;C288;Type 1;C;2;20;1;0
2026-04-30;585;C289;Type 2;C;2;10;1;0
2026-04-30;586;C290;Type 2;C;2;20;1;0
2026-04-30;587;C291;Type 5;C;2;10;1;0
2026-04-30;588;C292;Type 2;C;2;30;1;0
2026-04-30;589;C293;Type 3;C;2;15;1;0
2026-04-30;590;C294;Type 1;C;2;10;1;0
2026-04-30;591;C295;Type 1;C;2;20;1;0
2026-04-30;592;C296;Type 2;C;2;30;1;0
2026-04-30;593;C297;Type 4;C;2;30;1;0
2026-04-30;594;C298;Type 2;C;2;10;0;1
2026-04-30;595;C299;Type 2;C;2;30;1;0
2026-04-30;596;C301;Type 1;C;3;15;1;0
2026-04-30;597;C302;Type 1;C;3;30;1;0
2026-04-30;598;C303;Type 4;C;3;15;1;0
2026-04-30;599;C304;Type 2;C;3;20;0;1
2026-04-30;600;C305;Type 4;C;3;15;1;0
2026-04-30;601;C306;Type 3;C;3;30;0;1
2026-04-30;602;C307;Type 1;C;3;20;1;0
2026-04-30;603;C308;Type 2;C;3;15;1;0
2026-04-30;604;C309;Type 2;C;3;15;1;0
2026-04-30;605;C310;Type 3;C;3;20;0;1
2026-04-30;606;C311;Type 2;C;3;10;0;1
2026-04-30;607;C312;Type 2;C;3;15;0;1
2026-04-30;608;C313;Type 2;C;3;15;1;0
2026-04-30;609;C314;Type 2;C;3;20;1;0
2026-04-30;610;C315;Type 3;C;3;25;1;0
2026-04-30;611;C316;Type 2;C;3;15;1;0
2026-04-30;612;C317;Type 1;C;3;25;1;0
2026-04-30;613;C318;Type 2;C;3;30;1;0
2026-04-30;614;C319;Type 2;C;3;15;1;0
2026-04-30;615;C320;Type 1;C;3;30;0;1
2026-04-30;616;C321;Type 2;C;3;15;1;0
2026-04-30;617;C322;Type 2;C;3;10;1;0
2026-04-30;618;C323;Type 3;C;3;15;1;0
2026-04-30;619;C324;Type 1;C;3;25;1;0
2026-04-30;620;C325;Type 3;C;3;15;0;1
2026-04-30;621;C326;Type 4;C;3;15;0;1
2026-04-30;622;C327;Type 3;C;3;15;0;1
2026-04-30;623;C328;Type 2;C;3;20;1;0
2026-04-30;624;C329;Type 3;C;3;15;1;0
2026-04-30;625;C330;Type 2;C;3;30;1;0
2026-04-30;626;C331;Type 4;C;3;10;1;0
2026-04-30;627;C332;Type 3;C;3;20;1;0
2026-04-30;628;C333;Type 1;C;3;35;1;0
2026-04-30;629;C334;Type 1;C;3;15;1;0
2026-04-30;630;C335;Type 1;C;3;30;0;1
2026-04-30;631;C336;Type 5;C;3;10;1;0
2026-04-30;632;C337;Type 2;C;3;25;1;0
2026-04-30;633;C338;Type 1;C;3;20;0;1
2026-04-30;634;C339;Type 1;C;3;30;1;0
2026-04-30;635;C340;Type 2;C;3;20;1;0
2026-04-30;636;C341;Type 1;C;3;20;1;0
2026-04-30;637;C342;Type 3;C;3;10;1;0
2026-04-30;638;C343;Type 2;C;3;25;0;1
2026-04-30;639;C344;Type 1;C;3;20;1;0
2026-04-30;640;C345;Type 3;C;3;35;1;0
2026-04-30;641;C346;Type 3;C;3;15;0;1
2026-04-30;642;C347;Type 1;C;3;20;0;1
2026-04-30;643;C348;Type 1;C;3;25;0;1
2026-04-30;644;C349;Type 2;C;3;15;1;0
2026-04-30;645;C350;Type 1;C;3;15;1;0
2026-04-30;646;C351;Type 2;C;3;25;1;0
2026-04-30;647;C352;Type 2;C;3;10;1;0
2026-04-30;648;C353;Type 1;C;3;15;1;0
2026-04-30;649;C354;Type 3;C;3;20;1;0
2026-04-30;650;C355;Type 2;C;3;25;1;0
2026-04-30;651;C356;Type 3;C;3;15;0;1
2026-04-30;652;C357;Type 2;C;3;15;0;1
2026-04-30;653;C358;Type 1;C;3;15;0;1
2026-04-30;654;C359;Type 2;C;3;10;1;0
2026-04-30;655;C360;Type 1;C;3;30;1;0
2026-04-30;656;C361;Type 1;C;3;25;1;0
2026-04-30;657;C362;Type 2;C;3;20;1;0
2026-04-30;658;C363;Type 2;C;3;20;1;0
2026-04-30;659;C364;Type 1;C;3;10;0;1
2026-04-30;660;C365;Type 2;C;3;30;1;0
2026-04-30;661;C366;Type 1;C;3;20;0;1
2026-04-30;662;C367;Type 1;C;3;20;1;0
2026-04-30;663;C368;Type 1;C;3;15;1;0
2026-04-30;664;C369;Type 1;C;3;15;0;1
2026-04-30;665;C370;Type 1;C;3;25;1;0
2026-04-30;666;C371;Type 2;C;3;10;1;0
2026-04-30;667;C372;Type 4;C;3;25;1;0
2026-04-30;668;C373;Type 1;C;3;25;0;1
2026-04-30;669;C374;Type 5;C;3;25;1;0
2026-04-30;670;C375;Type 1;C;3;15;1;0
2026-04-30;671;C376;Type 3;C;3;30;1;0
2026-04-30;672;C377;Type 1;C;3;20;1;0
2026-04-30;673;C378;Type 2;C;3;25;0;1
2026-04-30;674;C379;Type 2;C;3;10;1;0
2026-04-30;675;C380;Type 1;C;3;10;1;0
2026-04-30;676;C381;Type 5;C;3;15;0;1
2026-04-30;677;C382;Type 1;C;3;20;1;0
2026-04-30;678;C383;Type 3;C;3;30;1;0
2026-04-30;679;C384;Type 2;C;3;25;1;0
2026-04-30;680;C385;Type 3;C;3;15;1;0
2026-04-30;681;C386;Type 2;C;3;15;0;1
2026-04-30;682;C387;Type 1;C;3;25;1;0
2026-04-30;683;C388;Type 3;C;3;10;1;0
2026-04-30;684;C389;Type 2;C;3;25;1;0
2026-04-30;685;C390;Type 4;C;3;20;0;1
2026-04-30;686;C391;Type 1;C;3;25;0;1
2026-04-30;687;C392;Type 2;C;3;20;1;0
2026-04-30;688;C393;Type 2;C;3;15;1;0
2026-04-30;689;C394;Type 5;C;3;20;1;0
2026-04-30;690;C395;Type 1;C;3;20;0;1
2026-04-30;691;C396;Type 3;C;3;25;1;0
2026-04-30;692;C397;Type 1;C;3;35;0;1
2026-04-30;693;C398;Type 3;C;3;15;0;1
2026-04-30;694;C399;Type 2;C;3;20;0;1
2026-04-30;695;C401;Type 2;C;4;15;0;1
2026-04-30;696;C402;Type 1;C;4;25;1;0
2026-04-30;697;C403;Type 2;C;4;15;1;0
2026-04-30;698;C404;Type 1;C;4;15;0;1
2026-04-30;699;C405;Type 1;C;4;20;1;0
2026-04-30;700;C406;Type 2;C;4;10;1;0
2026-04-30;701;C407;Type 4;C;4;15;0;1
2026-04-30;702;C408;Type 2;C;4;20;1;0
2026-04-30;703;C409;Type 4;C;4;20;1;0
2026-04-30;704;C410;Type 3;C;4;15;1;0
2026-04-30;705;C411;Type 2;C;4;10;0;1
2026-04-30;706;C412;Type 2;C;4;20;1;0
2026-04-30;707;C413;Type 1;C;4;10;1;0
2026-04-30;708;C414;Type 1;C;4;20;1;0
2026-04-30;709;C415;Type 2;C;4;10;0;1
2026-04-30;710;C416;Type 1;C;4;15;1;0
2026-04-30;711;C417;Type 1;C;4;15;0;1
2026-04-30;712;C418;Type 1;C;4;20;1;0
2026-04-30;713;C419;Type 2;C;4;15;1;0
2026-04-30;714;C420;Type 2;C;4;15;0;1
2026-04-30;715;C421;Type 1;C;4;25;0;1
2026-04-30;716;C422;Type 1;C;4;25;0;1
2026-04-30;717;C423;Type 2;C;4;15;1;0
2026-04-30;718;C424;Type 2;C;4;15;1;0
2026-04-30;719;C425;Type 2;C;4;15;1;0
2026-04-30;720;C426;Type 3;C;4;15;1;0
2026-04-30;721;C427;Type 2;C;4;10;1;0
2026-04-30;722;C428;Type 3;C;4;35;0;1
2026-04-30;723;C429;Type 3;C;4;15;1;0
2026-04-30;724;C430;Type 2;C;4;10;0;1
2026-04-30;725;C431;Type 2;C;4;10;1;0
2026-04-30;726;C432;Type 2;C;4;25;1;0
2026-04-30;727;C433;Type 2;C;4;20;0;1
2026-04-30;728;C434;Type 1;C;4;25;0;1
2026-04-30;729;C435;Type 1;C;4;20;1;0
2026-04-30;730;C436;Type 2;C;4;20;0;1
2026-04-30;731;C437;Type 2;C;4;15;1;0
2026-04-30;732;C438;Type 3;C;4;15;1;0
2026-04-30;733;C439;Type 2;C;4;10;1;0
2026-04-30;734;C440;Type 2;C;4;10;1;0
2026-04-30;735;C441;Type 1;C;4;10;1;0
2026-04-30;736;C442;Type 1;C;4;20;1;0
2026-04-30;737;C443;Type 1;C;4;20;0;1
2026-04-30;738;C444;Type 3;C;4;25;0;1
2026-04-30;739;C445;Type 1;C;4;15;0;1
2026-04-30;740;C446;Type 2;C;4;15;1;0
2026-04-30;741;C447;Type 2;C;4;15;1;0
2026-04-30;742;C448;Type 1;C;4;20;1;0
2026-04-30;743;C449;Type 1;C;4;20;1;0
2026-04-30;744;C450;Type 2;C;4;40;0;1
2026-04-30;745;C451;Type 1;C;4;25;1;0
2026-04-30;746;C452;Type 2;C;4;25;1;0
2026-04-30;747;C453;Type 2;C;4;15;1;0
2026-04-30;748;C454;Type 1;C;4;10;0;1
2026-04-30;749;C455;Type 1;C;4;20;1;0
2026-04-30;750;C456;Type 2;C;4;25;1;0
2026-04-30;751;C457;Type 4;C;4;10;1;0
2026-04-30;752;C458;Type 1;C;4;20;1;0
2026-04-30;753;C459;Type 1;C;4;25;1;0
2026-04-30;754;C460;Type 1;C;4;15;1;0
2026-04-30;755;C461;Type 3;C;4;15;1;0
2026-04-30;756;C462;Type 1;C;4;20;1;0
2026-04-30;757;C463;Type 1;C;4;20;1;0
2026-04-30;758;C464;Type 4;C;4;25;0;1
2026-04-30;759;C465;Type 1;C;4;10;0;1
2026-04-30;760;C466;Type 3;C;4;15;1;0
2026-04-30;761;C467;Type 1;C;4;25;0;1
2026-04-30;762;C468;Type 1;C;4;10;0;1
2026-04-30;763;C469;Type 1;C;4;15;1;0
2026-04-30;764;C470;Type 2;C;4;30;1;0
2026-04-30;765;C471;Type 2;C;4;10;1;0
2026-04-30;766;C472;Type 2;C;4;30;0;1
2026-04-30;767;C473;Type 1;C;4;20;0;1
2026-04-30;768;C474;Type 1;C;4;20;0;1
2026-04-30;769;C475;Type 2;C;4;10;1;0
2026-04-30;770;C476;Type 3;C;4;20;0;1
2026-04-30;771;C477;Type 1;C;4;15;1;0
2026-04-30;772;C478;Type 2;C;4;25;0;1
2026-04-30;773;C479;Type 2;C;4;10;1;0
2026-04-30;774;C480;Type 2;C;4;25;1;0
2026-04-30;775;C481;Type 1;C;4;20;1;0
2026-04-30;776;C482;Type 3;C;4;15;1;0
2026-04-30;777;C483;Type 1;C;4;30;1;0
2026-04-30;778;C484;Type 2;C;4;20;0;1
2026-04-30;779;C485;Type 2;C;4;30;0;1
2026-04-30;780;C486;Type 4;C;4;35;1;0
2026-04-30;781;C487;Type 2;C;4;25;0;1
2026-04-30;782;C488;Type 1;C;4;30;1;0
2026-04-30;783;C489;Type 2;C;4;20;1;0
2026-04-30;784;C490;Type 3;C;4;10;1;0
2026-04-30;785;C491;Type 1;C;4;20;1;0
2026-04-30;786;C492;Type 1;C;4;15;1;0
2026-05-01;0;A001;Type 3;A;0;10;0;1
2026-05-01;1;A002;Type 2;A;0;10;0;1
2026-05-01;2;A003;Type 3;A;0;10;0;1
2026-05-01;3;A004;Type 4;A;0;15;0;1
2026-05-01;4;A005;Type 1;A;0;10;0;1
2026-05-01;5;A006;Type 2;A;0;10;1;0
2026-05-01;6;A007;Type 2;A;0;10;0;1
2026-05-01;7;A008;Type 2;A;0;15;0;1
2026-05-01;8;A009;Type 2;A;0;25;0;1
2026-05-01;9;A010;Type 2;A;0;10;1;0
2026-05-01;10;A101;Type 2;A;1;10;1;0
2026-05-01;11;A102;Type 3;A;1;25;0;1
2026-05-01;12;A103;Type 4;A;1;15;1;0
2026-05-01;13;A104;Type 3;A;1;15;1;0
2026-05-01;14;A105;Type 2;A;1;15;1;0
2026-05-01;15;A106;Type 3;A;1;10;0;1
2026-05-01;16;A107;Type 2;A;1;10;0;1
2026-05-01;17;A108;Type 2;A;1;20;0;1
2026-05-01;18;A109;Type 2;A;1;10;1;0
2026-05-01;19;A110;Type 1;A;1;10;0;1
2026-05-01;20;A111;Type 1;A;1;15;0;1
2026-05-01;21;A112;Type 2;A;1;15;0;1
2026-05-01;22;A113;Type 3;A;1;10;0;1
2026-05-01;23;A114;Type 1;A;1;10;0;1
2026-05-01;24;A115;Type 2;A;1;15;1;0
2026-05-01;25;A116;Type 1;A;1;20;1;0
2026-05-01;26;A117;Type 1;A;1;10;0;1
2026-05-01;27;A118;Type 2;A;1;10;1;0
2026-05-01;28;A119;Type 1;A;1;10;0;1
2026-05-01;29;A120;Type 3;A;1;10;0;1
2026-05-01;30;A121;Type 3;A;1;15;0;1
2026-05-01;31;A122;Type 1;A;1;10;0;1
2026-05-01;32;A123;Type 2;A;1;10;0;1
2026-05-01;33;A124;Type 3;A;1;10;0;1
2026-05-01;34;A125;Type 3;A;1;10;0;1
2026-05-01;35;A126;Type 1;A;1;15;1;0
2026-05-01;36;A127;Type 2;A;1;20;1;0
2026-05-01;37;A128;Type 2;A;1;20;0;1
2026-05-01;38;A129;Type 2;A;1;10;1;0
2026-05-01;39;A130;Type 1;A;1;15;1;0
2026-05-01;40;A131;Type 4;A;1;15;0;1
2026-05-01;41;A132;Type 3;A;1;25;0;1
2026-05-01;42;A133;Type 1;A;1;10;1;0
2026-05-01;43;A134;Type 1;A;1;10;1;0
2026-05-01;44;A135;Type 1;A;1;15;0;1
2026-05-01;45;A136;Type 3;A;1;10;0;1
2026-05-01;46;A137;Type 4;A;1;20;1;0
2026-05-01;47;A138;Type 1;A;1;10;0;1
2026-05-01;48;A139;Type 1;A;1;30;1;0
2026-05-01;49;A140;Type 1;A;1;10;1;0
2026-05-01;50;A141;Type 1;A;1;25;1;0
2026-05-01;51;A142;Type 4;A;1;15;0;1
2026-05-01;52;A143;Type 3;A;1;10;1;0
2026-05-01;53;A144;Type 1;A;1;25;1;0
2026-05-01;54;A145;Type 3;A;1;20;1;0
2026-05-01;55;A146;Type 1;A;1;20;1;0
2026-05-01;56;A147;Type 2;A;1;15;0;1
2026-05-01;57;A148;Type 3;A;1;20;1;0
2026-05-01;58;A149;Type 1;A;1;10;0;1
2026-05-01;59;A150;Type 2;A;1;15;0;1
2026-05-01;60;A201;Type 1;A;2;20;1;0
2026-05-01;61;A202;Type 2;A;2;15;1;0
2026-05-01;62;A203;Type 3;A;2;10;0;1
2026-05-01;63;A204;Type 1;A;2;20;1;0
2026-05-01;64;A205;Type 1;A;2;10;1;0
2026-05-01;65;A206;Type 2;A;2;15;1;0
2026-05-01;66;A207;Type 2;A;2;10;0;1
2026-05-01;67;A208;Type 1;A;2;10;1;0
2026-05-01;68;A209;Type 1;A;2;10;1;0
2026-05-01;69;A210;Type 3;A;2;20;1;0
2026-05-01;70;A211;Type 1;A;2;20;1;0
2026-05-01;71;A212;Type 1;A;2;25;1;0
2026-05-01;72;A213;Type 1;A;2;10;1;0
2026-05-01;73;A214;Type 2;A;2;10;0;1
2026-05-01;74;A215;Type 2;A;2;15;1;0
2026-05-01;75;A216;Type 3;A;2;15;1;0
2026-05-01;76;A217;Type 2;A;2;10;0;1
2026-05-01;77;A218;Type 1;A;2;15;1;0
2026-05-01;78;A219;Type 1;A;2;20;0;1
2026-05-01;79;A220;Type 2;A;2;20;0;1
2026-05-01;80;A221;Type 4;A;2;10;1;0
2026-05-01;81;A222;Type 3;A;2;10;1;0
2026-05-01;82;A223;Type 2;A;2;10;1;0
2026-05-01;83;A224;Type 2;A;2;25;0;1
2026-05-01;84;A225;Type 2;A;2;10;1;0
2026-05-01;85;A226;Type 2;A;2;15;0;1
2026-05-01;86;A227;Type 1;A;2;10;0;1
2026-05-01;87;A228;Type 1;A;2;10;0;1
2026-05-01;88;A229;Type 3;A;2;10;0;1
2026-05-01;89;A230;Type 1;A;2;15;1;0
2026-05-01;90;A231;Type 2;A;2;10;1;0
2026-05-01;91;A232;Type 1;A;2;10;0;1
2026-05-01;92;A233;Type 2;A;2;15;0;1
2026-05-01;93;A234;Type 1;A;2;15;1;0
2026-05-01;94;A235;Type 1;A;2;15;0;1
2026-05-01;95;A236;Type 2;A;2;10;1;0
2026-05-01;96;A237;Type 3;A;2;10;1;0
2026-05-01;97;A238;Type 3;A;2;20;0;1
2026-05-01;98;A239;Type 4;A;2;20;0;1
2026-05-01;99;A240;Type 2;A;2;10;1;0
2026-05-01;100;B001;Type 1;B;0;15;1;0
2026-05-01;101;B002;Type 1;B;0;15;0;1
2026-05-01;102;B003;Type 2;B;0;10;0;1
2026-05-01;103;B004;Type 2;B;0;15;1;0
2026-05-01;104;B005;Type 3;B;0;30;0;1
2026-05-01;105;B006;Type 3;B;0;25;0;1
2026-05-01;106;B007;Type 2;B;0;15;1;0
2026-05-01;107;B008;Type 3;B;0;25;0;1
2026-05-01;108;B009;Type 4;B;0;50;1;0
2026-05-01;109;B010;Type 2;B;0;20;0;1
2026-05-01;110;B011;Type 1;B;0;25;0;1
2026-05-01;111;B012;Type 2;B;0;20;1;0
2026-05-01;112;B013;Type 1;B;0;20;1;0
2026-05-01;113;B014;Type 2;B;0;25;1;0
2026-05-01;114;B015;Type 2;B;0;30;1;0
2026-05-01;115;B016;Type 3;B;0;30;0;1
2026-05-01;116;B017;Type 1;B;0;15;1;0
2026-05-01;117;B018;Type 1;B;0;10;0;1
2026-05-01;118;B019;Type 4;B;0;20;0;1
2026-05-01;119;B020;Type 1;B;0;20;1;0
2026-05-01;120;B101;Type 1;B;1;25;0;1
2026-05-01;121;B102;Type 1;B;1;20;0;1
2026-05-01;122;B103;Type 2;B;1;15;1;0
2026-05-01;123;B104;Type 3;B;1;15;1;0
2026-05-01;124;B105;Type 1;B;1;25;0;1
2026-05-01;125;B106;Type 1;B;1;25;0;1
2026-05-01;126;B107;Type 4;B;1;20;0;1
2026-05-01;127;B108;Type 2;B;1;15;0;1
2026-05-01;128;B109;Type 2;B;1;20;0;1
2026-05-01;129;B110;Type 1;B;1;15;0;1
2026-05-01;130;B111;Type 2;B;1;15;0;1
2026-05-01;131;B112;Type 1;B;1;30;0;1
2026-05-01;132;B113;Type 1;B;1;20;1;0
2026-05-01;133;B114;Type 3;B;1;10;0;1
2026-05-01;134;B115;Type 3;B;1;20;0;1
2026-05-01;135;B116;Type 1;B;1;20;1;0
2026-05-01;136;B117;Type 5;B;1;20;1;0
2026-05-01;137;B118;Type 2;B;1;25;0;1
2026-05-01;138;B119;Type 1;B;1;15;0;1
2026-05-01;139;B120;Type 1;B;1;20;0;1
2026-05-01;140;B121;Type 1;B;1;10;0;1
2026-05-01;141;B122;Type 2;B;1;20;1;0
2026-05-01;142;B123;Type 1;B;1;25;0;1
2026-05-01;143;B124;Type 2;B;1;30;0;1
2026-05-01;144;B125;Type 2;B;1;20;0;1
2026-05-01;145;B126;Type 1;B;1;20;0;1
2026-05-01;146;B127;Type 1;B;1;15;0;1
2026-05-01;147;B128;Type 4;B;1;25;0;1
2026-05-01;148;B129;Type 1;B;1;15;1;0
2026-05-01;149;B130;Type 2;B;1;25;1;0
2026-05-01;150;B131;Type 1;B;1;30;0;1
2026-05-01;151;B132;Type 2;B;1;20;0;1
2026-05-01;152;B133;Type 1;B;1;35;1;0
2026-05-01;153;B134;Type 2;B;1;20;0;1
2026-05-01;154;B135;Type 1;B;1;15;0;1
2026-05-01;155;B136;Type 2;B;1;10;0;1
2026-05-01;156;B137;Type 2;B;1;20;0;1
2026-05-01;157;B138;Type 3;B;1;25;1;0
2026-05-01;158;B139;Type 3;B;1;15;0;1
2026-05-01;159;B140;Type 4;B;1;20;1;0
2026-05-01;160;B141;Type 1;B;1;25;0;1
2026-05-01;161;B142;Type 3;B;1;20;1;0
2026-05-01;162;B143;Type 3;B;1;25;1;0
2026-05-01;163;B144;Type 3;B;1;10;1;0
2026-05-01;164;B145;Type 2;B;1;20;0;1
2026-05-01;165;B146;Type 1;B;1;15;1;0
2026-05-01;166;B147;Type 3;B;1;15;1;0
2026-05-01;167;B148;Type 1;B;1;30;0;1
2026-05-01;168;B149;Type 2;B;1;15;1;0
2026-05-01;169;B150;Type 4;B;1;20;1;0
2026-05-01;170;B151;Type 5;B;1;20;1;0
2026-05-01;171;B152;Type 3;B;1;25;0;1
2026-05-01;172;B153;Type 2;B;1;30;1;0
2026-05-01;173;B154;Type 1;B;1;35;0;1
2026-05-01;174;B155;Type 3;B;1;45;0;1
2026-05-01;175;B156;Type 2;B;1;20;0;1
2026-05-01;176;B157;Type 1;B;1;20;1;0
2026-05-01;177;B158;Type 4;B;1;40;0;1
2026-05-01;178;B159;Type 1;B;1;25;0;1
2026-05-01;179;B160;Type 3;B;1;20;0;1
2026-05-01;180;B161;Type 2;B;1;20;0;1
2026-05-01;181;B162;Type 1;B;1;25;1;0
2026-05-01;182;B163;Type 2;B;1;20;1;0
2026-05-01;183;B164;Type 1;B;1;35;1;0
2026-05-01;184;B165;Type 3;B;1;10;1;0
2026-05-01;185;B166;Type 1;B;1;30;1;0
2026-05-01;186;B167;Type 2;B;1;20;1;0
2026-05-01;187;B168;Type 3;B;1;30;1;0
2026-05-01;188;B169;Type 3;B;1;25;1;0
2026-05-01;189;B170;Type 1;B;1;20;0;1
2026-05-01;190;B171;Type 2;B;1;20;1;0
2026-05-01;191;B172;Type 2;B;1;20;0;1
2026-05-01;192;B173;Type 1;B;1;10;1;0
2026-05-01;193;B174;Type 1;B;1;20;0;1
2026-05-01;194;B175;Type 1;B;1;15;0;1
2026-05-01;195;B176;Type 1;B;1;25;0;1
2026-05-01;196;B177;Type 1;B;1;10;0;1
2026-05-01;197;B178;Type 1;B;1;25;1;0
2026-05-01;198;B179;Type 1;B;1;15;1;0
2026-05-01;199;B180;Type 3;B;1;20;1;0
2026-05-01;200;B201;Type 4;B;2;15;0;1
2026-05-01;201;B202;Type 1;B;2;30;1;0
2026-05-01;202;B203;Type 1;B;2;15;1;0
2026-05-01;203;B204;Type 1;B;2;15;0;1
2026-05-01;204;B205;Type 2;B;2;25;0;1
2026-05-01;205;B206;Type 2;B;2;25;0;1
2026-05-01;206;B207;Type 2;B;2;15;0;1
2026-05-01;207;B208;Type 1;B;2;10;0;1
2026-05-01;208;B209;Type 1;B;2;25;1;0
2026-05-01;209;B210;Type 4;B;2;25;0;1
2026-05-01;210;B211;Type 3;B;2;15;0;1
2026-05-01;211;B212;Type 4;B;2;20;1;0
2026-05-01;212;B213;Type 5;B;2;25;1;0
2026-05-01;213;B214;Type 1;B;2;15;1;0
2026-05-01;214;B215;Type 1;B;2;25;0;1
2026-05-01;215;B216;Type 1;B;2;20;0;1
2026-05-01;216;B217;Type 3;B;2;25;0;1
2026-05-01;217;B218;Type 2;B;2;20;0;1
2026-05-01;218;B219;Type 3;B;2;10;1;0
2026-05-01;219;B220;Type 3;B;2;25;1;0
2026-05-01;220;B221;Type 2;B;2;20;0;1
2026-05-01;221;B222;Type 3;B;2;25;0;1
2026-05-01;222;B223;Type 4;B;2;30;1;0
2026-05-01;223;B224;Type 3;B;2;15;0;1
2026-05-01;224;B225;Type 1;B;2;20;1;0
2026-05-01;225;B226;Type 1;B;2;15;1;0
2026-05-01;226;B227;Type 1;B;2;20;0;1
2026-05-01;227;B228;Type 3;B;2;10;1;0
2026-05-01;228;B229;Type 2;B;2;25;0;1
2026-05-01;229;B230;Type 3;B;2;15;1;0
2026-05-01;230;B231;Type 1;B;2;20;1;0
2026-05-01;231;B232;Type 2;B;2;25;1;0
2026-05-01;232;B233;Type 2;B;2;25;0;1
2026-05-01;233;B234;Type 3;B;2;10;1;0
2026-05-01;234;B235;Type 3;B;2;15;1;0
2026-05-01;235;B236;Type 3;B;2;20;1;0
2026-05-01;236;B237;Type 1;B;2;15;1;0
2026-05-01;237;B238;Type 1;B;2;25;0;1
2026-05-01;238;B239;Type 2;B;2;25;0;1
2026-05-01;239;B240;Type 1;B;2;15;0;1
2026-05-01;240;B241;Type 1;B;2;20;0;1
2026-05-01;241;B242;Type 2;B;2;10;1;0
2026-05-01;242;B243;Type 1;B;2;20;1;0
2026-05-01;243;B244;Type 5;B;2;20;0;1
2026-05-01;244;B245;Type 3;B;2;35;0;1
2026-05-01;245;B246;Type 3;B;2;55;0;1
2026-05-01;246;B247;Type 2;B;2;10;0;1
2026-05-01;247;B248;Type 1;B;2;15;1;0
2026-05-01;248;B249;Type 1;B;2;20;1;0
2026-05-01;249;B250;Type 2;B;2;15;1;0
2026-05-01;250;B251;Type 3;B;2;25;1;0
2026-05-01;251;B252;Type 4;B;2;10;0;1
2026-05-01;252;B253;Type 1;B;2;20;0;1
2026-05-01;253;B254;Type 1;B;2;20;0;1
2026-05-01;254;B255;Type 2;B;2;20;1;0
2026-05-01;255;B256;Type 5;B;2;25;1;0
2026-05-01;256;B257;Type 3;B;2;10;1;0
2026-05-01;257;B258;Type 2;B;2;20;0;1
2026-05-01;258;B259;Type 2;B;2;30;0;1
2026-05-01;259;B260;Type 1;B;2;25;0;1
2026-05-01;260;B261;Type 2;B;2;15;0;1
2026-05-01;261;B262;Type 1;B;2;20;1;0
2026-05-01;262;B263;Type 2;B;2;15;0;1
2026-05-01;263;B264;Type 2;B;2;25;1;0
2026-05-01;264;B265;Type 2;B;2;20;0;1
2026-05-01;265;B266;Type 2;B;2;20;0;1
2026-05-01;266;B267;Type 3;B;2;15;0;1
2026-05-01;267;B268;Type 2;B;2;15;1;0
2026-05-01;268;B269;Type 1;B;2;20;1;0
2026-05-01;269;B270;Type 2;B;2;20;1;0
2026-05-01;270;B271;Type 1;B;2;10;0;1
2026-05-01;271;B272;Type 1;B;2;15;1;0
2026-05-01;272;B273;Type 1;B;2;30;0;1
2026-05-01;273;B274;Type 1;B;2;15;0;1
2026-05-01;274;B275;Type 3;B;2;25;0;1
2026-05-01;275;B276;Type 2;B;2;25;0;1
2026-05-01;276;B277;Type 3;B;2;20;1;0
2026-05-01;277;B278;Type 3;B;2;25;0;1
2026-05-01;278;B279;Type 1;B;2;15;1;0
2026-05-01;279;B280;Type 1;B;2;35;1;0
2026-05-01;280;B281;Type 3;B;2;25;1;0
2026-05-01;281;B282;Type 2;B;2;10;0;1
2026-05-01;282;B283;Type 2;B;2;20;1;0
2026-05-01;283;B284;Type 3;B;2;15;0;1
2026-05-01;284;B285;Type 3;B;2;15;1;0
2026-05-01;285;B286;Type 2;B;2;25;0;1
2026-05-01;286;B287;Type 2;B;2;15;1;0
2026-05-01;287;B288;Type 2;B;2;15;1;0
2026-05-01;288;B289;Type 2;B;2;25;0;1
2026-05-01;289;B290;Type 4;B;2;15;0;1
2026-05-01;290;B291;Type 1;B;2;15;1;0
2026-05-01;291;B292;Type 3;B;2;35;1;0
2026-05-01;292;B293;Type 2;B;2;15;0;1
2026-05-01;293;B294;Type 1;B;2;20;0;1
2026-05-01;294;B295;Type 2;B;2;10;0;1
2026-05-01;295;B296;Type 3;B;2;20;0;1
2026-05-01;296;B297;Type 2;B;2;45;1;0
2026-05-01;297;B298;Type 1;B;2;15;0;1
2026-05-01;298;B299;Type 1;B;2;20;0;1
2026-05-01;299;B301;Type 3;B;3;10;1;0
2026-05-01;300;B302;Type 3;B;3;25;0;1
2026-05-01;301;B303;Type 3;B;3;20;1;0
2026-05-01;302;B304;Type 2;B;3;20;1;0
2026-05-01;303;B305;Type 2;B;3;20;1;0
2026-05-01;304;B306;Type 3;B;3;30;0;1
2026-05-01;305;B307;Type 1;B;3;20;0;1
2026-05-01;306;B308;Type 1;B;3;20;0;1
2026-05-01;307;B309;Type 4;B;3;20;0;1
2026-05-01;308;B310;Type 2;B;3;35;1;0
2026-05-01;309;B311;Type 2;B;3;15;0;1
2026-05-01;310;B312;Type 3;B;3;25;0;1
2026-05-01;311;B313;Type 1;B;3;15;1;0
2026-05-01;312;B314;Type 2;B;3;10;1;0
2026-05-01;313;B315;Type 1;B;3;10;0;1
2026-05-01;314;B316;Type 1;B;3;40;0;1
2026-05-01;315;B317;Type 3;B;3;25;0;1
2026-05-01;316;B318;Type 2;B;3;20;1;0
2026-05-01;317;B319;Type 2;B;3;10;0;1
2026-05-01;318;B320;Type 1;B;3;15;1;0
2026-05-01;319;B321;Type 5;B;3;20;0;1
2026-05-01;320;B322;Type 1;B;3;30;0;1
2026-05-01;321;B323;Type 2;B;3;30;0;1
2026-05-01;322;B324;Type 2;B;3;25;1;0
2026-05-01;323;B325;Type 1;B;3;10;0;1
2026-05-01;324;B326;Type 1;B;3;25;0;1
2026-05-01;325;B327;Type 4;B;3;25;0;1
2026-05-01;326;B328;Type 2;B;3;15;1;0
2026-05-01;327;B329;Type 3;B;3;15;0;1
2026-05-01;328;B330;Type 1;B;3;15;0;1
2026-05-01;329;B331;Type 1;B;3;30;1;0
2026-05-01;330;B332;Type 1;B;3;25;1;0
2026-05-01;331;B333;Type 3;B;3;20;1;0
2026-05-01;332;B334;Type 2;B;3;25;0;1
2026-05-01;333;B335;Type 2;B;3;20;0;1
2026-05-01;334;B336;Type 2;B;3;30;0;1
2026-05-01;335;B337;Type 2;B;3;20;0;1
2026-05-01;336;B338;Type 1;B;3;15;0;1
2026-05-01;337;B339;Type 2;B;3;20;0;1
2026-05-01;338;B340;Type 1;B;3;20;0;1
2026-05-01;339;B341;Type 2;B;3;30;1;0
2026-05-01;340;B342;Type 2;B;3;15;1;0
2026-05-01;341;B343;Type 2;B;3;15;1;0
2026-05-01;342;B344;Type 2;B;3;10;1;0
2026-05-01;343;B345;Type 1;B;3;20;0;1
2026-05-01;344;B346;Type 3;B;3;15;0;1
2026-05-01;345;B347;Type 2;B;3;10;1;0
2026-05-01;346;B348;Type 1;B;3;15;1;0
2026-05-01;347;B349;Type 2;B;3;15;1;0
2026-05-01;348;B350;Type 1;B;3;20;0;1
2026-05-01;349;B351;Type 1;B;3;10;1;0
2026-05-01;350;B352;Type 2;B;3;20;0;1
2026-05-01;351;B353;Type 3;B;3;15;0;1
2026-05-01;352;B354;Type 2;B;3;20;0;1
2026-05-01;353;B355;Type 2;B;3;10;1;0
2026-05-01;354;B356;Type 2;B;3;30;0;1
2026-05-01;355;B357;Type 2;B;3;15;0;1
2026-05-01;356;B358;Type 2;B;3;15;1;0
2026-05-01;357;B359;Type 1;B;3;10;0;1
2026-05-01;358;B360;Type 1;B;3;10;0;1
2026-05-01;359;B361;Type 1;B;3;25;0;1
2026-05-01;360;B362;Type 1;B;3;20;0;1
2026-05-01;361;B363;Type 5;B;3;20;1;0
2026-05-01;362;B364;Type 2;B;3;35;1;0
2026-05-01;363;B365;Type 2;B;3;20;0;1
2026-05-01;364;B366;Type 1;B;3;15;0;1
2026-05-01;365;B367;Type 2;B;3;15;0;1
2026-05-01;366;B368;Type 5;B;3;20;0;1
2026-05-01;367;B369;Type 2;B;3;15;1;0
2026-05-01;368;B370;Type 1;B;3;20;0;1
2026-05-01;369;B371;Type 2;B;3;15;1;0
2026-05-01;370;B372;Type 2;B;3;20;1;0
2026-05-01;371;B373;Type 3;B;3;15;1;0
2026-05-01;372;B374;Type 2;B;3;15;1;0
2026-05-01;373;B375;Type 3;B;3;15;0;1
2026-05-01;374;B376;Type 2;B;3;15;1;0
2026-05-01;375;B377;Type 1;B;3;20;1;0
2026-05-01;376;B378;Type 1;B;3;20;0;1
2026-05-01;377;B379;Type 2;B;3;15;1;0
2026-05-01;378;B380;Type 1;B;3;25;0;1
2026-05-01;379;B381;Type 2;B;3;25;1;0
2026-05-01;380;B382;Type 2;B;3;25;1;0
2026-05-01;381;B383;Type 1;B;3;35;1;0
2026-05-01;382;B384;Type 1;B;3;15;0;1
2026-05-01;383;B385;Type 1;B;3;20;1;0
2026-05-01;384;B386;Type 1;B;3;20;0;1
2026-05-01;385;B387;Type 2;B;3;15;1;0
2026-05-01;386;B388;Type 3;B;3;25;1;0
2026-05-01;387;B389;Type 3;B;3;20;1;0
2026-05-01;388;B390;Type 1;B;3;25;1;0
2026-05-01;389;B391;Type 2;B;3;25;1;0
2026-05-01;390;B392;Type 1;B;3;25;1;0
2026-05-01;391;B393;Type 2;B;3;20;1;0
2026-05-01;392;B394;Type 3;B;3;15;0;1
2026-05-01;393;B395;Type 1;B;3;35;0;1
2026-05-01;394;B396;Type 1;B;3;15;1;0
2026-05-01;395;B397;Type 4;B;3;10;0;1
2026-05-01;396;B398;Type 1;B;3;25;1;0
2026-05-01;397;C001;Type 2;C;0;15;1;0
2026-05-01;398;C002;Type 1;C;0;15;0;1
2026-05-01;399;C003;Type 2;C;0;15;1;0
2026-05-01;400;C004;Type 1;C;0;40;0;1
2026-05-01;401;C005;Type 2;C;0;20;0;1
2026-05-01;402;C006;Type 1;C;0;15;1;0
2026-05-01;403;C007;Type 2;C;0;15;1;0
2026-05-01;404;C008;Type 3;C;0;20;1;0
2026-05-01;405;C009;Type 2;C;0;20;1;0
2026-05-01;406;C010;Type 1;C;0;20;1;0
2026-05-01;407;C011;Type 1;C;0;25;0;1
2026-05-01;408;C012;Type 3;C;0;20;1;0
2026-05-01;409;C013;Type 1;C;0;10;1;0
2026-05-01;410;C014;Type 3;C;0;10;0;1
2026-05-01;411;C015;Type 1;C;0;20;0;1
2026-05-01;412;C016;Type 4;C;0;10;0;1
2026-05-01;413;C017;Type 2;C;0;10;0;1
2026-05-01;414;C018;Type 2;C;0;25;1;0
2026-05-01;415;C019;Type 1;C;0;20;0;1
2026-05-01;416;C020;Type 2;C;0;25;0;1
2026-05-01;417;C101;Type 2;C;1;20;1;0
2026-05-01;418;C102;Type 2;C;1;30;1;0
2026-05-01;419;C103;Type 3;C;1;15;0;1
2026-05-01;420;C104;Type 2;C;1;20;1;0
2026-05-01;421;C105;Type 2;C;1;15;1;0
2026-05-01;422;C106;Type 2;C;1;20;1;0
2026-05-01;423;C107;Type 2;C;1;20;1;0
2026-05-01;424;C108;Type 4;C;1;20;1;0
2026-05-01;425;C109;Type 2;C;1;25;0;1
2026-05-01;426;C110;Type 2;C;1;40;0;1
2026-05-01;427;C111;Type 3;C;1;20;0;1
2026-05-01;428;C112;Type 1;C;1;15;0;1
2026-05-01;429;C113;Type 1;C;1;20;1;0
2026-05-01;430;C114;Type 1;C;1;25;0;1
2026-05-01;431;C115;Type 2;C;1;15;0;1
2026-05-01;432;C116;Type 1;C;1;10;0;1
2026-05-01;433;C117;Type 1;C;1;10;0;1
2026-05-01;434;C118;Type 1;C;1;10;0;1
2026-05-01;435;C119;Type 3;C;1;15;1;0
2026-05-01;436;C120;Type 4;C;1;30;1;0
2026-05-01;437;C121;Type 2;C;1;15;1;0
2026-05-01;438;C122;Type 3;C;1;25;0;1
2026-05-01;439;C123;Type 3;C;1;25;1;0
2026-05-01;440;C124;Type 1;C;1;20;1;0
2026-05-01;441;C125;Type 1;C;1;20;0;1
2026-05-01;442;C126;Type 3;C;1;10;0;1
2026-05-01;443;C127;Type 1;C;1;20;1;0
2026-05-01;444;C128;Type 3;C;1;15;0;1
2026-05-01;445;C129;Type 2;C;1;20;1;0
2026-05-01;446;C130;Type 1;C;1;15;1;0
2026-05-01;447;C131;Type 3;C;1;30;0;1
2026-05-01;448;C132;Type 2;C;1;15;1;0
2026-05-01;449;C133;Type 3;C;1;25;1;0
2026-05-01;450;C134;Type 1;C;1;15;1;0
2026-05-01;451;C135;Type 2;C;1;25;1;0
2026-05-01;452;C136;Type 1;C;1;20;1;0
2026-05-01;453;C137;Type 3;C;1;25;1;0
2026-05-01;454;C138;Type 3;C;1;10;0;1
2026-05-01;455;C139;Type 2;C;1;25;0;1
2026-05-01;456;C140;Type 2;C;1;25;0;1
2026-05-01;457;C141;Type 2;C;1;10;0;1
2026-05-01;458;C142;Type 1;C;1;15;1;0
2026-05-01;459;C143;Type 1;C;1;25;0;1
2026-05-01;460;C144;Type 2;C;1;20;1;0
2026-05-01;461;C145;Type 1;C;1;30;0;1
2026-05-01;462;C146;Type 2;C;1;25;1;0
2026-05-01;463;C147;Type 3;C;1;15;0;1
2026-05-01;464;C148;Type 3;C;1;15;0;1
2026-05-01;465;C149;Type 1;C;1;30;1;0
2026-05-01;466;C150;Type 2;C;1;15;1;0
2026-05-01;467;C151;Type 2;C;1;20;0;1
2026-05-01;468;C152;Type 1;C;1;25;0;1
2026-05-01;469;C153;Type 1;C;1;25;1;0
2026-05-01;470;C154;Type 1;C;1;20;0;1
2026-05-01;471;C155;Type 1;C;1;25;1;0
2026-05-01;472;C156;Type 1;C;1;20;0;1
2026-05-01;473;C157;Type 2;C;1;35;1;0
2026-05-01;474;C158;Type 1;C;1;25;0;1
2026-05-01;475;C159;Type 2;C;1;25;0;1
2026-05-01;476;C160;Type 1;C;1;10;1;0
2026-05-01;477;C161;Type 1;C;1;20;0;1
2026-05-01;478;C162;Type 3;C;1;25;1;0
2026-05-01;479;C163;Type 2;C;1;15;0;1
2026-05-01;480;C164;Type 2;C;1;15;0;1
2026-05-01;481;C165;Type 1;C;1;40;0;1
2026-05-01;482;C166;Type 4;C;1;15;1;0
2026-05-01;483;C167;Type 2;C;1;25;0;1
2026-05-01;484;C168;Type 1;C;1;35;0;1
2026-05-01;485;C169;Type 3;C;1;20;0;1
2026-05-01;486;C170;Type 2;C;1;20;0;1
2026-05-01;487;C171;Type 3;C;1;30;1;0
2026-05-01;488;C172;Type 2;C;1;15;1;0
2026-05-01;489;C173;Type 1;C;1;20;0;1
2026-05-01;490;C174;Type 1;C;1;25;1;0
2026-05-01;491;C175;Type 1;C;1;20;0;1
2026-05-01;492;C176;Type 2;C;1;15;0;1
2026-05-01;493;C177;Type 5;C;1;25;0;1
2026-05-01;494;C178;Type 1;C;1;20;0;1
2026-05-01;495;C179;Type 2;C;1;30;0;1
2026-05-01;496;C180;Type 1;C;1;25;0;1
2026-05-01;497;C201;Type 1;C;2;20;0;1
2026-05-01;498;C202;Type 3;C;2;20;0;1
2026-05-01;499;C203;Type 3;C;2;20;1;0
2026-05-01;500;C204;Type 1;C;2;15;0;1
2026-05-01;501;C205;Type 2;C;2;20;1;0
2026-05-01;502;C206;Type 2;C;2;25;1;0
2026-05-01;503;C207;Type 3;C;2;25;1;0
2026-05-01;504;C208;Type 1;C;2;25;1;0
2026-05-01;505;C209;Type 1;C;2;20;1;0
2026-05-01;506;C210;Type 1;C;2;15;0;1
2026-05-01;507;C211;Type 5;C;2;35;0;1
2026-05-01;508;C212;Type 2;C;2;15;0;1
2026-05-01;509;C213;Type 4;C;2;20;1;0
2026-05-01;510;C214;Type 1;C;2;25;1;0
2026-05-01;511;C215;Type 2;C;2;15;0;1
2026-05-01;512;C216;Type 2;C;2;30;0;1
2026-05-01;513;C217;Type 2;C;2;10;0;1
2026-05-01;514;C218;Type 3;C;2;25;0;1
2026-05-01;515;C219;Type 1;C;2;10;1;0
2026-05-01;516;C220;Type 1;C;2;15;0;1
2026-05-01;517;C221;Type 3;C;2;25;0;1
2026-05-01;518;C222;Type 5;C;2;20;0;1
2026-05-01;519;C223;Type 1;C;2;20;0;1
2026-05-01;520;C224;Type 2;C;2;20;0;1
2026-05-01;521;C225;Type 2;C;2;25;1;0
2026-05-01;522;C226;Type 1;C;2;10;1;0
2026-05-01;523;C227;Type 1;C;2;20;1;0
2026-05-01;524;C228;Type 3;C;2;40;0;1
2026-05-01;525;C229;Type 2;C;2;30;0;1
2026-05-01;526;C230;Type 2;C;2;35;0;1
2026-05-01;527;C231;Type 3;C;2;20;1;0
2026-05-01;528;C232;Type 1;C;2;25;0;1
2026-05-01;529;C233;Type 4;C;2;15;1;0
2026-05-01;530;C234;Type 5;C;2;20;1;0
2026-05-01;531;C235;Type 2;C;2;10;1;0
2026-05-01;532;C236;Type 1;C;2;20;1;0
2026-05-01;533;C237;Type 1;C;2;30;0;1
2026-05-01;534;C238;Type 1;C;2;10;1;0
2026-05-01;535;C239;Type 3;C;2;15;1;0
2026-05-01;536;C240;Type 2;C;2;15;1;0
2026-05-01;537;C241;Type 2;C;2;30;0;1
2026-05-01;538;C242;Type 2;C;2;15;0;1
2026-05-01;539;C243;Type 3;C;2;15;0;1
2026-05-01;540;C244;Type 3;C;2;15;1;0
2026-05-01;541;C245;Type 4;C;2;25;0;1
2026-05-01;542;C246;Type 2;C;2;25;1;0
2026-05-01;543;C247;Type 1;C;2;20;0;1
2026-05-01;544;C248;Type 2;C;2;10;0;1
2026-05-01;545;C249;Type 2;C;2;20;1;0
2026-05-01;546;C250;Type 3;C;2;30;1;0
2026-05-01;547;C251;Type 2;C;2;50;0;1
2026-05-01;548;C252;Type 1;C;2;15;1;0
2026-05-01;549;C253;Type 2;C;2;25;0;1
2026-05-01;550;C254;Type 1;C;2;20;1;0
2026-05-01;551;C255;Type 2;C;2;15;1;0
2026-05-01;552;C256;Type 1;C;2;15;0;1
2026-05-01;553;C257;Type 2;C;2;20;0;1
2026-05-01;554;C258;Type 2;C;2;25;0;1
2026-05-01;555;C259;Type 4;C;2;25;1;0
2026-05-01;556;C260;Type 3;C;2;20;0;1
2026-05-01;557;C261;Type 2;C;2;15;0;1
2026-05-01;558;C262;Type 1;C;2;20;1;0
2026-05-01;559;C263;Type 2;C;2;20;0;1
2026-05-01;560;C264;Type 2;C;2;10;0;1
2026-05-01;561;C265;Type 1;C;2;15;1;0
2026-05-01;562;C266;Type 1;C;2;20;0;1
2026-05-01;563;C267;Type 1;C;2;15;1;0
2026-05-01;564;C268;Type 1;C;2;25;0;1
2026-05-01;565;C269;Type 1;C;2;25;0;1
2026-05-01;566;C270;Type 3;C;2;25;1;0
2026-05-01;567;C271;Type 4;C;2;20;1;0
2026-05-01;568;C272;Type 3;C;2;15;0;1
2026-05-01;569;C273;Type 3;C;2;25;0;1
2026-05-01;570;C274;Type 2;C;2;10;0;1
2026-05-01;571;C275;Type 1;C;2;25;1;0
2026-05-01;572;C276;Type 2;C;2;25;1;0
2026-05-01;573;C277;Type 1;C;2;20;1;0
2026-05-01;574;C278;Type 1;C;2;10;0;1
2026-05-01;575;C279;Type 1;C;2;10;0;1
2026-05-01;576;C280;Type 2;C;2;15;0;1
2026-05-01;577;C281;Type 1;C;2;20;0;1
2026-05-01;578;C282;Type 1;C;2;15;0;1
2026-05-01;579;C283;Type 2;C;2;15;1;0
2026-05-01;580;C284;Type 2;C;2;15;0;1
2026-05-01;581;C285;Type 1;C;2;20;1;0
2026-05-01;582;C286;Type 3;C;2;10;0;1
2026-05-01;583;C287;Type 1;C;2;20;1;0
2026-05-01;584;C288;Type 1;C;2;20;0;1
2026-05-01;585;C289;Type 2;C;2;10;1;0
2026-05-01;586;C290;Type 2;C;2;20;1;0
2026-05-01;587;C291;Type 5;C;2;10;0;1
2026-05-01;588;C292;Type 2;C;2;30;0;1
2026-05-01;589;C293;Type 3;C;2;15;0;1
2026-05-01;590;C294;Type 1;C;2;10;1;0
2026-05-01;591;C295;Type 1;C;2;20;0;1
2026-05-01;592;C296;Type 2;C;2;30;1;0
2026-05-01;593;C297;Type 4;C;2;30;1;0
2026-05-01;594;C298;Type 2;C;2;10;0;1
2026-05-01;595;C299;Type 2;C;2;30;1;0
2026-05-01;596;C301;Type 1;C;3;15;0;1
2026-05-01;597;C302;Type 1;C;3;30;0;1
2026-05-01;598;C303;Type 4;C;3;15;1;0
2026-05-01;599;C304;Type 2;C;3;20;1;0
2026-05-01;600;C305;Type 4;C;3;15;0;1
2026-05-01;601;C306;Type 3;C;3;30;1;0
2026-05-01;602;C307;Type 1;C;3;20;1;0
2026-05-01;603;C308;Type 2;C;3;15;1;0
2026-05-01;604;C309;Type 2;C;3;15;1;0
2026-05-01;605;C310;Type 3;C;3;20;1;0
2026-05-01;606;C311;Type 2;C;3;10;1;0
2026-05-01;607;C312;Type 2;C;3;15;0;1
2026-05-01;608;C313;Type 2;C;3;15;1;0
2026-05-01;609;C314;Type 2;C;3;20;1;0
2026-05-01;610;C315;Type 3;C;3;25;0;1
2026-05-01;611;C316;Type 2;C;3;15;0;1
2026-05-01;612;C317;Type 1;C;3;25;1;0
2026-05-01;613;C318;Type 2;C;3;30;1;0
2026-05-01;614;C319;Type 2;C;3;15;0;1
2026-05-01;615;C320;Type 1;C;3;30;0;1
2026-05-01;616;C321;Type 2;C;3;15;1;0
2026-05-01;617;C322;Type 2;C;3;10;0;1
2026-05-01;618;C323;Type 3;C;3;15;0;1
2026-05-01;619;C324;Type 1;C;3;25;0;1
2026-05-01;620;C325;Type 3;C;3;15;1;0
2026-05-01;621;C326;Type 4;C;3;15;1;0
2026-05-01;622;C327;Type 3;C;3;15;1;0
2026-05-01;623;C328;Type 2;C;3;20;0;1
2026-05-01;624;C329;Type 3;C;3;15;0;1
2026-05-01;625;C330;Type 2;C;3;30;0;1
2026-05-01;626;C331;Type 4;C;3;10;1;0
2026-05-01;627;C332;Type 3;C;3;20;1;0
2026-05-01;628;C333;Type 1;C;3;35;0;1
2026-05-01;629;C334;Type 1;C;3;15;0;1
2026-05-01;630;C335;Type 1;C;3;30;1;0
2026-05-01;631;C336;Type 5;C;3;10;1;0
2026-05-01;632;C337;Type 2;C;3;25;0;1
2026-05-01;633;C338;Type 1;C;3;20;1;0
2026-05-01;634;C339;Type 1;C;3;30;0;1
2026-05-01;635;C340;Type 2;C;3;20;0;1
2026-05-01;636;C341;Type 1;C;3;20;0;1
2026-05-01;637;C342;Type 3;C;3;10;1;0
2026-05-01;638;C343;Type 2;C;3;25;1;0
2026-05-01;639;C344;Type 1;C;3;20;1;0
2026-05-01;640;C345;Type 3;C;3;35;1;0
2026-05-01;641;C346;Type 3;C;3;15;0;1
2026-05-01;642;C347;Type 1;C;3;20;0;1
2026-05-01;643;C348;Type 1;C;3;25;1;0
2026-05-01;644;C349;Type 2;C;3;15;1;0
2026-05-01;645;C350;Type 1;C;3;15;0;1
2026-05-01;646;C351;Type 2;C;3;25;1;0
2026-05-01;647;C352;Type 2;C;3;10;1;0
2026-05-01;648;C353;Type 1;C;3;15;0;1
2026-05-01;649;C354;Type 3;C;3;20;0;1
2026-05-01;650;C355;Type 2;C;3;25;0;1
2026-05-01;651;C356;Type 3;C;3;15;0;1
2026-05-01;652;C357;Type 2;C;3;15;1;0
2026-05-01;653;C358;Type 1;C;3;15;1;0
2026-05-01;654;C359;Type 2;C;3;10;0;1
2026-05-01;655;C360;Type 1;C;3;30;0;1
2026-05-01;656;C361;Type 1;C;3;25;1;0
2026-05-01;657;C362;Type 2;C;3;20;1;0
2026-05-01;658;C363;Type 2;C;3;20;0;1
2026-05-01;659;C364;Type 1;C;3;10;0;1
2026-05-01;660;C365;Type 2;C;3;30;1;0
2026-05-01;661;C366;Type 1;C;3;20;0;1
2026-05-01;662;C367;Type 1;C;3;20;0;1
2026-05-01;663;C368;Type 1;C;3;15;0;1
2026-05-01;664;C369;Type 1;C;3;15;1;0
2026-05-01;665;C370;Type 1;C;3;25;1;0
2026-05-01;666;C371;Type 2;C;3;10;0;1
2026-05-01;667;C372;Type 4;C;3;25;0;1
2026-05-01;668;C373;Type 1;C;3;25;0;1
2026-05-01;669;C374;Type 5;C;3;25;0;1
2026-05-01;670;C375;Type 1;C;3;15;0;1
2026-05-01;671;C376;Type 3;C;3;30;0;1
2026-05-01;672;C377;Type 1;C;3;20;0;1
2026-05-01;673;C378;Type 2;C;3;25;1;0
2026-05-01;674;C379;Type 2;C;3;10;0;1
2026-05-01;675;C380;Type 1;C;3;10;0;1
2026-05-01;676;C381;Type 5;C;3;15;0;1
2026-05-01;677;C382;Type 1;C;3;20;1;0
2026-05-01;678;C383;Type 3;C;3;30;0;1
2026-05-01;679;C384;Type 2;C;3;25;0;1
2026-05-01;680;C385;Type 3;C;3;15;0;1
2026-05-01;681;C386;Type 2;C;3;15;1;0
2026-05-01;682;C387;Type 1;C;3;25;0;1
2026-05-01;683;C388;Type 3;C;3;10;1;0
2026-05-01;684;C389;Type 2;C;3;25;1;0
2026-05-01;685;C390;Type 4;C;3;20;1;0
2026-05-01;686;C391;Type 1;C;3;25;1;0
2026-05-01;687;C392;Type 2;C;3;20;1;0
2026-05-01;688;C393;Type 2;C;3;15;0;1
2026-05-01;689;C394;Type 5;C;3;20;1;0
2026-05-01;690;C395;Type 1;C;3;20;1;0
2026-05-01;691;C396;Type 3;C;3;25;0;1
2026-05-01;692;C397;Type 1;C;3;35;0;1
2026-05-01;693;C398;Type 3;C;3;15;1;0
2026-05-01;694;C399;Type 2;C;3;20;1;0
2026-05-01;695;C401;Type 2;C;4;15;1;0
2026-05-01;696;C402;Type 1;C;4;25;1;0
2026-05-01;697;C403;Type 2;C;4;15;1;0
2026-05-01;698;C404;Type 1;C;4;15;0;1
2026-05-01;699;C405;Type 1;C;4;20;0;1
2026-05-01;700;C406;Type 2;C;4;10;0;1
2026-05-01;701;C407;Type 4;C;4;15;0;1
2026-05-01;702;C408;Type 2;C;4;20;0;1
2026-05-01;703;C409;Type 4;C;4;20;0;1
2026-05-01;704;C410;Type 3;C;4;15;1;0
2026-05-01;705;C411;Type 2;C;4;10;0;1
2026-05-01;706;C412;Type 2;C;4;20;1;0
2026-05-01;707;C413;Type 1;C;4;10;0;1
2026-05-01;708;C414;Type 1;C;4;20;0;1
2026-05-01;709;C415;Type 2;C;4;10;0;1
2026-05-01;710;C416;Type 1;C;4;15;0;1
2026-05-01;711;C417;Type 1;C;4;15;0;1
2026-05-01;712;C418;Type 1;C;4;20;0;1
2026-05-01;713;C419;Type 2;C;4;15;0;1
2026-05-01;714;C420;Type 2;C;4;15;0;1
2026-05-01;715;C421;Type 1;C;4;25;1;0
2026-05-01;716;C422;Type 1;C;4;25;0;1
2026-05-01;717;C423;Type 2;C;4;15;1;0
2026-05-01;718;C424;Type 2;C;4;15;1;0
2026-05-01;719;C425;Type 2;C;4;15;0;1
2026-05-01;720;C426;Type 3;C;4;15;1;0
2026-05-01;721;C427;Type 2;C;4;10;1;0
2026-05-01;722;C428;Type 3;C;4;35;1;0
2026-05-01;723;C429;Type 3;C;4;15;0;1
2026-05-01;724;C430;Type 2;C;4;10;0;1
2026-05-01;725;C431;Type 2;C;4;10;0;1
2026-05-01;726;C432;Type 2;C;4;25;1;0
2026-05-01;727;C433;Type 2;C;4;20;0;1
2026-05-01;728;C434;Type 1;C;4;25;0;1
2026-05-01;729;C435;Type 1;C;4;20;0;1
2026-05-01;730;C436;Type 2;C;4;20;1;0
2026-05-01;731;C437;Type 2;C;4;15;1;0
2026-05-01;732;C438;Type 3;C;4;15;1;0
2026-05-01;733;C439;Type 2;C;4;10;1;0
2026-05-01;734;C440;Type 2;C;4;10;1;0
2026-05-01;735;C441;Type 1;C;4;10;1;0
2026-05-01;736;C442;Type 1;C;4;20;0;1
2026-05-01;737;C443;Type 1;C;4;20;0;1
2026-05-01;738;C444;Type 3;C;4;25;1;0
2026-05-01;739;C445;Type 1;C;4;15;0;1
2026-05-01;740;C446;Type 2;C;4;15;1;0
2026-05-01;741;C447;Type 2;C;4;15;1;0
2026-05-01;742;C448;Type 1;C;4;20;0;1
2026-05-01;743;C449;Type 1;C;4;20;1;0
2026-05-01;744;C450;Type 2;C;4;40;1;0
2026-05-01;745;C451;Type 1;C;4;25;0;1
2026-05-01;746;C452;Type 2;C;4;25;1;0
2026-05-01;747;C453;Type 2;C;4;15;1;0
2026-05-01;748;C454;Type 1;C;4;10;0;1
2026-05-01;749;C455;Type 1;C;4;20;1;0
2026-05-01;750;C456;Type 2;C;4;25;0;1
2026-05-01;751;C457;Type 4;C;4;10;0;1
2026-05-01;752;C458;Type 1;C;4;20;1;0
2026-05-01;753;C459;Type 1;C;4;25;0;1
2026-05-01;754;C460;Type 1;C;4;15;0;1
2026-05-01;755;C461;Type 3;C;4;15;0;1
2026-05-01;756;C462;Type 1;C;4;20;1;0
2026-05-01;757;C463;Type 1;C;4;20;0;1
2026-05-01;758;C464;Type 4;C;4;25;0;1
2026-05-01;759;C465;Type 1;C;4;10;0;1
2026-05-01;760;C466;Type 3;C;4;15;0;1
2026-05-01;761;C467;Type 1;C;4;25;0;1
2026-05-01;762;C468;Type 1;C;4;10;0;1
2026-05-01;763;C469;Type 1;C;4;15;0;1
2026-05-01;764;C470;Type 2;C;4;30;0;1
2026-05-01;765;C471;Type 2;C;4;10;0;1
2026-05-01;766;C472;Type 2;C;4;30;1;0
2026-05-01;767;C473;Type 1;C;4;20;0;1
2026-05-01;768;C474;Type 1;C;4;20;0;1
2026-05-01;769;C475;Type 2;C;4;10;0;1
2026-05-01;770;C476;Type 3;C;4;20;1;0
2026-05-01;771;C477;Type 1;C;4;15;0;1
2026-05-01;772;C478;Type 2;C;4;25;0;1
2026-05-01;773;C479;Type 2;C;4;10;0;1
2026-05-01;774;C480;Type 2;C;4;25;1;0
2026-05-01;775;C481;Type 1;C;4;20;0;1
2026-05-01;776;C482;Type 3;C;4;15;1;0
2026-05-01;777;C483;Type 1;C;4;30;0;1
2026-05-01;778;C484;Type 2;C;4;20;1;0
2026-05-01;779;C485;Type 2;C;4;30;0;1
2026-05-01;780;C486;Type 4;C;4;35;0;1
2026-05-01;781;C487;Type 2;C;4;25;1;0
2026-05-01;782;C488;Type 1;C;4;30;0;1
2026-05-01;783;C489;Type 2;C;4;20;0;1
2026-05-01;784;C490;Type 3;C;4;10;0;1
2026-05-01;785;C491;Type 1;C;4;20;1;0
2026-05-01;786;C492;Type 1;C;4;15;0;1
2026-05-02;0;A001;Type 3;A;0;10;1;0
2026-05-02;1;A002;Type 2;A;0;10;0;1
2026-05-02;2;A003;Type 3;A;0;10;0;1
2026-05-02;3;A004;Type 4;A;0;15;0;1
2026-05-02;4;A005;Type 1;A;0;10;1;0
2026-05-02;5;A006;Type 2;A;0;10;0;1
2026-05-02;6;A007;Type 2;A;0;10;0;1
2026-05-02;7;A008;Type 2;A;0;15;1;0
2026-05-02;8;A009;Type 2;A;0;25;0;1
2026-05-02;9;A010;Type 2;A;0;10;1;0
2026-05-02;10;A101;Type 2;A;1;10;0;1
2026-05-02;11;A102;Type 3;A;1;25;1;0
2026-05-02;12;A103;Type 4;A;1;15;1;0
2026-05-02;13;A104;Type 3;A;1;15;0;1
2026-05-02;14;A105;Type 2;A;1;15;0;1
2026-05-02;15;A106;Type 3;A;1;10;0;1
2026-05-02;16;A107;Type 2;A;1;10;0;1
2026-05-02;17;A108;Type 2;A;1;20;1;0
2026-05-02;18;A109;Type 2;A;1;10;0;1
2026-05-02;19;A110;Type 1;A;1;10;1;0
2026-05-02;20;A111;Type 1;A;1;15;0;1
2026-05-02;21;A112;Type 2;A;1;15;0;1
2026-05-02;22;A113;Type 3;A;1;10;0;1
2026-05-02;23;A114;Type 1;A;1;10;0;1
2026-05-02;24;A115;Type 2;A;1;15;0;1
2026-05-02;25;A116;Type 1;A;1;20;0;1
2026-05-02;26;A117;Type 1;A;1;10;0;1
2026-05-02;27;A118;Type 2;A;1;10;0;1
2026-05-02;28;A119;Type 1;A;1;10;0;1
2026-05-02;29;A120;Type 3;A;1;10;0;1
2026-05-02;30;A121;Type 3;A;1;15;0;1
2026-05-02;31;A122;Type 1;A;1;10;1;0
2026-05-02;32;A123;Type 2;A;1;10;0;1
2026-05-02;33;A124;Type 3;A;1;10;1;0
2026-05-02;34;A125;Type 3;A;1;10;1;0
2026-05-02;35;A126;Type 1;A;1;15;0;1
2026-05-02;36;A127;Type 2;A;1;20;0;1
2026-05-02;37;A128;Type 2;A;1;20;1;0
2026-05-02;38;A129;Type 2;A;1;10;0;1
2026-05-02;39;A130;Type 1;A;1;15;0;1
2026-05-02;40;A131;Type 4;A;1;15;0;1
2026-05-02;41;A132;Type 3;A;1;25;0;1
2026-05-02;42;A133;Type 1;A;1;10;1;0
2026-05-02;43;A134;Type 1;A;1;10;0;1
2026-05-02;44;A135;Type 1;A;1;15;0;1
2026-05-02;45;A136;Type 3;A;1;10;0;1
2026-05-02;46;A137;Type 4;A;1;20;0;1
2026-05-02;47;A138;Type 1;A;1;10;1;0
2026-05-02;48;A139;Type 1;A;1;30;0;1
2026-05-02;49;A140;Type 1;A;1;10;1;0
2026-05-02;50;A141;Type 1;A;1;25;1;0
2026-05-02;51;A142;Type 4;A;1;15;0;1
2026-05-02;52;A143;Type 3;A;1;10;0;1
2026-05-02;53;A144;Type 1;A;1;25;0;1
2026-05-02;54;A145;Type 3;A;1;20;1;0
2026-05-02;55;A146;Type 1;A;1;20;0;1
2026-05-02;56;A147;Type 2;A;1;15;0;1
2026-05-02;57;A148;Type 3;A;1;20;1;0
2026-05-02;58;A149;Type 1;A;1;10;1;0
2026-05-02;59;A150;Type 2;A;1;15;0;1
2026-05-02;60;A201;Type 1;A;2;20;1;0
2026-05-02;61;A202;Type 2;A;2;15;0;1
2026-05-02;62;A203;Type 3;A;2;10;1;0
2026-05-02;63;A204;Type 1;A;2;20;1;0
2026-05-02;64;A205;Type 1;A;2;10;0;1
2026-05-02;65;A206;Type 2;A;2;15;1;0
2026-05-02;66;A207;Type 2;A;2;10;0;1
2026-05-02;67;A208;Type 1;A;2;10;0;1
2026-05-02;68;A209;Type 1;A;2;10;0;1
2026-05-02;69;A210;Type 3;A;2;20;1;0
2026-05-02;70;A211;Type 1;A;2;20;0;1
2026-05-02;71;A212;Type 1;A;2;25;1;0
2026-05-02;72;A213;Type 1;A;2;10;1;0
2026-05-02;73;A214;Type 2;A;2;10;0;1
2026-05-02;74;A215;Type 2;A;2;15;1;0
2026-05-02;75;A216;Type 3;A;2;15;1;0
2026-05-02;76;A217;Type 2;A;2;10;0;1
2026-05-02;77;A218;Type 1;A;2;15;0;1
2026-05-02;78;A219;Type 1;A;2;20;1;0
2026-05-02;79;A220;Type 2;A;2;20;1;0
2026-05-02;80;A221;Type 4;A;2;10;0;1
2026-05-02;81;A222;Type 3;A;2;10;0;1
2026-05-02;82;A223;Type 2;A;2;10;0;1
2026-05-02;83;A224;Type 2;A;2;25;1;0
2026-05-02;84;A225;Type 2;A;2;10;1;0
2026-05-02;85;A226;Type 2;A;2;15;1;0
2026-05-02;86;A227;Type 1;A;2;10;0;1
2026-05-02;87;A228;Type 1;A;2;10;0;1
2026-05-02;88;A229;Type 3;A;2;10;1;0
2026-05-02;89;A230;Type 1;A;2;15;0;1
2026-05-02;90;A231;Type 2;A;2;10;1;0
2026-05-02;91;A232;Type 1;A;2;10;1;0
2026-05-02;92;A233;Type 2;A;2;15;1;0
2026-05-02;93;A234;Type 1;A;2;15;1;0
2026-05-02;94;A235;Type 1;A;2;15;0;1
2026-05-02;95;A236;Type 2;A;2;10;0;1
2026-05-02;96;A237;Type 3;A;2;10;1;0
2026-05-02;97;A238;Type 3;A;2;20;1;0
2026-05-02;98;A239;Type 4;A;2;20;1;0
2026-05-02;99;A240;Type 2;A;2;10;0;1
2026-05-02;100;B001;Type 1;B;0;15;0;1
2026-05-02;101;B002;Type 1;B;0;15;1;0
2026-05-02;102;B003;Type 2;B;0;10;1;0
2026-05-02;103;B004;Type 2;B;0;15;1;0
2026-05-02;104;B005;Type 3;B;0;30;1;0
2026-05-02;105;B006;Type 3;B;0;25;0;1
2026-05-02;106;B007;Type 2;B;0;15;0;1
2026-05-02;107;B008;Type 3;B;0;25;1;0
2026-05-02;108;B009;Type 4;B;0;50;1;0
2026-05-02;109;B010;Type 2;B;0;20;0;1
2026-05-02;110;B011;Type 1;B;0;25;0;1
2026-05-02;111;B012;Type 2;B;0;20;1;0
2026-05-02;112;B013;Type 1;B;0;20;1;0
2026-05-02;113;B014;Type 2;B;0;25;0;1
2026-05-02;114;B015;Type 2;B;0;30;0;1
2026-05-02;115;B016;Type 3;B;0;30;0;1
2026-05-02;116;B017;Type 1;B;0;15;1;0
2026-05-02;117;B018;Type 1;B;0;10;1;0
2026-05-02;118;B019;Type 4;B;0;20;0;1
2026-05-02;119;B020;Type 1;B;0;20;1;0
2026-05-02;120;B101;Type 1;B;1;25;0;1
2026-05-02;121;B102;Type 1;B;1;20;1;0
2026-05-02;122;B103;Type 2;B;1;15;1;0
2026-05-02;123;B104;Type 3;B;1;15;0;1
2026-05-02;124;B105;Type 1;B;1;25;0;1
2026-05-02;125;B106;Type 1;B;1;25;1;0
2026-05-02;126;B107;Type 4;B;1;20;0;1
2026-05-02;127;B108;Type 2;B;1;15;0;1
2026-05-02;128;B109;Type 2;B;1;20;0;1
2026-05-02;129;B110;Type 1;B;1;15;0;1
2026-05-02;130;B111;Type 2;B;1;15;1;0
2026-05-02;131;B112;Type 1;B;1;30;1;0
2026-05-02;132;B113;Type 1;B;1;20;1;0
2026-05-02;133;B114;Type 3;B;1;10;0;1
2026-05-02;134;B115;Type 3;B;1;20;0;1
2026-05-02;135;B116;Type 1;B;1;20;1;0
2026-05-02;136;B117;Type 5;B;1;20;0;1
2026-05-02;137;B118;Type 2;B;1;25;0;1
2026-05-02;138;B119;Type 1;B;1;15;0;1
2026-05-02;139;B120;Type 1;B;1;20;0;1
2026-05-02;140;B121;Type 1;B;1;10;0;1
2026-05-02;141;B122;Type 2;B;1;20;0;1
2026-05-02;142;B123;Type 1;B;1;25;1;0
2026-05-02;143;B124;Type 2;B;1;30;0;1
2026-05-02;144;B125;Type 2;B;1;20;0;1
2026-05-02;145;B126;Type 1;B;1;20;0;1
2026-05-02;146;B127;Type 1;B;1;15;1;0
2026-05-02;147;B128;Type 4;B;1;25;0;1
2026-05-02;148;B129;Type 1;B;1;15;0;1
2026-05-02;149;B130;Type 2;B;1;25;1;0
2026-05-02;150;B131;Type 1;B;1;30;0;1
2026-05-02;151;B132;Type 2;B;1;20;1;0
2026-05-02;152;B133;Type 1;B;1;35;0;1
2026-05-02;153;B134;Type 2;B;1;20;0;1
2026-05-02;154;B135;Type 1;B;1;15;0;1
2026-05-02;155;B136;Type 2;B;1;10;1;0
2026-05-02;156;B137;Type 2;B;1;20;1;0
2026-05-02;157;B138;Type 3;B;1;25;1;0
2026-05-02;158;B139;Type 3;B;1;15;0;1
2026-05-02;159;B140;Type 4;B;1;20;1;0
2026-05-02;160;B141;Type 1;B;1;25;0;1
2026-05-02;161;B142;Type 3;B;1;20;1;0
2026-05-02;162;B143;Type 3;B;1;25;0;1
2026-05-02;163;B144;Type 3;B;1;10;1;0
2026-05-02;164;B145;Type 2;B;1;20;0;1
2026-05-02;165;B146;Type 1;B;1;15;1;0
2026-05-02;166;B147;Type 3;B;1;15;0;1
2026-05-02;167;B148;Type 1;B;1;30;0;1
2026-05-02;168;B149;Type 2;B;1;15;1;0
2026-05-02;169;B150;Type 4;B;1;20;1;0
2026-05-02;170;B151;Type 5;B;1;20;1;0
2026-05-02;171;B152;Type 3;B;1;25;1;0
2026-05-02;172;B153;Type 2;B;1;30;0;1
2026-05-02;173;B154;Type 1;B;1;35;0;1
2026-05-02;174;B155;Type 3;B;1;45;1;0
2026-05-02;175;B156;Type 2;B;1;20;0;1
2026-05-02;176;B157;Type 1;B;1;20;0;1
2026-05-02;177;B158;Type 4;B;1;40;1;0
2026-05-02;178;B159;Type 1;B;1;25;0;1
2026-05-02;179;B160;Type 3;B;1;20;1;0
2026-05-02;180;B161;Type 2;B;1;20;1;0
2026-05-02;181;B162;Type 1;B;1;25;0;1
2026-05-02;182;B163;Type 2;B;1;20;1;0
2026-05-02;183;B164;Type 1;B;1;35;1;0
2026-05-02;184;B165;Type 3;B;1;10;0;1
2026-05-02;185;B166;Type 1;B;1;30;0;1
2026-05-02;186;B167;Type 2;B;1;20;0;1
2026-05-02;187;B168;Type 3;B;1;30;0;1
2026-05-02;188;B169;Type 3;B;1;25;0;1
2026-05-02;189;B170;Type 1;B;1;20;0;1
2026-05-02;190;B171;Type 2;B;1;20;0;1
2026-05-02;191;B172;Type 2;B;1;20;0;1
2026-05-02;192;B173;Type 1;B;1;10;0;1
2026-05-02;193;B174;Type 1;B;1;20;1;0
2026-05-02;194;B175;Type 1;B;1;15;0;1
2026-05-02;195;B176;Type 1;B;1;25;0;1
2026-05-02;196;B177;Type 1;B;1;10;0;1
2026-05-02;197;B178;Type 1;B;1;25;0;1
2026-05-02;198;B179;Type 1;B;1;15;1;0
2026-05-02;199;B180;Type 3;B;1;20;1;0
2026-05-02;200;B201;Type 4;B;2;15;0;1
2026-05-02;201;B202;Type 1;B;2;30;0;1
2026-05-02;202;B203;Type 1;B;2;15;0;1
2026-05-02;203;B204;Type 1;B;2;15;1;0
2026-05-02;204;B205;Type 2;B;2;25;0;1
2026-05-02;205;B206;Type 2;B;2;25;0;1
2026-05-02;206;B207;Type 2;B;2;15;0;1
2026-05-02;207;B208;Type 1;B;2;10;1;0
2026-05-02;208;B209;Type 1;B;2;25;1;0
2026-05-02;209;B210;Type 4;B;2;25;1;0
2026-05-02;210;B211;Type 3;B;2;15;1;0
2026-05-02;211;B212;Type 4;B;2;20;0;1
2026-05-02;212;B213;Type 5;B;2;25;0;1
2026-05-02;213;B214;Type 1;B;2;15;0;1
2026-05-02;214;B215;Type 1;B;2;25;0;1
2026-05-02;215;B216;Type 1;B;2;20;0;1
2026-05-02;216;B217;Type 3;B;2;25;0;1
2026-05-02;217;B218;Type 2;B;2;20;0;1
2026-05-02;218;B219;Type 3;B;2;10;0;1
2026-05-02;219;B220;Type 3;B;2;25;1;0
2026-05-02;220;B221;Type 2;B;2;20;0;1
2026-05-02;221;B222;Type 3;B;2;25;1;0
2026-05-02;222;B223;Type 4;B;2;30;0;1
2026-05-02;223;B224;Type 3;B;2;15;1;0
2026-05-02;224;B225;Type 1;B;2;20;1;0
2026-05-02;225;B226;Type 1;B;2;15;1;0
2026-05-02;226;B227;Type 1;B;2;20;0;1
2026-05-02;227;B228;Type 3;B;2;10;0;1
2026-05-02;228;B229;Type 2;B;2;25;0;1
2026-05-02;229;B230;Type 3;B;2;15;0;1
2026-05-02;230;B231;Type 1;B;2;20;1;0
2026-05-02;231;B232;Type 2;B;2;25;0;1
2026-05-02;232;B233;Type 2;B;2;25;0;1
2026-05-02;233;B234;Type 3;B;2;10;1;0
2026-05-02;234;B235;Type 3;B;2;15;1;0
2026-05-02;235;B236;Type 3;B;2;20;0;1
2026-05-02;236;B237;Type 1;B;2;15;1;0
2026-05-02;237;B238;Type 1;B;2;25;0;1
2026-05-02;238;B239;Type 2;B;2;25;0;1
2026-05-02;239;B240;Type 1;B;2;15;1;0
2026-05-02;240;B241;Type 1;B;2;20;1;0
2026-05-02;241;B242;Type 2;B;2;10;1;0
2026-05-02;242;B243;Type 1;B;2;20;0;1
2026-05-02;243;B244;Type 5;B;2;20;1;0
2026-05-02;244;B245;Type 3;B;2;35;0;1
2026-05-02;245;B246;Type 3;B;2;55;0;1
2026-05-02;246;B247;Type 2;B;2;10;0;1
2026-05-02;247;B248;Type 1;B;2;15;0;1
2026-05-02;248;B249;Type 1;B;2;20;0;1
2026-05-02;249;B250;Type 2;B;2;15;1;0
2026-05-02;250;B251;Type 3;B;2;25;0;1
2026-05-02;251;B252;Type 4;B;2;10;0;1
2026-05-02;252;B253;Type 1;B;2;20;1;0
2026-05-02;253;B254;Type 1;B;2;20;0;1
2026-05-02;254;B255;Type 2;B;2;20;0;1
2026-05-02;255;B256;Type 5;B;2;25;0;1
2026-05-02;256;B257;Type 3;B;2;10;1;0
2026-05-02;257;B258;Type 2;B;2;20;1;0
2026-05-02;258;B259;Type 2;B;2;30;1;0
2026-05-02;259;B260;Type 1;B;2;25;0;1
2026-05-02;260;B261;Type 2;B;2;15;0;1
2026-05-02;261;B262;Type 1;B;2;20;0;1
2026-05-02;262;B263;Type 2;B;2;15;0;1
2026-05-02;263;B264;Type 2;B;2;25;0;1
2026-05-02;264;B265;Type 2;B;2;20;0;1
2026-05-02;265;B266;Type 2;B;2;20;0;1
2026-05-02;266;B267;Type 3;B;2;15;0;1
2026-05-02;267;B268;Type 2;B;2;15;0;1
2026-05-02;268;B269;Type 1;B;2;20;1;0
2026-05-02;269;B270;Type 2;B;2;20;1;0
2026-05-02;270;B271;Type 1;B;2;10;0;1
2026-05-02;271;B272;Type 1;B;2;15;0;1
2026-05-02;272;B273;Type 1;B;2;30;0;1
2026-05-02;273;B274;Type 1;B;2;15;1;0
2026-05-02;274;B275;Type 3;B;2;25;1;0
2026-05-02;275;B276;Type 2;B;2;25;1;0
2026-05-02;276;B277;Type 3;B;2;20;0;1
2026-05-02;277;B278;Type 3;B;2;25;0;1
2026-05-02;278;B279;Type 1;B;2;15;1;0
2026-05-02;279;B280;Type 1;B;2;35;1;0
2026-05-02;280;B281;Type 3;B;2;25;0;1
2026-05-02;281;B282;Type 2;B;2;10;1;0
2026-05-02;282;B283;Type 2;B;2;20;1;0
2026-05-02;283;B284;Type 3;B;2;15;0;1
2026-05-02;284;B285;Type 3;B;2;15;0;1
2026-05-02;285;B286;Type 2;B;2;25;0;1
2026-05-02;286;B287;Type 2;B;2;15;0;1
2026-05-02;287;B288;Type 2;B;2;15;0;1
2026-05-02;288;B289;Type 2;B;2;25;1;0
2026-05-02;289;B290;Type 4;B;2;15;0;1
2026-05-02;290;B291;Type 1;B;2;15;1;0
2026-05-02;291;B292;Type 3;B;2;35;1;0
2026-05-02;292;B293;Type 2;B;2;15;1;0
2026-05-02;293;B294;Type 1;B;2;20;1;0
2026-05-02;294;B295;Type 2;B;2;10;0;1
2026-05-02;295;B296;Type 3;B;2;20;1;0
2026-05-02;296;B297;Type 2;B;2;45;1;0
2026-05-02;297;B298;Type 1;B;2;15;0;1
2026-05-02;298;B299;Type 1;B;2;20;1;0
2026-05-02;299;B301;Type 3;B;3;10;0;1
2026-05-02;300;B302;Type 3;B;3;25;0;1
2026-05-02;301;B303;Type 3;B;3;20;0;1
2026-05-02;302;B304;Type 2;B;3;20;0;1
2026-05-02;303;B305;Type 2;B;3;20;1;0
2026-05-02;304;B306;Type 3;B;3;30;1;0
2026-05-02;305;B307;Type 1;B;3;20;0;1
2026-05-02;306;B308;Type 1;B;3;20;1;0
2026-05-02;307;B309;Type 4;B;3;20;1;0
2026-05-02;308;B310;Type 2;B;3;35;1;0
2026-05-02;309;B311;Type 2;B;3;15;0;1
2026-05-02;310;B312;Type 3;B;3;25;0;1
2026-05-02;311;B313;Type 1;B;3;15;0;1
2026-05-02;312;B314;Type 2;B;3;10;0;1
2026-05-02;313;B315;Type 1;B;3;10;1;0
2026-05-02;314;B316;Type 1;B;3;40;0;1
2026-05-02;315;B317;Type 3;B;3;25;1;0
2026-05-02;316;B318;Type 2;B;3;20;0;1
2026-05-02;317;B319;Type 2;B;3;10;0;1
2026-05-02;318;B320;Type 1;B;3;15;0;1
2026-05-02;319;B321;Type 5;B;3;20;1;0
2026-05-02;320;B322;Type 1;B;3;30;1;0
2026-05-02;321;B323;Type 2;B;3;30;0;1
2026-05-02;322;B324;Type 2;B;3;25;0;1
2026-05-02;323;B325;Type 1;B;3;10;0;1
2026-05-02;324;B326;Type 1;B;3;25;1;0
2026-05-02;325;B327;Type 4;B;3;25;0;1
2026-05-02;326;B328;Type 2;B;3;15;0;1
2026-05-02;327;B329;Type 3;B;3;15;0;1
2026-05-02;328;B330;Type 1;B;3;15;1;0
2026-05-02;329;B331;Type 1;B;3;30;0;1
2026-05-02;330;B332;Type 1;B;3;25;0;1
2026-05-02;331;B333;Type 3;B;3;20;1;0
2026-05-02;332;B334;Type 2;B;3;25;1;0
2026-05-02;333;B335;Type 2;B;3;20;1;0
2026-05-02;334;B336;Type 2;B;3;30;0;1
2026-05-02;335;B337;Type 2;B;3;20;0;1
2026-05-02;336;B338;Type 1;B;3;15;1;0
2026-05-02;337;B339;Type 2;B;3;20;1;0
2026-05-02;338;B340;Type 1;B;3;20;0;1
2026-05-02;339;B341;Type 2;B;3;30;1;0
2026-05-02;340;B342;Type 2;B;3;15;1;0
2026-05-02;341;B343;Type 2;B;3;15;0;1
2026-05-02;342;B344;Type 2;B;3;10;1;0
2026-05-02;343;B345;Type 1;B;3;20;0;1
2026-05-02;344;B346;Type 3;B;3;15;1;0
2026-05-02;345;B347;Type 2;B;3;10;0;1
2026-05-02;346;B348;Type 1;B;3;15;0;1
2026-05-02;347;B349;Type 2;B;3;15;0;1
2026-05-02;348;B350;Type 1;B;3;20;1;0
2026-05-02;349;B351;Type 1;B;3;10;0;1
2026-05-02;350;B352;Type 2;B;3;20;0;1
2026-05-02;351;B353;Type 3;B;3;15;0;1
2026-05-02;352;B354;Type 2;B;3;20;1;0
2026-05-02;353;B355;Type 2;B;3;10;1;0
2026-05-02;354;B356;Type 2;B;3;30;1;0
2026-05-02;355;B357;Type 2;B;3;15;0;1
2026-05-02;356;B358;Type 2;B;3;15;1;0
2026-05-02;357;B359;Type 1;B;3;10;1;0
2026-05-02;358;B360;Type 1;B;3;10;1;0
2026-05-02;359;B361;Type 1;B;3;25;0;1
2026-05-02;360;B362;Type 1;B;3;20;1;0
2026-05-02;361;B363;Type 5;B;3;20;0;1
2026-05-02;362;B364;Type 2;B;3;35;0;1
2026-05-02;363;B365;Type 2;B;3;20;0;1
2026-05-02;364;B366;Type 1;B;3;15;0;1
2026-05-02;365;B367;Type 2;B;3;15;0;1
2026-05-02;366;B368;Type 5;B;3;20;1;0
2026-05-02;367;B369;Type 2;B;3;15;0;1
2026-05-02;368;B370;Type 1;B;3;20;0;1
2026-05-02;369;B371;Type 2;B;3;15;1;0
2026-05-02;370;B372;Type 2;B;3;20;0;1
2026-05-02;371;B373;Type 3;B;3;15;0;1
2026-05-02;372;B374;Type 2;B;3;15;1;0
2026-05-02;373;B375;Type 3;B;3;15;0;1
2026-05-02;374;B376;Type 2;B;3;15;0;1
2026-05-02;375;B377;Type 1;B;3;20;1;0
2026-05-02;376;B378;Type 1;B;3;20;0;1
2026-05-02;377;B379;Type 2;B;3;15;0;1
2026-05-02;378;B380;Type 1;B;3;25;1;0
2026-05-02;379;B381;Type 2;B;3;25;0;1
2026-05-02;380;B382;Type 2;B;3;25;0;1
2026-05-02;381;B383;Type 1;B;3;35;0;1
2026-05-02;382;B384;Type 1;B;3;15;1;0
2026-05-02;383;B385;Type 1;B;3;20;1;0
2026-05-02;384;B386;Type 1;B;3;20;1;0
2026-05-02;385;B387;Type 2;B;3;15;0;1
2026-05-02;386;B388;Type 3;B;3;25;1;0
2026-05-02;387;B389;Type 3;B;3;20;1;0
2026-05-02;388;B390;Type 1;B;3;25;1;0
2026-05-02;389;B391;Type 2;B;3;25;1;0
2026-05-02;390;B392;Type 1;B;3;25;0;1
2026-05-02;391;B393;Type 2;B;3;20;1;0
2026-05-02;392;B394;Type 3;B;3;15;1;0
2026-05-02;393;B395;Type 1;B;3;35;0;1
2026-05-02;394;B396;Type 1;B;3;15;0;1
2026-05-02;395;B397;Type 4;B;3;10;1;0
2026-05-02;396;B398;Type 1;B;3;25;0;1
2026-05-02;397;C001;Type 2;C;0;15;0;1
2026-05-02;398;C002;Type 1;C;0;15;1;0
2026-05-02;399;C003;Type 2;C;0;15;1;0
2026-05-02;400;C004;Type 1;C;0;40;1;0
2026-05-02;401;C005;Type 2;C;0;20;1;0
2026-05-02;402;C006;Type 1;C;0;15;0;1
2026-05-02;403;C007;Type 2;C;0;15;1;0
2026-05-02;404;C008;Type 3;C;0;20;0;1
2026-05-02;405;C009;Type 2;C;0;20;0;1
2026-05-02;406;C010;Type 1;C;0;20;1;0
2026-05-02;407;C011;Type 1;C;0;25;0;1
2026-05-02;408;C012;Type 3;C;0;20;0;1
2026-05-02;409;C013;Type 1;C;0;10;0;1
2026-05-02;410;C014;Type 3;C;0;10;0;1
2026-05-02;411;C015;Type 1;C;0;20;0;1
2026-05-02;412;C016;Type 4;C;0;10;0;1
2026-05-02;413;C017;Type 2;C;0;10;0;1
2026-05-02;414;C018;Type 2;C;0;25;0;1
2026-05-02;415;C019;Type 1;C;0;20;1;0
2026-05-02;416;C020;Type 2;C;0;25;1;0
2026-05-02;417;C101;Type 2;C;1;20;1;0
2026-05-02;418;C102;Type 2;C;1;30;0;1
2026-05-02;419;C103;Type 3;C;1;15;1;0
2026-05-02;420;C104;Type 2;C;1;20;0;1
2026-05-02;421;C105;Type 2;C;1;15;0;1
2026-05-02;422;C106;Type 2;C;1;20;1;0
2026-05-02;423;C107;Type 2;C;1;20;0;1
2026-05-02;424;C108;Type 4;C;1;20;1;0
2026-05-02;425;C109;Type 2;C;1;25;0;1
2026-05-02;426;C110;Type 2;C;1;40;1;0
2026-05-02;427;C111;Type 3;C;1;20;0;1
2026-05-02;428;C112;Type 1;C;1;15;0;1
2026-05-02;429;C113;Type 1;C;1;20;0;1
2026-05-02;430;C114;Type 1;C;1;25;0;1
2026-05-02;431;C115;Type 2;C;1;15;0;1
2026-05-02;432;C116;Type 1;C;1;10;1;0
2026-05-02;433;C117;Type 1;C;1;10;1;0
2026-05-02;434;C118;Type 1;C;1;10;0;1
2026-05-02;435;C119;Type 3;C;1;15;1;0
2026-05-02;436;C120;Type 4;C;1;30;0;1
2026-05-02;437;C121;Type 2;C;1;15;0;1
2026-05-02;438;C122;Type 3;C;1;25;0;1
2026-05-02;439;C123;Type 3;C;1;25;0;1
2026-05-02;440;C124;Type 1;C;1;20;0;1
2026-05-02;441;C125;Type 1;C;1;20;1;0
2026-05-02;442;C126;Type 3;C;1;10;0;1
2026-05-02;443;C127;Type 1;C;1;20;0;1
2026-05-02;444;C128;Type 3;C;1;15;1;0
2026-05-02;445;C129;Type 2;C;1;20;0;1
2026-05-02;446;C130;Type 1;C;1;15;1;0
2026-05-02;447;C131;Type 3;C;1;30;0;1
2026-05-02;448;C132;Type 2;C;1;15;0;1
2026-05-02;449;C133;Type 3;C;1;25;0;1
2026-05-02;450;C134;Type 1;C;1;15;1;0
2026-05-02;451;C135;Type 2;C;1;25;1;0
2026-05-02;452;C136;Type 1;C;1;20;0;1
2026-05-02;453;C137;Type 3;C;1;25;1;0
2026-05-02;454;C138;Type 3;C;1;10;0;1
2026-05-02;455;C139;Type 2;C;1;25;1;0
2026-05-02;456;C140;Type 2;C;1;25;0;1
2026-05-02;457;C141;Type 2;C;1;10;0;1
2026-05-02;458;C142;Type 1;C;1;15;0;1
2026-05-02;459;C143;Type 1;C;1;25;1;0
2026-05-02;460;C144;Type 2;C;1;20;0;1
2026-05-02;461;C145;Type 1;C;1;30;0;1
2026-05-02;462;C146;Type 2;C;1;25;1;0
2026-05-02;463;C147;Type 3;C;1;15;1;0
2026-05-02;464;C148;Type 3;C;1;15;1;0
2026-05-02;465;C149;Type 1;C;1;30;1;0
2026-05-02;466;C150;Type 2;C;1;15;0;1
2026-05-02;467;C151;Type 2;C;1;20;0;1
2026-05-02;468;C152;Type 1;C;1;25;0;1
2026-05-02;469;C153;Type 1;C;1;25;1;0
2026-05-02;470;C154;Type 1;C;1;20;1;0
2026-05-02;471;C155;Type 1;C;1;25;0;1
2026-05-02;472;C156;Type 1;C;1;20;0;1
2026-05-02;473;C157;Type 2;C;1;35;0;1
2026-05-02;474;C158;Type 1;C;1;25;0;1
2026-05-02;475;C159;Type 2;C;1;25;1;0
2026-05-02;476;C160;Type 1;C;1;10;0;1
2026-05-02;477;C161;Type 1;C;1;20;1;0
2026-05-02;478;C162;Type 3;C;1;25;0;1
2026-05-02;479;C163;Type 2;C;1;15;0;1
2026-05-02;480;C164;Type 2;C;1;15;0;1
2026-05-02;481;C165;Type 1;C;1;40;1;0
2026-05-02;482;C166;Type 4;C;1;15;0;1
2026-05-02;483;C167;Type 2;C;1;25;0;1
2026-05-02;484;C168;Type 1;C;1;35;0;1
2026-05-02;485;C169;Type 3;C;1;20;0;1
2026-05-02;486;C170;Type 2;C;1;20;1;0
2026-05-02;487;C171;Type 3;C;1;30;0;1
2026-05-02;488;C172;Type 2;C;1;15;1;0
2026-05-02;489;C173;Type 1;C;1;20;1;0
2026-05-02;490;C174;Type 1;C;1;25;1;0
2026-05-02;491;C175;Type 1;C;1;20;0;1
2026-05-02;492;C176;Type 2;C;1;15;0;1
2026-05-02;493;C177;Type 5;C;1;25;1;0
2026-05-02;494;C178;Type 1;C;1;20;0;1
2026-05-02;495;C179;Type 2;C;1;30;0;1
2026-05-02;496;C180;Type 1;C;1;25;1;0
2026-05-02;497;C201;Type 1;C;2;20;0;1
2026-05-02;498;C202;Type 3;C;2;20;0;1
2026-05-02;499;C203;Type 3;C;2;20;0;1
2026-05-02;500;C204;Type 1;C;2;15;1;0
2026-05-02;501;C205;Type 2;C;2;20;0;1
2026-05-02;502;C206;Type 2;C;2;25;1;0
2026-05-02;503;C207;Type 3;C;2;25;0;1
2026-05-02;504;C208;Type 1;C;2;25;1;0
2026-05-02;505;C209;Type 1;C;2;20;1;0
2026-05-02;506;C210;Type 1;C;2;15;1;0
2026-05-02;507;C211;Type 5;C;2;35;1;0
2026-05-02;508;C212;Type 2;C;2;15;0;1
2026-05-02;509;C213;Type 4;C;2;20;1;0
2026-05-02;510;C214;Type 1;C;2;25;0;1
2026-05-02;511;C215;Type 2;C;2;15;0;1
2026-05-02;512;C216;Type 2;C;2;30;1;0
2026-05-02;513;C217;Type 2;C;2;10;0;1
2026-05-02;514;C218;Type 3;C;2;25;0;1
2026-05-02;515;C219;Type 1;C;2;10;0;1
2026-05-02;516;C220;Type 1;C;2;15;1;0
2026-05-02;517;C221;Type 3;C;2;25;1;0
2026-05-02;518;C222;Type 5;C;2;20;0;1
2026-05-02;519;C223;Type 1;C;2;20;0;1
2026-05-02;520;C224;Type 2;C;2;20;0;1
2026-05-02;521;C225;Type 2;C;2;25;1;0
2026-05-02;522;C226;Type 1;C;2;10;0;1
2026-05-02;523;C227;Type 1;C;2;20;0;1
2026-05-02;524;C228;Type 3;C;2;40;1;0
2026-05-02;525;C229;Type 2;C;2;30;0;1
2026-05-02;526;C230;Type 2;C;2;35;0;1
2026-05-02;527;C231;Type 3;C;2;20;0;1
2026-05-02;528;C232;Type 1;C;2;25;1;0
2026-05-02;529;C233;Type 4;C;2;15;1;0
2026-05-02;530;C234;Type 5;C;2;20;0;1
2026-05-02;531;C235;Type 2;C;2;10;1;0
2026-05-02;532;C236;Type 1;C;2;20;0;1
2026-05-02;533;C237;Type 1;C;2;30;0;1
2026-05-02;534;C238;Type 1;C;2;10;1;0
2026-05-02;535;C239;Type 3;C;2;15;1;0
2026-05-02;536;C240;Type 2;C;2;15;1;0
2026-05-02;537;C241;Type 2;C;2;30;1;0
2026-05-02;538;C242;Type 2;C;2;15;0;1
2026-05-02;539;C243;Type 3;C;2;15;1;0
2026-05-02;540;C244;Type 3;C;2;15;0;1
2026-05-02;541;C245;Type 4;C;2;25;0;1
2026-05-02;542;C246;Type 2;C;2;25;0;1
2026-05-02;543;C247;Type 1;C;2;20;1;0
2026-05-02;544;C248;Type 2;C;2;10;0;1
2026-05-02;545;C249;Type 2;C;2;20;0;1
2026-05-02;546;C250;Type 3;C;2;30;0;1
2026-05-02;547;C251;Type 2;C;2;50;0;1
2026-05-02;548;C252;Type 1;C;2;15;0;1
2026-05-02;549;C253;Type 2;C;2;25;0;1
2026-05-02;550;C254;Type 1;C;2;20;0;1
2026-05-02;551;C255;Type 2;C;2;15;0;1
2026-05-02;552;C256;Type 1;C;2;15;1;0
2026-05-02;553;C257;Type 2;C;2;20;1;0
2026-05-02;554;C258;Type 2;C;2;25;1;0
2026-05-02;555;C259;Type 4;C;2;25;0;1
2026-05-02;556;C260;Type 3;C;2;20;0;1
2026-05-02;557;C261;Type 2;C;2;15;0;1
2026-05-02;558;C262;Type 1;C;2;20;0;1
2026-05-02;559;C263;Type 2;C;2;20;0;1
2026-05-02;560;C264;Type 2;C;2;10;1;0
2026-05-02;561;C265;Type 1;C;2;15;1;0
2026-05-02;562;C266;Type 1;C;2;20;1;0
2026-05-02;563;C267;Type 1;C;2;15;0;1
2026-05-02;564;C268;Type 1;C;2;25;1;0
2026-05-02;565;C269;Type 1;C;2;25;0;1
2026-05-02;566;C270;Type 3;C;2;25;0;1
2026-05-02;567;C271;Type 4;C;2;20;1;0
2026-05-02;568;C272;Type 3;C;2;15;1;0
2026-05-02;569;C273;Type 3;C;2;25;0;1
2026-05-02;570;C274;Type 2;C;2;10;0;1
2026-05-02;571;C275;Type 1;C;2;25;0;1
2026-05-02;572;C276;Type 2;C;2;25;1;0
2026-05-02;573;C277;Type 1;C;2;20;1;0
2026-05-02;574;C278;Type 1;C;2;10;1;0
2026-05-02;575;C279;Type 1;C;2;10;0;1
2026-05-02;576;C280;Type 2;C;2;15;1;0
2026-05-02;577;C281;Type 1;C;2;20;1;0
2026-05-02;578;C282;Type 1;C;2;15;0;1
2026-05-02;579;C283;Type 2;C;2;15;1;0
2026-05-02;580;C284;Type 2;C;2;15;1;0
2026-05-02;581;C285;Type 1;C;2;20;1;0
2026-05-02;582;C286;Type 3;C;2;10;1;0
2026-05-02;583;C287;Type 1;C;2;20;0;1
2026-05-02;584;C288;Type 1;C;2;20;1;0
2026-05-02;585;C289;Type 2;C;2;10;0;1
2026-05-02;586;C290;Type 2;C;2;20;1;0
2026-05-02;587;C291;Type 5;C;2;10;0;1
2026-05-02;588;C292;Type 2;C;2;30;0;1
2026-05-02;589;C293;Type 3;C;2;15;0;1
2026-05-02;590;C294;Type 1;C;2;10;0;1
2026-05-02;591;C295;Type 1;C;2;20;0;1
2026-05-02;592;C296;Type 2;C;2;30;1;0
2026-05-02;593;C297;Type 4;C;2;30;1;0
2026-05-02;594;C298;Type 2;C;2;10;0;1
2026-05-02;595;C299;Type 2;C;2;30;1;0
2026-05-02;596;C301;Type 1;C;3;15;0;1
2026-05-02;597;C302;Type 1;C;3;30;1;0
2026-05-02;598;C303;Type 4;C;3;15;0;1
2026-05-02;599;C304;Type 2;C;3;20;0;1
2026-05-02;600;C305;Type 4;C;3;15;0;1
2026-05-02;601;C306;Type 3;C;3;30;1;0
2026-05-02;602;C307;Type 1;C;3;20;0;1
2026-05-02;603;C308;Type 2;C;3;15;1;0
2026-05-02;604;C309;Type 2;C;3;15;0;1
2026-05-02;605;C310;Type 3;C;3;20;0;1
2026-05-02;606;C311;Type 2;C;3;10;0;1
2026-05-02;607;C312;Type 2;C;3;15;0;1
2026-05-02;608;C313;Type 2;C;3;15;1;0
2026-05-02;609;C314;Type 2;C;3;20;0;1
2026-05-02;610;C315;Type 3;C;3;25;0;1
2026-05-02;611;C316;Type 2;C;3;15;1;0
2026-05-02;612;C317;Type 1;C;3;25;0;1
2026-05-02;613;C318;Type 2;C;3;30;1;0
2026-05-02;614;C319;Type 2;C;3;15;0;1
2026-05-02;615;C320;Type 1;C;3;30;1;0
2026-05-02;616;C321;Type 2;C;3;15;0;1
2026-05-02;617;C322;Type 2;C;3;10;0;1
2026-05-02;618;C323;Type 3;C;3;15;0;1
2026-05-02;619;C324;Type 1;C;3;25;1;0
2026-05-02;620;C325;Type 3;C;3;15;0;1
2026-05-02;621;C326;Type 4;C;3;15;1;0
2026-05-02;622;C327;Type 3;C;3;15;0;1
2026-05-02;623;C328;Type 2;C;3;20;1;0
2026-05-02;624;C329;Type 3;C;3;15;1;0
2026-05-02;625;C330;Type 2;C;3;30;1;0
2026-05-02;626;C331;Type 4;C;3;10;0;1
2026-05-02;627;C332;Type 3;C;3;20;0;1
2026-05-02;628;C333;Type 1;C;3;35;0;1
2026-05-02;629;C334;Type 1;C;3;15;0;1
2026-05-02;630;C335;Type 1;C;3;30;0;1
2026-05-02;631;C336;Type 5;C;3;10;0;1
2026-05-02;632;C337;Type 2;C;3;25;0;1
2026-05-02;633;C338;Type 1;C;3;20;0;1
2026-05-02;634;C339;Type 1;C;3;30;0;1
2026-05-02;635;C340;Type 2;C;3;20;0;1
2026-05-02;636;C341;Type 1;C;3;20;0;1
2026-05-02;637;C342;Type 3;C;3;10;0;1
2026-05-02;638;C343;Type 2;C;3;25;0;1
2026-05-02;639;C344;Type 1;C;3;20;0;1
2026-05-02;640;C345;Type 3;C;3;35;0;1
2026-05-02;641;C346;Type 3;C;3;15;1;0
2026-05-02;642;C347;Type 1;C;3;20;1;0
2026-05-02;643;C348;Type 1;C;3;25;1;0
2026-05-02;644;C349;Type 2;C;3;15;1;0
2026-05-02;645;C350;Type 1;C;3;15;0;1
2026-05-02;646;C351;Type 2;C;3;25;1;0
2026-05-02;647;C352;Type 2;C;3;10;0;1
2026-05-02;648;C353;Type 1;C;3;15;1;0
2026-05-02;649;C354;Type 3;C;3;20;1;0
2026-05-02;650;C355;Type 2;C;3;25;1;0
2026-05-02;651;C356;Type 3;C;3;15;0;1
2026-05-02;652;C357;Type 2;C;3;15;0;1
2026-05-02;653;C358;Type 1;C;3;15;0;1
2026-05-02;654;C359;Type 2;C;3;10;0;1
2026-05-02;655;C360;Type 1;C;3;30;1;0
2026-05-02;656;C361;Type 1;C;3;25;0;1
2026-05-02;657;C362;Type 2;C;3;20;1;0
2026-05-02;658;C363;Type 2;C;3;20;0;1
2026-05-02;659;C364;Type 1;C;3;10;1;0
2026-05-02;660;C365;Type 2;C;3;30;0;1
2026-05-02;661;C366;Type 1;C;3;20;1;0
2026-05-02;662;C367;Type 1;C;3;20;0;1
2026-05-02;663;C368;Type 1;C;3;15;1;0
2026-05-02;664;C369;Type 1;C;3;15;1;0
2026-05-02;665;C370;Type 1;C;3;25;1;0
2026-05-02;666;C371;Type 2;C;3;10;1;0
2026-05-02;667;C372;Type 4;C;3;25;0;1
2026-05-02;668;C373;Type 1;C;3;25;0;1
2026-05-02;669;C374;Type 5;C;3;25;1;0
2026-05-02;670;C375;Type 1;C;3;15;0;1
2026-05-02;671;C376;Type 3;C;3;30;1;0
2026-05-02;672;C377;Type 1;C;3;20;0;1
2026-05-02;673;C378;Type 2;C;3;25;0;1
2026-05-02;674;C379;Type 2;C;3;10;1;0
2026-05-02;675;C380;Type 1;C;3;10;0;1
2026-05-02;676;C381;Type 5;C;3;15;0;1
2026-05-02;677;C382;Type 1;C;3;20;0;1
2026-05-02;678;C383;Type 3;C;3;30;1;0
2026-05-02;679;C384;Type 2;C;3;25;0;1
2026-05-02;680;C385;Type 3;C;3;15;0;1
2026-05-02;681;C386;Type 2;C;3;15;1;0
2026-05-02;682;C387;Type 1;C;3;25;0;1
2026-05-02;683;C388;Type 3;C;3;10;1;0
2026-05-02;684;C389;Type 2;C;3;25;0;1
2026-05-02;685;C390;Type 4;C;3;20;0;1
2026-05-02;686;C391;Type 1;C;3;25;1;0
2026-05-02;687;C392;Type 2;C;3;20;1;0
2026-05-02;688;C393;Type 2;C;3;15;0;1
2026-05-02;689;C394;Type 5;C;3;20;1;0
2026-05-02;690;C395;Type 1;C;3;20;0;1
2026-05-02;691;C396;Type 3;C;3;25;0;1
2026-05-02;692;C397;Type 1;C;3;35;0;1
2026-05-02;693;C398;Type 3;C;3;15;1;0
2026-05-02;694;C399;Type 2;C;3;20;0;1
2026-05-02;695;C401;Type 2;C;4;15;1;0
2026-05-02;696;C402;Type 1;C;4;25;1;0
2026-05-02;697;C403;Type 2;C;4;15;0;1
2026-05-02;698;C404;Type 1;C;4;15;0;1
2026-05-02;699;C405;Type 1;C;4;20;0;1
2026-05-02;700;C406;Type 2;C;4;10;0;1
2026-05-02;701;C407;Type 4;C;4;15;0;1
2026-05-02;702;C408;Type 2;C;4;20;0;1
2026-05-02;703;C409;Type 4;C;4;20;1;0
2026-05-02;704;C410;Type 3;C;4;15;1;0
2026-05-02;705;C411;Type 2;C;4;10;0;1
2026-05-02;706;C412;Type 2;C;4;20;1;0
2026-05-02;707;C413;Type 1;C;4;10;0;1
2026-05-02;708;C414;Type 1;C;4;20;0;1
2026-05-02;709;C415;Type 2;C;4;10;0;1
2026-05-02;710;C416;Type 1;C;4;15;1;0
2026-05-02;711;C417;Type 1;C;4;15;1;0
2026-05-02;712;C418;Type 1;C;4;20;1;0
2026-05-02;713;C419;Type 2;C;4;15;0;1
2026-05-02;714;C420;Type 2;C;4;15;0;1
2026-05-02;715;C421;Type 1;C;4;25;1;0
2026-05-02;716;C422;Type 1;C;4;25;0;1
2026-05-02;717;C423;Type 2;C;4;15;0;1
2026-05-02;718;C424;Type 2;C;4;15;1;0
2026-05-02;719;C425;Type 2;C;4;15;0;1
2026-05-02;720;C426;Type 3;C;4;15;0;1
2026-05-02;721;C427;Type 2;C;4;10;1;0
2026-05-02;722;C428;Type 3;C;4;35;1;0
2026-05-02;723;C429;Type 3;C;4;15;0;1
2026-05-02;724;C430;Type 2;C;4;10;0;1
2026-05-02;725;C431;Type 2;C;4;10;0;1
2026-05-02;726;C432;Type 2;C;4;25;1;0
2026-05-02;727;C433;Type 2;C;4;20;0;1
2026-05-02;728;C434;Type 1;C;4;25;0;1
2026-05-02;729;C435;Type 1;C;4;20;1;0
2026-05-02;730;C436;Type 2;C;4;20;1;0
2026-05-02;731;C437;Type 2;C;4;15;1;0
2026-05-02;732;C438;Type 3;C;4;15;1;0
2026-05-02;733;C439;Type 2;C;4;10;1;0
2026-05-02;734;C440;Type 2;C;4;10;1;0
2026-05-02;735;C441;Type 1;C;4;10;1;0
2026-05-02;736;C442;Type 1;C;4;20;1;0
2026-05-02;737;C443;Type 1;C;4;20;0;1
2026-05-02;738;C444;Type 3;C;4;25;1;0
2026-05-02;739;C445;Type 1;C;4;15;0;1
2026-05-02;740;C446;Type 2;C;4;15;1;0
2026-05-02;741;C447;Type 2;C;4;15;0;1
2026-05-02;742;C448;Type 1;C;4;20;1;0
2026-05-02;743;C449;Type 1;C;4;20;0;1
2026-05-02;744;C450;Type 2;C;4;40;0;1
2026-05-02;745;C451;Type 1;C;4;25;0;1
2026-05-02;746;C452;Type 2;C;4;25;0;1
2026-05-02;747;C453;Type 2;C;4;15;1;0
2026-05-02;748;C454;Type 1;C;4;10;0;1
2026-05-02;749;C455;Type 1;C;4;20;1;0
2026-05-02;750;C456;Type 2;C;4;25;1;0
2026-05-02;751;C457;Type 4;C;4;10;0;1
2026-05-02;752;C458;Type 1;C;4;20;0;1
2026-05-02;753;C459;Type 1;C;4;25;1;0
2026-05-02;754;C460;Type 1;C;4;15;0;1
2026-05-02;755;C461;Type 3;C;4;15;1;0
2026-05-02;756;C462;Type 1;C;4;20;0;1
2026-05-02;757;C463;Type 1;C;4;20;1;0
2026-05-02;758;C464;Type 4;C;4;25;1;0
2026-05-02;759;C465;Type 1;C;4;10;1;0
2026-05-02;760;C466;Type 3;C;4;15;1;0
2026-05-02;761;C467;Type 1;C;4;25;1;0
2026-05-02;762;C468;Type 1;C;4;10;1;0
2026-05-02;763;C469;Type 1;C;4;15;0;1
2026-05-02;764;C470;Type 2;C;4;30;0;1
2026-05-02;765;C471;Type 2;C;4;10;1;0
2026-05-02;766;C472;Type 2;C;4;30;0;1
2026-05-02;767;C473;Type 1;C;4;20;0;1
2026-05-02;768;C474;Type 1;C;4;20;0;1
2026-05-02;769;C475;Type 2;C;4;10;1;0
2026-05-02;770;C476;Type 3;C;4;20;1;0
2026-05-02;771;C477;Type 1;C;4;15;0;1
2026-05-02;772;C478;Type 2;C;4;25;0;1
2026-05-02;773;C479;Type 2;C;4;10;1;0
2026-05-02;774;C480;Type 2;C;4;25;1;0
2026-05-02;775;C481;Type 1;C;4;20;1;0
2026-05-02;776;C482;Type 3;C;4;15;0;1
2026-05-02;777;C483;Type 1;C;4;30;0;1
2026-05-02;778;C484;Type 2;C;4;20;1;0
2026-05-02;779;C485;Type 2;C;4;30;1;0
2026-05-02;780;C486;Type 4;C;4;35;0;1
2026-05-02;781;C487;Type 2;C;4;25;1;0
2026-05-02;782;C488;Type 1;C;4;30;1;0
2026-05-02;783;C489;Type 2;C;4;20;1;0
2026-05-02;784;C490;Type 3;C;4;10;0;1
2026-05-02;785;C491;Type 1;C;4;20;0;1
2026-05-02;786;C492;Type 1;C;4;15;0;1
2026-05-03;0;A001;Type 3;A;0;10;1;0
2026-05-03;1;A002;Type 2;A;0;10;1;0
2026-05-03;2;A003;Type 3;A;0;10;1;0
2026-05-03;3;A004;Type 4;A;0;15;1;0
2026-05-03;4;A005;Type 1;A;0;10;1;0
2026-05-03;5;A006;Type 2;A;0;10;1;0
2026-05-03;6;A007;Type 2;A;0;10;0;1
2026-05-03;7;A008;Type 2;A;0;15;1;0
2026-05-03;8;A009;Type 2;A;0;25;1;0
2026-05-03;9;A010;Type 2;A;0;10;0;1
2026-05-03;10;A101;Type 2;A;1;10;1;0
2026-05-03;11;A102;Type 3;A;1;25;0;1
2026-05-03;12;A103;Type 4;A;1;15;1;0
2026-05-03;13;A104;Type 3;A;1;15;1;0
2026-05-03;14;A105;Type 2;A;1;15;1;0
2026-05-03;15;A106;Type 3;A;1;10;1;0
2026-05-03;16;A107;Type 2;A;1;10;1;0
2026-05-03;17;A108;Type 2;A;1;20;1;0
2026-05-03;18;A109;Type 2;A;1;10;1;0
2026-05-03;19;A110;Type 1;A;1;10;1;0
2026-05-03;20;A111;Type 1;A;1;15;1;0
2026-05-03;21;A112;Type 2;A;1;15;1;0
2026-05-03;22;A113;Type 3;A;1;10;1;0
2026-05-03;23;A114;Type 1;A;1;10;1;0
2026-05-03;24;A115;Type 2;A;1;15;1;0
2026-05-03;25;A116;Type 1;A;1;20;1;0
2026-05-03;26;A117;Type 1;A;1;10;1;0
2026-05-03;27;A118;Type 2;A;1;10;1;0
2026-05-03;28;A119;Type 1;A;1;10;1;0
2026-05-03;29;A120;Type 3;A;1;10;0;1
2026-05-03;30;A121;Type 3;A;1;15;1;0
2026-05-03;31;A122;Type 1;A;1;10;0;1
2026-05-03;32;A123;Type 2;A;1;10;1;0
2026-05-03;33;A124;Type 3;A;1;10;1;0
2026-05-03;34;A125;Type 3;A;1;10;1;0
2026-05-03;35;A126;Type 1;A;1;15;1;0
2026-05-03;36;A127;Type 2;A;1;20;1;0
2026-05-03;37;A128;Type 2;A;1;20;1;0
2026-05-03;38;A129;Type 2;A;1;10;1;0
2026-05-03;39;A130;Type 1;A;1;15;1;0
2026-05-03;40;A131;Type 4;A;1;15;1;0
2026-05-03;41;A132;Type 3;A;1;25;1;0
2026-05-03;42;A133;Type 1;A;1;10;0;1
2026-05-03;43;A134;Type 1;A;1;10;1;0
2026-05-03;44;A135;Type 1;A;1;15;1;0
2026-05-03;45;A136;Type 3;A;1;10;0;1
2026-05-03;46;A137;Type 4;A;1;20;1;0
2026-05-03;47;A138;Type 1;A;1;10;1;0
2026-05-03;48;A139;Type 1;A;1;30;1;0
2026-05-03;49;A140;Type 1;A;1;10;1;0
2026-05-03;50;A141;Type 1;A;1;25;1;0
2026-05-03;51;A142;Type 4;A;1;15;1;0
2026-05-03;52;A143;Type 3;A;1;10;1;0
2026-05-03;53;A144;Type 1;A;1;25;1;0
2026-05-03;54;A145;Type 3;A;1;20;1;0
2026-05-03;55;A146;Type 1;A;1;20;1;0
2026-05-03;56;A147;Type 2;A;1;15;1;0
2026-05-03;57;A148;Type 3;A;1;20;1;0
2026-05-03;58;A149;Type 1;A;1;10;1;0
2026-05-03;59;A150;Type 2;A;1;15;1;0
2026-05-03;60;A201;Type 1;A;2;20;0;1
2026-05-03;61;A202;Type 2;A;2;15;1;0
2026-05-03;62;A203;Type 3;A;2;10;1;0
2026-05-03;63;A204;Type 1;A;2;20;1;0
2026-05-03;64;A205;Type 1;A;2;10;1;0
2026-05-03;65;A206;Type 2;A;2;15;0;1
2026-05-03;66;A207;Type 2;A;2;10;1;0
2026-05-03;67;A208;Type 1;A;2;10;1;0
2026-05-03;68;A209;Type 1;A;2;10;0;1
2026-05-03;69;A210;Type 3;A;2;20;0;1
2026-05-03;70;A211;Type 1;A;2;20;0;1
2026-05-03;71;A212;Type 1;A;2;25;1;0
2026-05-03;72;A213;Type 1;A;2;10;1;0
2026-05-03;73;A214;Type 2;A;2;10;1;0
2026-05-03;74;A215;Type 2;A;2;15;1;0
2026-05-03;75;A216;Type 3;A;2;15;0;1
2026-05-03;76;A217;Type 2;A;2;10;1;0
2026-05-03;77;A218;Type 1;A;2;15;1;0
2026-05-03;78;A219;Type 1;A;2;20;1;0
2026-05-03;79;A220;Type 2;A;2;20;0;1
2026-05-03;80;A221;Type 4;A;2;10;1;0
2026-05-03;81;A222;Type 3;A;2;10;0;1
2026-05-03;82;A223;Type 2;A;2;10;1;0
2026-05-03;83;A224;Type 2;A;2;25;1;0
2026-05-03;84;A225;Type 2;A;2;10;0;1
2026-05-03;85;A226;Type 2;A;2;15;1;0
2026-05-03;86;A227;Type 1;A;2;10;0;1
2026-05-03;87;A228;Type 1;A;2;10;0;1
2026-05-03;88;A229;Type 3;A;2;10;0;1
2026-05-03;89;A230;Type 1;A;2;15;1;0
2026-05-03;90;A231;Type 2;A;2;10;1;0
2026-05-03;91;A232;Type 1;A;2;10;1;0
2026-05-03;92;A233;Type 2;A;2;15;1;0
2026-05-03;93;A234;Type 1;A;2;15;0;1
2026-05-03;94;A235;Type 1;A;2;15;1;0
2026-05-03;95;A236;Type 2;A;2;10;1;0
2026-05-03;96;A237;Type 3;A;2;10;0;1
2026-05-03;97;A238;Type 3;A;2;20;1;0
2026-05-03;98;A239;Type 4;A;2;20;1;0
2026-05-03;99;A240;Type 2;A;2;10;0;1
2026-05-03;100;B001;Type 1;B;0;15;1;0
2026-05-03;101;B002;Type 1;B;0;15;1;0
2026-05-03;102;B003;Type 2;B;0;10;0;1
2026-05-03;103;B004;Type 2;B;0;15;0;1
2026-05-03;104;B005;Type 3;B;0;30;1;0
2026-05-03;105;B006;Type 3;B;0;25;0;1
2026-05-03;106;B007;Type 2;B;0;15;0;1
2026-05-03;107;B008;Type 3;B;0;25;0;1
2026-05-03;108;B009;Type 4;B;0;50;1;0
2026-05-03;109;B010;Type 2;B;0;20;1;0
2026-05-03;110;B011;Type 1;B;0;25;0;1
2026-05-03;111;B012;Type 2;B;0;20;0;1
2026-05-03;112;B013;Type 1;B;0;20;1;0
2026-05-03;113;B014;Type 2;B;0;25;1;0
2026-05-03;114;B015;Type 2;B;0;30;0;1
2026-05-03;115;B016;Type 3;B;0;30;1;0
2026-05-03;116;B017;Type 1;B;0;15;1;0
2026-05-03;117;B018;Type 1;B;0;10;1;0
2026-05-03;118;B019;Type 4;B;0;20;1;0
2026-05-03;119;B020;Type 1;B;0;20;1;0
2026-05-03;120;B101;Type 1;B;1;25;0;1
2026-05-03;121;B102;Type 1;B;1;20;1;0
2026-05-03;122;B103;Type 2;B;1;15;0;1
2026-05-03;123;B104;Type 3;B;1;15;1;0
2026-05-03;124;B105;Type 1;B;1;25;1;0
2026-05-03;125;B106;Type 1;B;1;25;1;0
2026-05-03;126;B107;Type 4;B;1;20;0;1
2026-05-03;127;B108;Type 2;B;1;15;1;0
2026-05-03;128;B109;Type 2;B;1;20;1;0
2026-05-03;129;B110;Type 1;B;1;15;1;0
2026-05-03;130;B111;Type 2;B;1;15;1;0
2026-05-03;131;B112;Type 1;B;1;30;1;0
2026-05-03;132;B113;Type 1;B;1;20;1;0
2026-05-03;133;B114;Type 3;B;1;10;1;0
2026-05-03;134;B115;Type 3;B;1;20;1;0
2026-05-03;135;B116;Type 1;B;1;20;1;0
2026-05-03;136;B117;Type 5;B;1;20;1;0
2026-05-03;137;B118;Type 2;B;1;25;1;0
2026-05-03;138;B119;Type 1;B;1;15;1;0
2026-05-03;139;B120;Type 1;B;1;20;0;1
2026-05-03;140;B121;Type 1;B;1;10;1;0
2026-05-03;141;B122;Type 2;B;1;20;1;0
2026-05-03;142;B123;Type 1;B;1;25;0;1
2026-05-03;143;B124;Type 2;B;1;30;1;0
2026-05-03;144;B125;Type 2;B;1;20;1;0
2026-05-03;145;B126;Type 1;B;1;20;1;0
2026-05-03;146;B127;Type 1;B;1;15;1;0
2026-05-03;147;B128;Type 4;B;1;25;1;0
2026-05-03;148;B129;Type 1;B;1;15;1;0
2026-05-03;149;B130;Type 2;B;1;25;1;0
2026-05-03;150;B131;Type 1;B;1;30;1;0
2026-05-03;151;B132;Type 2;B;1;20;1;0
2026-05-03;152;B133;Type 1;B;1;35;0;1
2026-05-03;153;B134;Type 2;B;1;20;1;0
2026-05-03;154;B135;Type 1;B;1;15;1;0
2026-05-03;155;B136;Type 2;B;1;10;1;0
2026-05-03;156;B137;Type 2;B;1;20;1;0
2026-05-03;157;B138;Type 3;B;1;25;1;0
2026-05-03;158;B139;Type 3;B;1;15;1;0
2026-05-03;159;B140;Type 4;B;1;20;1;0
2026-05-03;160;B141;Type 1;B;1;25;1;0
2026-05-03;161;B142;Type 3;B;1;20;1;0
2026-05-03;162;B143;Type 3;B;1;25;0;1
2026-05-03;163;B144;Type 3;B;1;10;1;0
2026-05-03;164;B145;Type 2;B;1;20;0;1
2026-05-03;165;B146;Type 1;B;1;15;0;1
2026-05-03;166;B147;Type 3;B;1;15;1;0
2026-05-03;167;B148;Type 1;B;1;30;1;0
2026-05-03;168;B149;Type 2;B;1;15;1;0
2026-05-03;169;B150;Type 4;B;1;20;1;0
2026-05-03;170;B151;Type 5;B;1;20;1;0
2026-05-03;171;B152;Type 3;B;1;25;1;0
2026-05-03;172;B153;Type 2;B;1;30;1;0
2026-05-03;173;B154;Type 1;B;1;35;1;0
2026-05-03;174;B155;Type 3;B;1;45;1;0
2026-05-03;175;B156;Type 2;B;1;20;1;0
2026-05-03;176;B157;Type 1;B;1;20;1;0
2026-05-03;177;B158;Type 4;B;1;40;0;1
2026-05-03;178;B159;Type 1;B;1;25;0;1
2026-05-03;179;B160;Type 3;B;1;20;1;0
2026-05-03;180;B161;Type 2;B;1;20;1;0
2026-05-03;181;B162;Type 1;B;1;25;1;0
2026-05-03;182;B163;Type 2;B;1;20;0;1
2026-05-03;183;B164;Type 1;B;1;35;1;0
2026-05-03;184;B165;Type 3;B;1;10;1;0
2026-05-03;185;B166;Type 1;B;1;30;1;0
2026-05-03;186;B167;Type 2;B;1;20;1;0
2026-05-03;187;B168;Type 3;B;1;30;0;1
2026-05-03;188;B169;Type 3;B;1;25;1;0
2026-05-03;189;B170;Type 1;B;1;20;1;0
2026-05-03;190;B171;Type 2;B;1;20;1;0
2026-05-03;191;B172;Type 2;B;1;20;1;0
2026-05-03;192;B173;Type 1;B;1;10;0;1
2026-05-03;193;B174;Type 1;B;1;20;1;0
2026-05-03;194;B175;Type 1;B;1;15;1;0
2026-05-03;195;B176;Type 1;B;1;25;1;0
2026-05-03;196;B177;Type 1;B;1;10;1;0
2026-05-03;197;B178;Type 1;B;1;25;1;0
2026-05-03;198;B179;Type 1;B;1;15;0;1
2026-05-03;199;B180;Type 3;B;1;20;1;0
2026-05-03;200;B201;Type 4;B;2;15;1;0
2026-05-03;201;B202;Type 1;B;2;30;0;1
2026-05-03;202;B203;Type 1;B;2;15;0;1
2026-05-03;203;B204;Type 1;B;2;15;1;0
2026-05-03;204;B205;Type 2;B;2;25;1;0
2026-05-03;205;B206;Type 2;B;2;25;1;0
2026-05-03;206;B207;Type 2;B;2;15;1;0
2026-05-03;207;B208;Type 1;B;2;10;1;0
2026-05-03;208;B209;Type 1;B;2;25;1;0
2026-05-03;209;B210;Type 4;B;2;25;1;0
2026-05-03;210;B211;Type 3;B;2;15;1;0
2026-05-03;211;B212;Type 4;B;2;20;1;0
2026-05-03;212;B213;Type 5;B;2;25;0;1
2026-05-03;213;B214;Type 1;B;2;15;1;0
2026-05-03;214;B215;Type 1;B;2;25;1;0
2026-05-03;215;B216;Type 1;B;2;20;1;0
2026-05-03;216;B217;Type 3;B;2;25;1;0
2026-05-03;217;B218;Type 2;B;2;20;1;0
2026-05-03;218;B219;Type 3;B;2;10;1;0
2026-05-03;219;B220;Type 3;B;2;25;1;0
2026-05-03;220;B221;Type 2;B;2;20;1;0
2026-05-03;221;B222;Type 3;B;2;25;1;0
2026-05-03;222;B223;Type 4;B;2;30;1;0
2026-05-03;223;B224;Type 3;B;2;15;1;0
2026-05-03;224;B225;Type 1;B;2;20;0;1
2026-05-03;225;B226;Type 1;B;2;15;1;0
2026-05-03;226;B227;Type 1;B;2;20;1;0
2026-05-03;227;B228;Type 3;B;2;10;1;0
2026-05-03;228;B229;Type 2;B;2;25;1;0
2026-05-03;229;B230;Type 3;B;2;15;1;0
2026-05-03;230;B231;Type 1;B;2;20;1;0
2026-05-03;231;B232;Type 2;B;2;25;0;1
2026-05-03;232;B233;Type 2;B;2;25;1;0
2026-05-03;233;B234;Type 3;B;2;10;1;0
2026-05-03;234;B235;Type 3;B;2;15;1;0
2026-05-03;235;B236;Type 3;B;2;20;1;0
2026-05-03;236;B237;Type 1;B;2;15;0;1
2026-05-03;237;B238;Type 1;B;2;25;1;0
2026-05-03;238;B239;Type 2;B;2;25;1;0
2026-05-03;239;B240;Type 1;B;2;15;1;0
2026-05-03;240;B241;Type 1;B;2;20;1;0
2026-05-03;241;B242;Type 2;B;2;10;1;0
2026-05-03;242;B243;Type 1;B;2;20;1;0
2026-05-03;243;B244;Type 5;B;2;20;1;0
2026-05-03;244;B245;Type 3;B;2;35;0;1
2026-05-03;245;B246;Type 3;B;2;55;1;0
2026-05-03;246;B247;Type 2;B;2;10;1;0
2026-05-03;247;B248;Type 1;B;2;15;1;0
2026-05-03;248;B249;Type 1;B;2;20;1;0
2026-05-03;249;B250;Type 2;B;2;15;1;0
2026-05-03;250;B251;Type 3;B;2;25;1;0
2026-05-03;251;B252;Type 4;B;2;10;1;0
2026-05-03;252;B253;Type 1;B;2;20;1;0
2026-05-03;253;B254;Type 1;B;2;20;1;0
2026-05-03;254;B255;Type 2;B;2;20;1;0
2026-05-03;255;B256;Type 5;B;2;25;1;0
2026-05-03;256;B257;Type 3;B;2;10;0;1
2026-05-03;257;B258;Type 2;B;2;20;0;1
2026-05-03;258;B259;Type 2;B;2;30;1;0
2026-05-03;259;B260;Type 1;B;2;25;1;0
2026-05-03;260;B261;Type 2;B;2;15;1;0
2026-05-03;261;B262;Type 1;B;2;20;1;0
2026-05-03;262;B263;Type 2;B;2;15;1;0
2026-05-03;263;B264;Type 2;B;2;25;1;0
2026-05-03;264;B265;Type 2;B;2;20;1;0
2026-05-03;265;B266;Type 2;B;2;20;1;0
2026-05-03;266;B267;Type 3;B;2;15;1;0
2026-05-03;267;B268;Type 2;B;2;15;0;1
2026-05-03;268;B269;Type 1;B;2;20;1;0
2026-05-03;269;B270;Type 2;B;2;20;0;1
2026-05-03;270;B271;Type 1;B;2;10;1;0
2026-05-03;271;B272;Type 1;B;2;15;1;0
2026-05-03;272;B273;Type 1;B;2;30;0;1
2026-05-03;273;B274;Type 1;B;2;15;1;0
2026-05-03;274;B275;Type 3;B;2;25;0;1
2026-05-03;275;B276;Type 2;B;2;25;0;1
2026-05-03;276;B277;Type 3;B;2;20;1;0
2026-05-03;277;B278;Type 3;B;2;25;1;0
2026-05-03;278;B279;Type 1;B;2;15;1;0
2026-05-03;279;B280;Type 1;B;2;35;1;0
2026-05-03;280;B281;Type 3;B;2;25;0;1
2026-05-03;281;B282;Type 2;B;2;10;1;0
2026-05-03;282;B283;Type 2;B;2;20;0;1
2026-05-03;283;B284;Type 3;B;2;15;1;0
2026-05-03;284;B285;Type 3;B;2;15;1;0
2026-05-03;285;B286;Type 2;B;2;25;1;0
2026-05-03;286;B287;Type 2;B;2;15;1;0
2026-05-03;287;B288;Type 2;B;2;15;1;0
2026-05-03;288;B289;Type 2;B;2;25;1;0
2026-05-03;289;B290;Type 4;B;2;15;1;0
2026-05-03;290;B291;Type 1;B;2;15;1;0
2026-05-03;291;B292;Type 3;B;2;35;1;0
2026-05-03;292;B293;Type 2;B;2;15;1;0
2026-05-03;293;B294;Type 1;B;2;20;0;1
2026-05-03;294;B295;Type 2;B;2;10;1;0
2026-05-03;295;B296;Type 3;B;2;20;1;0
2026-05-03;296;B297;Type 2;B;2;45;1;0
2026-05-03;297;B298;Type 1;B;2;15;1;0
2026-05-03;298;B299;Type 1;B;2;20;1;0
2026-05-03;299;B301;Type 3;B;3;10;0;1
2026-05-03;300;B302;Type 3;B;3;25;1;0
2026-05-03;301;B303;Type 3;B;3;20;0;1
2026-05-03;302;B304;Type 2;B;3;20;1;0
2026-05-03;303;B305;Type 2;B;3;20;1;0
2026-05-03;304;B306;Type 3;B;3;30;1;0
2026-05-03;305;B307;Type 1;B;3;20;0;1
2026-05-03;306;B308;Type 1;B;3;20;0;1
2026-05-03;307;B309;Type 4;B;3;20;1;0
2026-05-03;308;B310;Type 2;B;3;35;1;0
2026-05-03;309;B311;Type 2;B;3;15;1;0
2026-05-03;310;B312;Type 3;B;3;25;0;1
2026-05-03;311;B313;Type 1;B;3;15;1;0
2026-05-03;312;B314;Type 2;B;3;10;1;0
2026-05-03;313;B315;Type 1;B;3;10;1;0
2026-05-03;314;B316;Type 1;B;3;40;1;0
2026-05-03;315;B317;Type 3;B;3;25;1;0
2026-05-03;316;B318;Type 2;B;3;20;1;0
2026-05-03;317;B319;Type 2;B;3;10;1;0
2026-05-03;318;B320;Type 1;B;3;15;1;0
2026-05-03;319;B321;Type 5;B;3;20;1;0
2026-05-03;320;B322;Type 1;B;3;30;1;0
2026-05-03;321;B323;Type 2;B;3;30;1;0
2026-05-03;322;B324;Type 2;B;3;25;0;1
2026-05-03;323;B325;Type 1;B;3;10;1;0
2026-05-03;324;B326;Type 1;B;3;25;1;0
2026-05-03;325;B327;Type 4;B;3;25;1;0
2026-05-03;326;B328;Type 2;B;3;15;1;0
2026-05-03;327;B329;Type 3;B;3;15;1;0
2026-05-03;328;B330;Type 1;B;3;15;1;0
2026-05-03;329;B331;Type 1;B;3;30;0;1
2026-05-03;330;B332;Type 1;B;3;25;1;0
2026-05-03;331;B333;Type 3;B;3;20;1;0
2026-05-03;332;B334;Type 2;B;3;25;1;0
2026-05-03;333;B335;Type 2;B;3;20;0;1
2026-05-03;334;B336;Type 2;B;3;30;1;0
2026-05-03;335;B337;Type 2;B;3;20;1;0
2026-05-03;336;B338;Type 1;B;3;15;1;0
2026-05-03;337;B339;Type 2;B;3;20;1;0
2026-05-03;338;B340;Type 1;B;3;20;1;0
2026-05-03;339;B341;Type 2;B;3;30;1;0
2026-05-03;340;B342;Type 2;B;3;15;1;0
2026-05-03;341;B343;Type 2;B;3;15;1;0
2026-05-03;342;B344;Type 2;B;3;10;1;0
2026-05-03;343;B345;Type 1;B;3;20;1;0
2026-05-03;344;B346;Type 3;B;3;15;1;0
2026-05-03;345;B347;Type 2;B;3;10;1;0
2026-05-03;346;B348;Type 1;B;3;15;1;0
2026-05-03;347;B349;Type 2;B;3;15;1;0
2026-05-03;348;B350;Type 1;B;3;20;1;0
2026-05-03;349;B351;Type 1;B;3;10;1;0
2026-05-03;350;B352;Type 2;B;3;20;1;0
2026-05-03;351;B353;Type 3;B;3;15;1;0
2026-05-03;352;B354;Type 2;B;3;20;1;0
2026-05-03;353;B355;Type 2;B;3;10;0;1
2026-05-03;354;B356;Type 2;B;3;30;1;0
2026-05-03;355;B357;Type 2;B;3;15;0;1
2026-05-03;356;B358;Type 2;B;3;15;1;0
2026-05-03;357;B359;Type 1;B;3;10;1;0
2026-05-03;358;B360;Type 1;B;3;10;0;1
2026-05-03;359;B361;Type 1;B;3;25;1;0
2026-05-03;360;B362;Type 1;B;3;20;1;0
2026-05-03;361;B363;Type 5;B;3;20;1;0
2026-05-03;362;B364;Type 2;B;3;35;0;1
2026-05-03;363;B365;Type 2;B;3;20;1;0
2026-05-03;364;B366;Type 1;B;3;15;0;1
2026-05-03;365;B367;Type 2;B;3;15;1;0
2026-05-03;366;B368;Type 5;B;3;20;1;0
2026-05-03;367;B369;Type 2;B;3;15;1;0
2026-05-03;368;B370;Type 1;B;3;20;1;0
2026-05-03;369;B371;Type 2;B;3;15;1;0
2026-05-03;370;B372;Type 2;B;3;20;1;0
2026-05-03;371;B373;Type 3;B;3;15;1;0
2026-05-03;372;B374;Type 2;B;3;15;1;0
2026-05-03;373;B375;Type 3;B;3;15;1;0
2026-05-03;374;B376;Type 2;B;3;15;1;0
2026-05-03;375;B377;Type 1;B;3;20;1;0
2026-05-03;376;B378;Type 1;B;3;20;0;1
2026-05-03;377;B379;Type 2;B;3;15;1;0
2026-05-03;378;B380;Type 1;B;3;25;0;1
2026-05-03;379;B381;Type 2;B;3;25;0;1
2026-05-03;380;B382;Type 2;B;3;25;0;1
2026-05-03;381;B383;Type 1;B;3;35;1;0
2026-05-03;382;B384;Type 1;B;3;15;1;0
2026-05-03;383;B385;Type 1;B;3;20;1;0
2026-05-03;384;B386;Type 1;B;3;20;1;0
2026-05-03;385;B387;Type 2;B;3;15;1;0
2026-05-03;386;B388;Type 3;B;3;25;1;0
2026-05-03;387;B389;Type 3;B;3;20;1;0
2026-05-03;388;B390;Type 1;B;3;25;1;0
2026-05-03;389;B391;Type 2;B;3;25;1;0
2026-05-03;390;B392;Type 1;B;3;25;1;0
2026-05-03;391;B393;Type 2;B;3;20;1;0
2026-05-03;392;B394;Type 3;B;3;15;1;0
2026-05-03;393;B395;Type 1;B;3;35;1;0
2026-05-03;394;B396;Type 1;B;3;15;0;1
2026-05-03;395;B397;Type 4;B;3;10;1;0
2026-05-03;396;B398;Type 1;B;3;25;1;0
2026-05-03;397;C001;Type 2;C;0;15;1;0
2026-05-03;398;C002;Type 1;C;0;15;1;0
2026-05-03;399;C003;Type 2;C;0;15;0;1
2026-05-03;400;C004;Type 1;C;0;40;1;0
2026-05-03;401;C005;Type 2;C;0;20;1;0
2026-05-03;402;C006;Type 1;C;0;15;1;0
2026-05-03;403;C007;Type 2;C;0;15;0;1
2026-05-03;404;C008;Type 3;C;0;20;1;0
2026-05-03;405;C009;Type 2;C;0;20;1;0
2026-05-03;406;C010;Type 1;C;0;20;1;0
2026-05-03;407;C011;Type 1;C;0;25;1;0
2026-05-03;408;C012;Type 3;C;0;20;0;1
2026-05-03;409;C013;Type 1;C;0;10;1;0
2026-05-03;410;C014;Type 3;C;0;10;1;0
2026-05-03;411;C015;Type 1;C;0;20;1;0
2026-05-03;412;C016;Type 4;C;0;10;0;1
2026-05-03;413;C017;Type 2;C;0;10;1;0
2026-05-03;414;C018;Type 2;C;0;25;1;0
2026-05-03;415;C019;Type 1;C;0;20;0;1
2026-05-03;416;C020;Type 2;C;0;25;1;0
2026-05-03;417;C101;Type 2;C;1;20;1;0
2026-05-03;418;C102;Type 2;C;1;30;1;0
2026-05-03;419;C103;Type 3;C;1;15;0;1
2026-05-03;420;C104;Type 2;C;1;20;1;0
2026-05-03;421;C105;Type 2;C;1;15;0;1
2026-05-03;422;C106;Type 2;C;1;20;1;0
2026-05-03;423;C107;Type 2;C;1;20;1;0
2026-05-03;424;C108;Type 4;C;1;20;1;0
2026-05-03;425;C109;Type 2;C;1;25;1;0
2026-05-03;426;C110;Type 2;C;1;40;1;0
2026-05-03;427;C111;Type 3;C;1;20;1;0
2026-05-03;428;C112;Type 1;C;1;15;0;1
2026-05-03;429;C113;Type 1;C;1;20;1;0
2026-05-03;430;C114;Type 1;C;1;25;1;0
2026-05-03;431;C115;Type 2;C;1;15;1;0
2026-05-03;432;C116;Type 1;C;1;10;1;0
2026-05-03;433;C117;Type 1;C;1;10;1;0
2026-05-03;434;C118;Type 1;C;1;10;1;0
2026-05-03;435;C119;Type 3;C;1;15;1;0
2026-05-03;436;C120;Type 4;C;1;30;1;0
2026-05-03;437;C121;Type 2;C;1;15;1;0
2026-05-03;438;C122;Type 3;C;1;25;1;0
2026-05-03;439;C123;Type 3;C;1;25;1;0
2026-05-03;440;C124;Type 1;C;1;20;0;1
2026-05-03;441;C125;Type 1;C;1;20;1;0
2026-05-03;442;C126;Type 3;C;1;10;0;1
2026-05-03;443;C127;Type 1;C;1;20;1;0
2026-05-03;444;C128;Type 3;C;1;15;1;0
2026-05-03;445;C129;Type 2;C;1;20;1;0
2026-05-03;446;C130;Type 1;C;1;15;1;0
2026-05-03;447;C131;Type 3;C;1;30;1;0
2026-05-03;448;C132;Type 2;C;1;15;1;0
2026-05-03;449;C133;Type 3;C;1;25;1;0
2026-05-03;450;C134;Type 1;C;1;15;1;0
2026-05-03;451;C135;Type 2;C;1;25;0;1
2026-05-03;452;C136;Type 1;C;1;20;1;0
2026-05-03;453;C137;Type 3;C;1;25;1;0
2026-05-03;454;C138;Type 3;C;1;10;1;0
2026-05-03;455;C139;Type 2;C;1;25;0;1
2026-05-03;456;C140;Type 2;C;1;25;1;0
2026-05-03;457;C141;Type 2;C;1;10;1;0
2026-05-03;458;C142;Type 1;C;1;15;1;0
2026-05-03;459;C143;Type 1;C;1;25;1;0
2026-05-03;460;C144;Type 2;C;1;20;0;1
2026-05-03;461;C145;Type 1;C;1;30;1;0
2026-05-03;462;C146;Type 2;C;1;25;1;0
2026-05-03;463;C147;Type 3;C;1;15;1;0
2026-05-03;464;C148;Type 3;C;1;15;1;0
2026-05-03;465;C149;Type 1;C;1;30;1;0
2026-05-03;466;C150;Type 2;C;1;15;1;0
2026-05-03;467;C151;Type 2;C;1;20;1;0
2026-05-03;468;C152;Type 1;C;1;25;1;0
2026-05-03;469;C153;Type 1;C;1;25;1;0
2026-05-03;470;C154;Type 1;C;1;20;1;0
2026-05-03;471;C155;Type 1;C;1;25;1;0
2026-05-03;472;C156;Type 1;C;1;20;1;0
2026-05-03;473;C157;Type 2;C;1;35;1;0
2026-05-03;474;C158;Type 1;C;1;25;1;0
2026-05-03;475;C159;Type 2;C;1;25;1;0
2026-05-03;476;C160;Type 1;C;1;10;1;0
2026-05-03;477;C161;Type 1;C;1;20;1;0
2026-05-03;478;C162;Type 3;C;1;25;1;0
2026-05-03;479;C163;Type 2;C;1;15;1;0
2026-05-03;480;C164;Type 2;C;1;15;1;0
2026-05-03;481;C165;Type 1;C;1;40;1;0
2026-05-03;482;C166;Type 4;C;1;15;1;0
2026-05-03;483;C167;Type 2;C;1;25;1;0
2026-05-03;484;C168;Type 1;C;1;35;1;0
2026-05-03;485;C169;Type 3;C;1;20;0;1
2026-05-03;486;C170;Type 2;C;1;20;1;0
2026-05-03;487;C171;Type 3;C;1;30;1;0
2026-05-03;488;C172;Type 2;C;1;15;1;0
2026-05-03;489;C173;Type 1;C;1;20;0;1
2026-05-03;490;C174;Type 1;C;1;25;1;0
2026-05-03;491;C175;Type 1;C;1;20;1;0
2026-05-03;492;C176;Type 2;C;1;15;0;1
2026-05-03;493;C177;Type 5;C;1;25;1;0
2026-05-03;494;C178;Type 1;C;1;20;0;1
2026-05-03;495;C179;Type 2;C;1;30;1;0
2026-05-03;496;C180;Type 1;C;1;25;1;0
2026-05-03;497;C201;Type 1;C;2;20;0;1
2026-05-03;498;C202;Type 3;C;2;20;1;0
2026-05-03;499;C203;Type 3;C;2;20;0;1
2026-05-03;500;C204;Type 1;C;2;15;1;0
2026-05-03;501;C205;Type 2;C;2;20;1;0
2026-05-03;502;C206;Type 2;C;2;25;1;0
2026-05-03;503;C207;Type 3;C;2;25;1;0
2026-05-03;504;C208;Type 1;C;2;25;1;0
2026-05-03;505;C209;Type 1;C;2;20;0;1
2026-05-03;506;C210;Type 1;C;2;15;1;0
2026-05-03;507;C211;Type 5;C;2;35;0;1
2026-05-03;508;C212;Type 2;C;2;15;1;0
2026-05-03;509;C213;Type 4;C;2;20;1;0
2026-05-03;510;C214;Type 1;C;2;25;1;0
2026-05-03;511;C215;Type 2;C;2;15;1;0
2026-05-03;512;C216;Type 2;C;2;30;1;0
2026-05-03;513;C217;Type 2;C;2;10;1;0
2026-05-03;514;C218;Type 3;C;2;25;1;0
2026-05-03;515;C219;Type 1;C;2;10;1;0
2026-05-03;516;C220;Type 1;C;2;15;1;0
2026-05-03;517;C221;Type 3;C;2;25;1;0
2026-05-03;518;C222;Type 5;C;2;20;1;0
2026-05-03;519;C223;Type 1;C;2;20;1;0
2026-05-03;520;C224;Type 2;C;2;20;1;0
2026-05-03;521;C225;Type 2;C;2;25;1;0
2026-05-03;522;C226;Type 1;C;2;10;1;0
2026-05-03;523;C227;Type 1;C;2;20;1;0
2026-05-03;524;C228;Type 3;C;2;40;0;1
2026-05-03;525;C229;Type 2;C;2;30;0;1
2026-05-03;526;C230;Type 2;C;2;35;1;0
2026-05-03;527;C231;Type 3;C;2;20;1;0
2026-05-03;528;C232;Type 1;C;2;25;1;0
2026-05-03;529;C233;Type 4;C;2;15;1;0
2026-05-03;530;C234;Type 5;C;2;20;1;0
2026-05-03;531;C235;Type 2;C;2;10;1;0
2026-05-03;532;C236;Type 1;C;2;20;0;1
2026-05-03;533;C237;Type 1;C;2;30;0;1
2026-05-03;534;C238;Type 1;C;2;10;1;0
2026-05-03;535;C239;Type 3;C;2;15;1;0
2026-05-03;536;C240;Type 2;C;2;15;0;1
2026-05-03;537;C241;Type 2;C;2;30;1;0
2026-05-03;538;C242;Type 2;C;2;15;1;0
2026-05-03;539;C243;Type 3;C;2;15;1;0
2026-05-03;540;C244;Type 3;C;2;15;1;0
2026-05-03;541;C245;Type 4;C;2;25;0;1
2026-05-03;542;C246;Type 2;C;2;25;1;0
2026-05-03;543;C247;Type 1;C;2;20;1;0
2026-05-03;544;C248;Type 2;C;2;10;1;0
2026-05-03;545;C249;Type 2;C;2;20;1;0
2026-05-03;546;C250;Type 3;C;2;30;1;0
2026-05-03;547;C251;Type 2;C;2;50;1;0
2026-05-03;548;C252;Type 1;C;2;15;1;0
2026-05-03;549;C253;Type 2;C;2;25;1;0
2026-05-03;550;C254;Type 1;C;2;20;1;0
2026-05-03;551;C255;Type 2;C;2;15;1;0
2026-05-03;552;C256;Type 1;C;2;15;1;0
2026-05-03;553;C257;Type 2;C;2;20;1;0
2026-05-03;554;C258;Type 2;C;2;25;1;0
2026-05-03;555;C259;Type 4;C;2;25;1;0
2026-05-03;556;C260;Type 3;C;2;20;0;1
2026-05-03;557;C261;Type 2;C;2;15;1;0
2026-05-03;558;C262;Type 1;C;2;20;1;0
2026-05-03;559;C263;Type 2;C;2;20;1;0
2026-05-03;560;C264;Type 2;C;2;10;1;0
2026-05-03;561;C265;Type 1;C;2;15;1;0
2026-05-03;562;C266;Type 1;C;2;20;1;0
2026-05-03;563;C267;Type 1;C;2;15;1;0
2026-05-03;564;C268;Type 1;C;2;25;0;1
2026-05-03;565;C269;Type 1;C;2;25;1;0
2026-05-03;566;C270;Type 3;C;2;25;0;1
2026-05-03;567;C271;Type 4;C;2;20;1;0
2026-05-03;568;C272;Type 3;C;2;15;1;0
2026-05-03;569;C273;Type 3;C;2;25;1;0
2026-05-03;570;C274;Type 2;C;2;10;1;0
2026-05-03;571;C275;Type 1;C;2;25;1;0
2026-05-03;572;C276;Type 2;C;2;25;1;0
2026-05-03;573;C277;Type 1;C;2;20;0;1
2026-05-03;574;C278;Type 1;C;2;10;0;1
2026-05-03;575;C279;Type 1;C;2;10;1;0
2026-05-03;576;C280;Type 2;C;2;15;1;0
2026-05-03;577;C281;Type 1;C;2;20;1;0
2026-05-03;578;C282;Type 1;C;2;15;1;0
2026-05-03;579;C283;Type 2;C;2;15;1;0
2026-05-03;580;C284;Type 2;C;2;15;1;0
2026-05-03;581;C285;Type 1;C;2;20;1;0
2026-05-03;582;C286;Type 3;C;2;10;1;0
2026-05-03;583;C287;Type 1;C;2;20;0;1
2026-05-03;584;C288;Type 1;C;2;20;0;1
2026-05-03;585;C289;Type 2;C;2;10;1;0
2026-05-03;586;C290;Type 2;C;2;20;0;1
2026-05-03;587;C291;Type 5;C;2;10;1;0
2026-05-03;588;C292;Type 2;C;2;30;1;0
2026-05-03;589;C293;Type 3;C;2;15;1;0
2026-05-03;590;C294;Type 1;C;2;10;0;1
2026-05-03;591;C295;Type 1;C;2;20;1;0
2026-05-03;592;C296;Type 2;C;2;30;1;0
2026-05-03;593;C297;Type 4;C;2;30;1;0
2026-05-03;594;C298;Type 2;C;2;10;1;0
2026-05-03;595;C299;Type 2;C;2;30;1;0
2026-05-03;596;C301;Type 1;C;3;15;1;0
2026-05-03;597;C302;Type 1;C;3;30;1;0
2026-05-03;598;C303;Type 4;C;3;15;1;0
2026-05-03;599;C304;Type 2;C;3;20;1;0
2026-05-03;600;C305;Type 4;C;3;15;1;0
2026-05-03;601;C306;Type 3;C;3;30;1;0
2026-05-03;602;C307;Type 1;C;3;20;1;0
2026-05-03;603;C308;Type 2;C;3;15;1;0
2026-05-03;604;C309;Type 2;C;3;15;1;0
2026-05-03;605;C310;Type 3;C;3;20;1;0
2026-05-03;606;C311;Type 2;C;3;10;1;0
2026-05-03;607;C312;Type 2;C;3;15;1;0
2026-05-03;608;C313;Type 2;C;3;15;1;0
2026-05-03;609;C314;Type 2;C;3;20;1;0
2026-05-03;610;C315;Type 3;C;3;25;1;0
2026-05-03;611;C316;Type 2;C;3;15;0;1
2026-05-03;612;C317;Type 1;C;3;25;1;0
2026-05-03;613;C318;Type 2;C;3;30;0;1
2026-05-03;614;C319;Type 2;C;3;15;1;0
2026-05-03;615;C320;Type 1;C;3;30;1;0
2026-05-03;616;C321;Type 2;C;3;15;1;0
2026-05-03;617;C322;Type 2;C;3;10;1;0
2026-05-03;618;C323;Type 3;C;3;15;1;0
2026-05-03;619;C324;Type 1;C;3;25;1;0
2026-05-03;620;C325;Type 3;C;3;15;1;0
2026-05-03;621;C326;Type 4;C;3;15;1;0
2026-05-03;622;C327;Type 3;C;3;15;1;0
2026-05-03;623;C328;Type 2;C;3;20;0;1
2026-05-03;624;C329;Type 3;C;3;15;1;0
2026-05-03;625;C330;Type 2;C;3;30;1;0
2026-05-03;626;C331;Type 4;C;3;10;1;0
2026-05-03;627;C332;Type 3;C;3;20;1;0
2026-05-03;628;C333;Type 1;C;3;35;0;1
2026-05-03;629;C334;Type 1;C;3;15;0;1
2026-05-03;630;C335;Type 1;C;3;30;1;0
2026-05-03;631;C336;Type 5;C;3;10;1;0
2026-05-03;632;C337;Type 2;C;3;25;1;0
2026-05-03;633;C338;Type 1;C;3;20;1;0
2026-05-03;634;C339;Type 1;C;3;30;1;0
2026-05-03;635;C340;Type 2;C;3;20;1;0
2026-05-03;636;C341;Type 1;C;3;20;1;0
2026-05-03;637;C342;Type 3;C;3;10;1;0
2026-05-03;638;C343;Type 2;C;3;25;1;0
2026-05-03;639;C344;Type 1;C;3;20;0;1
2026-05-03;640;C345;Type 3;C;3;35;1;0
2026-05-03;641;C346;Type 3;C;3;15;1;0
2026-05-03;642;C347;Type 1;C;3;20;1;0
2026-05-03;643;C348;Type 1;C;3;25;1;0
2026-05-03;644;C349;Type 2;C;3;15;1;0
2026-05-03;645;C350;Type 1;C;3;15;0;1
2026-05-03;646;C351;Type 2;C;3;25;1;0
2026-05-03;647;C352;Type 2;C;3;10;1;0
2026-05-03;648;C353;Type 1;C;3;15;1;0
2026-05-03;649;C354;Type 3;C;3;20;1;0
2026-05-03;650;C355;Type 2;C;3;25;1;0
2026-05-03;651;C356;Type 3;C;3;15;1;0
2026-05-03;652;C357;Type 2;C;3;15;1;0
2026-05-03;653;C358;Type 1;C;3;15;1;0
2026-05-03;654;C359;Type 2;C;3;10;1;0
2026-05-03;655;C360;Type 1;C;3;30;1;0
2026-05-03;656;C361;Type 1;C;3;25;1;0
2026-05-03;657;C362;Type 2;C;3;20;1;0
2026-05-03;658;C363;Type 2;C;3;20;1;0
2026-05-03;659;C364;Type 1;C;3;10;1;0
2026-05-03;660;C365;Type 2;C;3;30;1;0
2026-05-03;661;C366;Type 1;C;3;20;1;0
2026-05-03;662;C367;Type 1;C;3;20;1;0
2026-05-03;663;C368;Type 1;C;3;15;1;0
2026-05-03;664;C369;Type 1;C;3;15;1;0
2026-05-03;665;C370;Type 1;C;3;25;0;1
2026-05-03;666;C371;Type 2;C;3;10;1;0
2026-05-03;667;C372;Type 4;C;3;25;0;1
2026-05-03;668;C373;Type 1;C;3;25;1;0
2026-05-03;669;C374;Type 5;C;3;25;1;0
2026-05-03;670;C375;Type 1;C;3;15;1;0
2026-05-03;671;C376;Type 3;C;3;30;1;0
2026-05-03;672;C377;Type 1;C;3;20;1;0
2026-05-03;673;C378;Type 2;C;3;25;1;0
2026-05-03;674;C379;Type 2;C;3;10;1;0
2026-05-03;675;C380;Type 1;C;3;10;1;0
2026-05-03;676;C381;Type 5;C;3;15;1;0
2026-05-03;677;C382;Type 1;C;3;20;1;0
2026-05-03;678;C383;Type 3;C;3;30;0;1
2026-05-03;679;C384;Type 2;C;3;25;1;0
2026-05-03;680;C385;Type 3;C;3;15;1;0
2026-05-03;681;C386;Type 2;C;3;15;1;0
2026-05-03;682;C387;Type 1;C;3;25;1;0
2026-05-03;683;C388;Type 3;C;3;10;1;0
2026-05-03;684;C389;Type 2;C;3;25;1;0
2026-05-03;685;C390;Type 4;C;3;20;1;0
2026-05-03;686;C391;Type 1;C;3;25;1;0
2026-05-03;687;C392;Type 2;C;3;20;0;1
2026-05-03;688;C393;Type 2;C;3;15;1;0
2026-05-03;689;C394;Type 5;C;3;20;1;0
2026-05-03;690;C395;Type 1;C;3;20;1;0
2026-05-03;691;C396;Type 3;C;3;25;1;0
2026-05-03;692;C397;Type 1;C;3;35;1;0
2026-05-03;693;C398;Type 3;C;3;15;1;0
2026-05-03;694;C399;Type 2;C;3;20;1;0
2026-05-03;695;C401;Type 2;C;4;15;1;0
2026-05-03;696;C402;Type 1;C;4;25;1;0
2026-05-03;697;C403;Type 2;C;4;15;0;1
2026-05-03;698;C404;Type 1;C;4;15;1;0
2026-05-03;699;C405;Type 1;C;4;20;1;0
2026-05-03;700;C406;Type 2;C;4;10;1;0
2026-05-03;701;C407;Type 4;C;4;15;1;0
2026-05-03;702;C408;Type 2;C;4;20;1;0
2026-05-03;703;C409;Type 4;C;4;20;1;0
2026-05-03;704;C410;Type 3;C;4;15;1;0
2026-05-03;705;C411;Type 2;C;4;10;0;1
2026-05-03;706;C412;Type 2;C;4;20;1;0
2026-05-03;707;C413;Type 1;C;4;10;1;0
2026-05-03;708;C414;Type 1;C;4;20;0;1
2026-05-03;709;C415;Type 2;C;4;10;1;0
2026-05-03;710;C416;Type 1;C;4;15;1;0
2026-05-03;711;C417;Type 1;C;4;15;0;1
2026-05-03;712;C418;Type 1;C;4;20;1;0
2026-05-03;713;C419;Type 2;C;4;15;1;0
2026-05-03;714;C420;Type 2;C;4;15;1;0
2026-05-03;715;C421;Type 1;C;4;25;1;0
2026-05-03;716;C422;Type 1;C;4;25;1;0
2026-05-03;717;C423;Type 2;C;4;15;0;1
2026-05-03;718;C424;Type 2;C;4;15;1;0
2026-05-03;719;C425;Type 2;C;4;15;0;1
2026-05-03;720;C426;Type 3;C;4;15;1;0
2026-05-03;721;C427;Type 2;C;4;10;1;0
2026-05-03;722;C428;Type 3;C;4;35;1;0
2026-05-03;723;C429;Type 3;C;4;15;0;1
2026-05-03;724;C430;Type 2;C;4;10;0;1
2026-05-03;725;C431;Type 2;C;4;10;1;0
2026-05-03;726;C432;Type 2;C;4;25;1;0
2026-05-03;727;C433;Type 2;C;4;20;0;1
2026-05-03;728;C434;Type 1;C;4;25;1;0
2026-05-03;729;C435;Type 1;C;4;20;0;1
2026-05-03;730;C436;Type 2;C;4;20;1;0
2026-05-03;731;C437;Type 2;C;4;15;0;1
2026-05-03;732;C438;Type 3;C;4;15;1;0
2026-05-03;733;C439;Type 2;C;4;10;0;1
2026-05-03;734;C440;Type 2;C;4;10;1;0
2026-05-03;735;C441;Type 1;C;4;10;0;1
2026-05-03;736;C442;Type 1;C;4;20;0;1
2026-05-03;737;C443;Type 1;C;4;20;1;0
2026-05-03;738;C444;Type 3;C;4;25;1;0
2026-05-03;739;C445;Type 1;C;4;15;1;0
2026-05-03;740;C446;Type 2;C;4;15;1;0
2026-05-03;741;C447;Type 2;C;4;15;1;0
2026-05-03;742;C448;Type 1;C;4;20;1;0
2026-05-03;743;C449;Type 1;C;4;20;1;0
2026-05-03;744;C450;Type 2;C;4;40;1;0
2026-05-03;745;C451;Type 1;C;4;25;1;0
2026-05-03;746;C452;Type 2;C;4;25;1;0
2026-05-03;747;C453;Type 2;C;4;15;1;0
2026-05-03;748;C454;Type 1;C;4;10;1;0
2026-05-03;749;C455;Type 1;C;4;20;1;0
2026-05-03;750;C456;Type 2;C;4;25;1;0
2026-05-03;751;C457;Type 4;C;4;10;1;0
2026-05-03;752;C458;Type 1;C;4;20;1;0
2026-05-03;753;C459;Type 1;C;4;25;1;0
2026-05-03;754;C460;Type 1;C;4;15;0;1
2026-05-03;755;C461;Type 3;C;4;15;1;0
2026-05-03;756;C462;Type 1;C;4;20;1;0
2026-05-03;757;C463;Type 1;C;4;20;1;0
2026-05-03;758;C464;Type 4;C;4;25;1;0
2026-05-03;759;C465;Type 1;C;4;10;0;1
2026-05-03;760;C466;Type 3;C;4;15;1;0
2026-05-03;761;C467;Type 1;C;4;25;1;0
2026-05-03;762;C468;Type 1;C;4;10;0;1
2026-05-03;763;C469;Type 1;C;4;15;1;0
2026-05-03;764;C470;Type 2;C;4;30;1;0
2026-05-03;765;C471;Type 2;C;4;10;1;0
2026-05-03;766;C472;Type 2;C;4;30;1;0
2026-05-03;767;C473;Type 1;C;4;20;1;0
2026-05-03;768;C474;Type 1;C;4;20;0;1
2026-05-03;769;C475;Type 2;C;4;10;1;0
2026-05-03;770;C476;Type 3;C;4;20;1;0
2026-05-03;771;C477;Type 1;C;4;15;0;1
2026-05-03;772;C478;Type 2;C;4;25;1;0
2026-05-03;773;C479;Type 2;C;4;10;1;0
2026-05-03;774;C480;Type 2;C;4;25;1;0
2026-05-03;775;C481;Type 1;C;4;20;1;0
2026-05-03;776;C482;Type 3;C;4;15;1;0
2026-05-03;777;C483;Type 1;C;4;30;1;0
2026-05-03;778;C484;Type 2;C;4;20;1;0
2026-05-03;779;C485;Type 2;C;4;30;0;1
2026-05-03;780;C486;Type 4;C;4;35;1;0
2026-05-03;781;C487;Type 2;C;4;25;0;1
2026-05-03;782;C488;Type 1;C;4;30;1;0
2026-05-03;783;C489;Type 2;C;4;20;1;0
2026-05-03;784;C490;Type 3;C;4;10;0;1
2026-05-03;785;C491;Type 1;C;4;20;1;0
2026-05-03;786;C492;Type 1;C;4;15;1;0
2026-05-04;0;A001;Type 3;A;0;10;0;1
2026-05-04;1;A002;Type 2;A;0;10;1;0
2026-05-04;2;A003;Type 3;A;0;10;1;0
2026-05-04;3;A004;Type 4;A;0;15;0;1
2026-05-04;4;A005;Type 1;A;0;10;0;1
2026-05-04;5;A006;Type 2;A;0;10;0;1
2026-05-04;6;A007;Type 2;A;0;10;1;0
2026-05-04;7;A008;Type 2;A;0;15;0;1
2026-05-04;8;A009;Type 2;A;0;25;0;1
2026-05-04;9;A010;Type 2;A;0;10;1;0
2026-05-04;10;A101;Type 2;A;1;10;1;0
2026-05-04;11;A102;Type 3;A;1;25;0;1
2026-05-04;12;A103;Type 4;A;1;15;0;1
2026-05-04;13;A104;Type 3;A;1;15;0;1
2026-05-04;14;A105;Type 2;A;1;15;0;1
2026-05-04;15;A106;Type 3;A;1;10;0;1
2026-05-04;16;A107;Type 2;A;1;10;0;1
2026-05-04;17;A108;Type 2;A;1;20;0;1
2026-05-04;18;A109;Type 2;A;1;10;1;0
2026-05-04;19;A110;Type 1;A;1;10;0;1
2026-05-04;20;A111;Type 1;A;1;15;0;1
2026-05-04;21;A112;Type 2;A;1;15;1;0
2026-05-04;22;A113;Type 3;A;1;10;1;0
2026-05-04;23;A114;Type 1;A;1;10;0;1
2026-05-04;24;A115;Type 2;A;1;15;0;1
2026-05-04;25;A116;Type 1;A;1;20;0;1
2026-05-04;26;A117;Type 1;A;1;10;0;1
2026-05-04;27;A118;Type 2;A;1;10;1;0
2026-05-04;28;A119;Type 1;A;1;10;0;1
2026-05-04;29;A120;Type 3;A;1;10;0;1
2026-05-04;30;A121;Type 3;A;1;15;1;0
2026-05-04;31;A122;Type 1;A;1;10;0;1
2026-05-04;32;A123;Type 2;A;1;10;1;0
2026-05-04;33;A124;Type 3;A;1;10;1;0
2026-05-04;34;A125;Type 3;A;1;10;0;1
2026-05-04;35;A126;Type 1;A;1;15;0;1
2026-05-04;36;A127;Type 2;A;1;20;0;1
2026-05-04;37;A128;Type 2;A;1;20;0;1
2026-05-04;38;A129;Type 2;A;1;10;0;1
2026-05-04;39;A130;Type 1;A;1;15;1;0
2026-05-04;40;A131;Type 4;A;1;15;1;0
2026-05-04;41;A132;Type 3;A;1;25;0;1
2026-05-04;42;A133;Type 1;A;1;10;1;0
2026-05-04;43;A134;Type 1;A;1;10;1;0
2026-05-04;44;A135;Type 1;A;1;15;0;1
2026-05-04;45;A136;Type 3;A;1;10;0;1
2026-05-04;46;A137;Type 4;A;1;20;0;1
2026-05-04;47;A138;Type 1;A;1;10;1;0
2026-05-04;48;A139;Type 1;A;1;30;1;0
2026-05-04;49;A140;Type 1;A;1;10;0;1
2026-05-04;50;A141;Type 1;A;1;25;0;1
2026-05-04;51;A142;Type 4;A;1;15;1;0
2026-05-04;52;A143;Type 3;A;1;10;0;1
2026-05-04;53;A144;Type 1;A;1;25;0;1
2026-05-04;54;A145;Type 3;A;1;20;1;0
2026-05-04;55;A146;Type 1;A;1;20;0;1
2026-05-04;56;A147;Type 2;A;1;15;0;1
2026-05-04;57;A148;Type 3;A;1;20;1;0
2026-05-04;58;A149;Type 1;A;1;10;0;1
2026-05-04;59;A150;Type 2;A;1;15;1;0
2026-05-04;60;A201;Type 1;A;2;20;0;1
2026-05-04;61;A202;Type 2;A;2;15;1;0
2026-05-04;62;A203;Type 3;A;2;10;0;1
2026-05-04;63;A204;Type 1;A;2;20;1;0
2026-05-04;64;A205;Type 1;A;2;10;0;1
2026-05-04;65;A206;Type 2;A;2;15;0;1
2026-05-04;66;A207;Type 2;A;2;10;1;0
2026-05-04;67;A208;Type 1;A;2;10;1;0
2026-05-04;68;A209;Type 1;A;2;10;0;1
2026-05-04;69;A210;Type 3;A;2;20;0;1
2026-05-04;70;A211;Type 1;A;2;20;1;0
2026-05-04;71;A212;Type 1;A;2;25;0;1
2026-05-04;72;A213;Type 1;A;2;10;0;1
2026-05-04;73;A214;Type 2;A;2;10;0;1
2026-05-04;74;A215;Type 2;A;2;15;0;1
2026-05-04;75;A216;Type 3;A;2;15;0;1
2026-05-04;76;A217;Type 2;A;2;10;0;1
2026-05-04;77;A218;Type 1;A;2;15;0;1
2026-05-04;78;A219;Type 1;A;2;20;1;0
2026-05-04;79;A220;Type 2;A;2;20;0;1
2026-05-04;80;A221;Type 4;A;2;10;1;0
2026-05-04;81;A222;Type 3;A;2;10;1;0
2026-05-04;82;A223;Type 2;A;2;10;1;0
2026-05-04;83;A224;Type 2;A;2;25;1;0
2026-05-04;84;A225;Type 2;A;2;10;0;1
2026-05-04;85;A226;Type 2;A;2;15;0;1
2026-05-04;86;A227;Type 1;A;2;10;0;1
2026-05-04;87;A228;Type 1;A;2;10;1;0
2026-05-04;88;A229;Type 3;A;2;10;0;1
2026-05-04;89;A230;Type 1;A;2;15;1;0
2026-05-04;90;A231;Type 2;A;2;10;1;0
2026-05-04;91;A232;Type 1;A;2;10;1;0
2026-05-04;92;A233;Type 2;A;2;15;0;1
2026-05-04;93;A234;Type 1;A;2;15;0;1
2026-05-04;94;A235;Type 1;A;2;15;1;0
2026-05-04;95;A236;Type 2;A;2;10;0;1
2026-05-04;96;A237;Type 3;A;2;10;0;1
2026-05-04;97;A238;Type 3;A;2;20;0;1
2026-05-04;98;A239;Type 4;A;2;20;1;0
2026-05-04;99;A240;Type 2;A;2;10;0;1
2026-05-04;100;B001;Type 1;B;0;15;0;1
2026-05-04;101;B002;Type 1;B;0;15;1;0
2026-05-04;102;B003;Type 2;B;0;10;1;0
2026-05-04;103;B004;Type 2;B;0;15;0;1
2026-05-04;104;B005;Type 3;B;0;30;0;1
2026-05-04;105;B006;Type 3;B;0;25;1;0
2026-05-04;106;B007;Type 2;B;0;15;1;0
2026-05-04;107;B008;Type 3;B;0;25;0;1
2026-05-04;108;B009;Type 4;B;0;50;0;1
2026-05-04;109;B010;Type 2;B;0;20;1;0
2026-05-04;110;B011;Type 1;B;0;25;0;1
2026-05-04;111;B012;Type 2;B;0;20;0;1
2026-05-04;112;B013;Type 1;B;0;20;1;0
2026-05-04;113;B014;Type 2;B;0;25;0;1
2026-05-04;114;B015;Type 2;B;0;30;1;0
2026-05-04;115;B016;Type 3;B;0;30;1;0
2026-05-04;116;B017;Type 1;B;0;15;1;0
2026-05-04;117;B018;Type 1;B;0;10;0;1
2026-05-04;118;B019;Type 4;B;0;20;0;1
2026-05-04;119;B020;Type 1;B;0;20;1;0
2026-05-04;120;B101;Type 1;B;1;25;0;1
2026-05-04;121;B102;Type 1;B;1;20;1;0
2026-05-04;122;B103;Type 2;B;1;15;0;1
2026-05-04;123;B104;Type 3;B;1;15;0;1
2026-05-04;124;B105;Type 1;B;1;25;0;1
2026-05-04;125;B106;Type 1;B;1;25;1;0
2026-05-04;126;B107;Type 4;B;1;20;1;0
2026-05-04;127;B108;Type 2;B;1;15;0;1
2026-05-04;128;B109;Type 2;B;1;20;1;0
2026-05-04;129;B110;Type 1;B;1;15;1;0
2026-05-04;130;B111;Type 2;B;1;15;1;0
2026-05-04;131;B112;Type 1;B;1;30;1;0
2026-05-04;132;B113;Type 1;B;1;20;0;1
2026-05-04;133;B114;Type 3;B;1;10;1;0
2026-05-04;134;B115;Type 3;B;1;20;1;0
2026-05-04;135;B116;Type 1;B;1;20;1;0
2026-05-04;136;B117;Type 5;B;1;20;1;0
2026-05-04;137;B118;Type 2;B;1;25;0;1
2026-05-04;138;B119;Type 1;B;1;15;0;1
2026-05-04;139;B120;Type 1;B;1;20;1;0
2026-05-04;140;B121;Type 1;B;1;10;1;0
2026-05-04;141;B122;Type 2;B;1;20;1;0
2026-05-04;142;B123;Type 1;B;1;25;0;1
2026-05-04;143;B124;Type 2;B;1;30;0;1
2026-05-04;144;B125;Type 2;B;1;20;0;1
2026-05-04;145;B126;Type 1;B;1;20;0;1
2026-05-04;146;B127;Type 1;B;1;15;1;0
2026-05-04;147;B128;Type 4;B;1;25;0;1
2026-05-04;148;B129;Type 1;B;1;15;1;0
2026-05-04;149;B130;Type 2;B;1;25;0;1
2026-05-04;150;B131;Type 1;B;1;30;1;0
2026-05-04;151;B132;Type 2;B;1;20;1;0
2026-05-04;152;B133;Type 1;B;1;35;0;1
2026-05-04;153;B134;Type 2;B;1;20;0;1
2026-05-04;154;B135;Type 1;B;1;15;1;0
2026-05-04;155;B136;Type 2;B;1;10;0;1
2026-05-04;156;B137;Type 2;B;1;20;0;1
2026-05-04;157;B138;Type 3;B;1;25;1;0
2026-05-04;158;B139;Type 3;B;1;15;0;1
2026-05-04;159;B140;Type 4;B;1;20;1;0
2026-05-04;160;B141;Type 1;B;1;25;0;1
2026-05-04;161;B142;Type 3;B;1;20;1;0
2026-05-04;162;B143;Type 3;B;1;25;0;1
2026-05-04;163;B144;Type 3;B;1;10;1;0
2026-05-04;164;B145;Type 2;B;1;20;1;0
2026-05-04;165;B146;Type 1;B;1;15;0;1
2026-05-04;166;B147;Type 3;B;1;15;0;1
2026-05-04;167;B148;Type 1;B;1;30;0;1
2026-05-04;168;B149;Type 2;B;1;15;1;0
2026-05-04;169;B150;Type 4;B;1;20;1;0
2026-05-04;170;B151;Type 5;B;1;20;0;1
2026-05-04;171;B152;Type 3;B;1;25;1;0
2026-05-04;172;B153;Type 2;B;1;30;0;1
2026-05-04;173;B154;Type 1;B;1;35;1;0
2026-05-04;174;B155;Type 3;B;1;45;0;1
2026-05-04;175;B156;Type 2;B;1;20;1;0
2026-05-04;176;B157;Type 1;B;1;20;0;1
2026-05-04;177;B158;Type 4;B;1;40;0;1
2026-05-04;178;B159;Type 1;B;1;25;0;1
2026-05-04;179;B160;Type 3;B;1;20;0;1
2026-05-04;180;B161;Type 2;B;1;20;1;0
2026-05-04;181;B162;Type 1;B;1;25;0;1
2026-05-04;182;B163;Type 2;B;1;20;1;0
2026-05-04;183;B164;Type 1;B;1;35;1;0
2026-05-04;184;B165;Type 3;B;1;10;0;1
2026-05-04;185;B166;Type 1;B;1;30;0;1
2026-05-04;186;B167;Type 2;B;1;20;0;1
2026-05-04;187;B168;Type 3;B;1;30;0;1
2026-05-04;188;B169;Type 3;B;1;25;1;0
2026-05-04;189;B170;Type 1;B;1;20;0;1
2026-05-04;190;B171;Type 2;B;1;20;0;1
2026-05-04;191;B172;Type 2;B;1;20;1;0
2026-05-04;192;B173;Type 1;B;1;10;0;1
2026-05-04;193;B174;Type 1;B;1;20;1;0
2026-05-04;194;B175;Type 1;B;1;15;0;1
2026-05-04;195;B176;Type 1;B;1;25;1;0
2026-05-04;196;B177;Type 1;B;1;10;0;1
2026-05-04;197;B178;Type 1;B;1;25;0;1
2026-05-04;198;B179;Type 1;B;1;15;0;1
2026-05-04;199;B180;Type 3;B;1;20;1;0
2026-05-04;200;B201;Type 4;B;2;15;0;1
2026-05-04;201;B202;Type 1;B;2;30;0;1
2026-05-04;202;B203;Type 1;B;2;15;1;0
2026-05-04;203;B204;Type 1;B;2;15;1;0
2026-05-04;204;B205;Type 2;B;2;25;0;1
2026-05-04;205;B206;Type 2;B;2;25;1;0
2026-05-04;206;B207;Type 2;B;2;15;0;1
2026-05-04;207;B208;Type 1;B;2;10;0;1
2026-05-04;208;B209;Type 1;B;2;25;1;0
2026-05-04;209;B210;Type 4;B;2;25;0;1
2026-05-04;210;B211;Type 3;B;2;15;1;0
2026-05-04;211;B212;Type 4;B;2;20;0;1
2026-05-04;212;B213;Type 5;B;2;25;0;1
2026-05-04;213;B214;Type 1;B;2;15;1;0
2026-05-04;214;B215;Type 1;B;2;25;0;1
2026-05-04;215;B216;Type 1;B;2;20;0;1
2026-05-04;216;B217;Type 3;B;2;25;0;1
2026-05-04;217;B218;Type 2;B;2;20;0;1
2026-05-04;218;B219;Type 3;B;2;10;1;0
2026-05-04;219;B220;Type 3;B;2;25;1;0
2026-05-04;220;B221;Type 2;B;2;20;1;0
2026-05-04;221;B222;Type 3;B;2;25;0;1
2026-05-04;222;B223;Type 4;B;2;30;1;0
2026-05-04;223;B224;Type 3;B;2;15;0;1
2026-05-04;224;B225;Type 1;B;2;20;1;0
2026-05-04;225;B226;Type 1;B;2;15;0;1
2026-05-04;226;B227;Type 1;B;2;20;0;1
2026-05-04;227;B228;Type 3;B;2;10;1;0
2026-05-04;228;B229;Type 2;B;2;25;0;1
2026-05-04;229;B230;Type 3;B;2;15;0;1
2026-05-04;230;B231;Type 1;B;2;20;1;0
2026-05-04;231;B232;Type 2;B;2;25;0;1
2026-05-04;232;B233;Type 2;B;2;25;1;0
2026-05-04;233;B234;Type 3;B;2;10;1;0
2026-05-04;234;B235;Type 3;B;2;15;1;0
2026-05-04;235;B236;Type 3;B;2;20;0;1
2026-05-04;236;B237;Type 1;B;2;15;0;1
2026-05-04;237;B238;Type 1;B;2;25;0;1
2026-05-04;238;B239;Type 2;B;2;25;0;1
2026-05-04;239;B240;Type 1;B;2;15;0;1
2026-05-04;240;B241;Type 1;B;2;20;0;1
2026-05-04;241;B242;Type 2;B;2;10;1;0
2026-05-04;242;B243;Type 1;B;2;20;1;0
2026-05-04;243;B244;Type 5;B;2;20;0;1
2026-05-04;244;B245;Type 3;B;2;35;0;1
2026-05-04;245;B246;Type 3;B;2;55;0;1
2026-05-04;246;B247;Type 2;B;2;10;0;1
2026-05-04;247;B248;Type 1;B;2;15;0;1
2026-05-04;248;B249;Type 1;B;2;20;1;0
2026-05-04;249;B250;Type 2;B;2;15;0;1
2026-05-04;250;B251;Type 3;B;2;25;1;0
2026-05-04;251;B252;Type 4;B;2;10;1;0
2026-05-04;252;B253;Type 1;B;2;20;0;1
2026-05-04;253;B254;Type 1;B;2;20;1;0
2026-05-04;254;B255;Type 2;B;2;20;1;0
2026-05-04;255;B256;Type 5;B;2;25;0;1
2026-05-04;256;B257;Type 3;B;2;10;0;1
2026-05-04;257;B258;Type 2;B;2;20;0;1
2026-05-04;258;B259;Type 2;B;2;30;0;1
2026-05-04;259;B260;Type 1;B;2;25;0;1
2026-05-04;260;B261;Type 2;B;2;15;0;1
2026-05-04;261;B262;Type 1;B;2;20;0;1
2026-05-04;262;B263;Type 2;B;2;15;1;0
2026-05-04;263;B264;Type 2;B;2;25;0;1
2026-05-04;264;B265;Type 2;B;2;20;0;1
2026-05-04;265;B266;Type 2;B;2;20;0;1
2026-05-04;266;B267;Type 3;B;2;15;1;0
2026-05-04;267;B268;Type 2;B;2;15;1;0
2026-05-04;268;B269;Type 1;B;2;20;0;1
2026-05-04;269;B270;Type 2;B;2;20;0;1
2026-05-04;270;B271;Type 1;B;2;10;0;1
2026-05-04;271;B272;Type 1;B;2;15;0;1
2026-05-04;272;B273;Type 1;B;2;30;1;0
2026-05-04;273;B274;Type 1;B;2;15;0;1
2026-05-04;274;B275;Type 3;B;2;25;1;0
2026-05-04;275;B276;Type 2;B;2;25;0;1
2026-05-04;276;B277;Type 3;B;2;20;1;0
2026-05-04;277;B278;Type 3;B;2;25;1;0
2026-05-04;278;B279;Type 1;B;2;15;0;1
2026-05-04;279;B280;Type 1;B;2;35;1;0
2026-05-04;280;B281;Type 3;B;2;25;0;1
2026-05-04;281;B282;Type 2;B;2;10;0;1
2026-05-04;282;B283;Type 2;B;2;20;1;0
2026-05-04;283;B284;Type 3;B;2;15;1;0
2026-05-04;284;B285;Type 3;B;2;15;0;1
2026-05-04;285;B286;Type 2;B;2;25;0;1
2026-05-04;286;B287;Type 2;B;2;15;1;0
2026-05-04;287;B288;Type 2;B;2;15;1;0
2026-05-04;288;B289;Type 2;B;2;25;0;1
2026-05-04;289;B290;Type 4;B;2;15;0;1
2026-05-04;290;B291;Type 1;B;2;15;0;1
2026-05-04;291;B292;Type 3;B;2;35;1;0
2026-05-04;292;B293;Type 2;B;2;15;1;0
2026-05-04;293;B294;Type 1;B;2;20;1;0
2026-05-04;294;B295;Type 2;B;2;10;0;1
2026-05-04;295;B296;Type 3;B;2;20;0;1
2026-05-04;296;B297;Type 2;B;2;45;1;0
2026-05-04;297;B298;Type 1;B;2;15;1;0
2026-05-04;298;B299;Type 1;B;2;20;0;1
2026-05-04;299;B301;Type 3;B;3;10;0;1
2026-05-04;300;B302;Type 3;B;3;25;0;1
2026-05-04;301;B303;Type 3;B;3;20;0;1
2026-05-04;302;B304;Type 2;B;3;20;1;0
2026-05-04;303;B305;Type 2;B;3;20;0;1
2026-05-04;304;B306;Type 3;B;3;30;0;1
2026-05-04;305;B307;Type 1;B;3;20;1;0
2026-05-04;306;B308;Type 1;B;3;20;1;0
2026-05-04;307;B309;Type 4;B;3;20;0;1
2026-05-04;308;B310;Type 2;B;3;35;1;0
2026-05-04;309;B311;Type 2;B;3;15;0;1
2026-05-04;310;B312;Type 3;B;3;25;0;1
2026-05-04;311;B313;Type 1;B;3;15;0;1
2026-05-04;312;B314;Type 2;B;3;10;1;0
2026-05-04;313;B315;Type 1;B;3;10;0;1
2026-05-04;314;B316;Type 1;B;3;40;0;1
2026-05-04;315;B317;Type 3;B;3;25;0;1
2026-05-04;316;B318;Type 2;B;3;20;1;0
2026-05-04;317;B319;Type 2;B;3;10;0;1
2026-05-04;318;B320;Type 1;B;3;15;0;1
2026-05-04;319;B321;Type 5;B;3;20;0;1
2026-05-04;320;B322;Type 1;B;3;30;1;0
2026-05-04;321;B323;Type 2;B;3;30;0;1
2026-05-04;322;B324;Type 2;B;3;25;0;1
2026-05-04;323;B325;Type 1;B;3;10;0;1
2026-05-04;324;B326;Type 1;B;3;25;0;1
2026-05-04;325;B327;Type 4;B;3;25;0;1
2026-05-04;326;B328;Type 2;B;3;15;1;0
2026-05-04;327;B329;Type 3;B;3;15;1;0
2026-05-04;328;B330;Type 1;B;3;15;0;1
2026-05-04;329;B331;Type 1;B;3;30;1;0
2026-05-04;330;B332;Type 1;B;3;25;0;1
2026-05-04;331;B333;Type 3;B;3;20;0;1
2026-05-04;332;B334;Type 2;B;3;25;1;0
2026-05-04;333;B335;Type 2;B;3;20;0;1
2026-05-04;334;B336;Type 2;B;3;30;0;1
2026-05-04;335;B337;Type 2;B;3;20;0;1
2026-05-04;336;B338;Type 1;B;3;15;1;0
2026-05-04;337;B339;Type 2;B;3;20;1;0
2026-05-04;338;B340;Type 1;B;3;20;0;1
2026-05-04;339;B341;Type 2;B;3;30;1;0
2026-05-04;340;B342;Type 2;B;3;15;1;0
2026-05-04;341;B343;Type 2;B;3;15;0;1
2026-05-04;342;B344;Type 2;B;3;10;1;0
2026-05-04;343;B345;Type 1;B;3;20;1;0
2026-05-04;344;B346;Type 3;B;3;15;0;1
2026-05-04;345;B347;Type 2;B;3;10;0;1
2026-05-04;346;B348;Type 1;B;3;15;0;1
2026-05-04;347;B349;Type 2;B;3;15;0;1
2026-05-04;348;B350;Type 1;B;3;20;0;1
2026-05-04;349;B351;Type 1;B;3;10;0;1
2026-05-04;350;B352;Type 2;B;3;20;0;1
2026-05-04;351;B353;Type 3;B;3;15;1;0
2026-05-04;352;B354;Type 2;B;3;20;1;0
2026-05-04;353;B355;Type 2;B;3;10;0;1
2026-05-04;354;B356;Type 2;B;3;30;1;0
2026-05-04;355;B357;Type 2;B;3;15;0;1
2026-05-04;356;B358;Type 2;B;3;15;0;1
2026-05-04;357;B359;Type 1;B;3;10;1;0
2026-05-04;358;B360;Type 1;B;3;10;0;1
2026-05-04;359;B361;Type 1;B;3;25;0;1
2026-05-04;360;B362;Type 1;B;3;20;0;1
2026-05-04;361;B363;Type 5;B;3;20;1;0
2026-05-04;362;B364;Type 2;B;3;35;0;1
2026-05-04;363;B365;Type 2;B;3;20;1;0
2026-05-04;364;B366;Type 1;B;3;15;0;1
2026-05-04;365;B367;Type 2;B;3;15;1;0
2026-05-04;366;B368;Type 5;B;3;20;0;1
2026-05-04;367;B369;Type 2;B;3;15;0;1
2026-05-04;368;B370;Type 1;B;3;20;0;1
2026-05-04;369;B371;Type 2;B;3;15;0;1
2026-05-04;370;B372;Type 2;B;3;20;0;1
2026-05-04;371;B373;Type 3;B;3;15;0;1
2026-05-04;372;B374;Type 2;B;3;15;0;1
2026-05-04;373;B375;Type 3;B;3;15;1;0
2026-05-04;374;B376;Type 2;B;3;15;1;0
2026-05-04;375;B377;Type 1;B;3;20;1;0
2026-05-04;376;B378;Type 1;B;3;20;0;1
2026-05-04;377;B379;Type 2;B;3;15;0;1
2026-05-04;378;B380;Type 1;B;3;25;0;1
2026-05-04;379;B381;Type 2;B;3;25;1;0
2026-05-04;380;B382;Type 2;B;3;25;1;0
2026-05-04;381;B383;Type 1;B;3;35;0;1
2026-05-04;382;B384;Type 1;B;3;15;1;0
2026-05-04;383;B385;Type 1;B;3;20;0;1
2026-05-04;384;B386;Type 1;B;3;20;0;1
2026-05-04;385;B387;Type 2;B;3;15;1;0
2026-05-04;386;B388;Type 3;B;3;25;0;1
2026-05-04;387;B389;Type 3;B;3;20;1;0
2026-05-04;388;B390;Type 1;B;3;25;1;0
2026-05-04;389;B391;Type 2;B;3;25;0;1
2026-05-04;390;B392;Type 1;B;3;25;1;0
2026-05-04;391;B393;Type 2;B;3;20;1;0
2026-05-04;392;B394;Type 3;B;3;15;1;0
2026-05-04;393;B395;Type 1;B;3;35;1;0
2026-05-04;394;B396;Type 1;B;3;15;0;1
2026-05-04;395;B397;Type 4;B;3;10;1;0
2026-05-04;396;B398;Type 1;B;3;25;0;1
2026-05-04;397;C001;Type 2;C;0;15;1;0
2026-05-04;398;C002;Type 1;C;0;15;0;1
2026-05-04;399;C003;Type 2;C;0;15;0;1
2026-05-04;400;C004;Type 1;C;0;40;0;1
2026-05-04;401;C005;Type 2;C;0;20;0;1
2026-05-04;402;C006;Type 1;C;0;15;1;0
2026-05-04;403;C007;Type 2;C;0;15;0;1
2026-05-04;404;C008;Type 3;C;0;20;1;0
2026-05-04;405;C009;Type 2;C;0;20;1;0
2026-05-04;406;C010;Type 1;C;0;20;0;1
2026-05-04;407;C011;Type 1;C;0;25;1;0
2026-05-04;408;C012;Type 3;C;0;20;0;1
2026-05-04;409;C013;Type 1;C;0;10;1;0
2026-05-04;410;C014;Type 3;C;0;10;0;1
2026-05-04;411;C015;Type 1;C;0;20;0;1
2026-05-04;412;C016;Type 4;C;0;10;1;0
2026-05-04;413;C017;Type 2;C;0;10;0;1
2026-05-04;414;C018;Type 2;C;0;25;0;1
2026-05-04;415;C019;Type 1;C;0;20;1;0
2026-05-04;416;C020;Type 2;C;0;25;0;1
2026-05-04;417;C101;Type 2;C;1;20;0;1
2026-05-04;418;C102;Type 2;C;1;30;1;0
2026-05-04;419;C103;Type 3;C;1;15;1;0
2026-05-04;420;C104;Type 2;C;1;20;0;1
2026-05-04;421;C105;Type 2;C;1;15;0;1
2026-05-04;422;C106;Type 2;C;1;20;1;0
2026-05-04;423;C107;Type 2;C;1;20;1;0
2026-05-04;424;C108;Type 4;C;1;20;0;1
2026-05-04;425;C109;Type 2;C;1;25;1;0
2026-05-04;426;C110;Type 2;C;1;40;1;0
2026-05-04;427;C111;Type 3;C;1;20;0;1
2026-05-04;428;C112;Type 1;C;1;15;1;0
2026-05-04;429;C113;Type 1;C;1;20;1;0
2026-05-04;430;C114;Type 1;C;1;25;1;0
2026-05-04;431;C115;Type 2;C;1;15;0;1
2026-05-04;432;C116;Type 1;C;1;10;0;1
2026-05-04;433;C117;Type 1;C;1;10;0;1
2026-05-04;434;C118;Type 1;C;1;10;1;0
2026-05-04;435;C119;Type 3;C;1;15;1;0
2026-05-04;436;C120;Type 4;C;1;30;1;0
2026-05-04;437;C121;Type 2;C;1;15;1;0
2026-05-04;438;C122;Type 3;C;1;25;1;0
2026-05-04;439;C123;Type 3;C;1;25;0;1
2026-05-04;440;C124;Type 1;C;1;20;1;0
2026-05-04;441;C125;Type 1;C;1;20;0;1
2026-05-04;442;C126;Type 3;C;1;10;0;1
2026-05-04;443;C127;Type 1;C;1;20;1;0
2026-05-04;444;C128;Type 3;C;1;15;1;0
2026-05-04;445;C129;Type 2;C;1;20;1;0
2026-05-04;446;C130;Type 1;C;1;15;1;0
2026-05-04;447;C131;Type 3;C;1;30;0;1
2026-05-04;448;C132;Type 2;C;1;15;0;1
2026-05-04;449;C133;Type 3;C;1;25;0;1
2026-05-04;450;C134;Type 1;C;1;15;1;0
2026-05-04;451;C135;Type 2;C;1;25;1;0
2026-05-04;452;C136;Type 1;C;1;20;0;1
2026-05-04;453;C137;Type 3;C;1;25;0;1
2026-05-04;454;C138;Type 3;C;1;10;0;1
2026-05-04;455;C139;Type 2;C;1;25;1;0
2026-05-04;456;C140;Type 2;C;1;25;0;1
2026-05-04;457;C141;Type 2;C;1;10;1;0
2026-05-04;458;C142;Type 1;C;1;15;1;0
2026-05-04;459;C143;Type 1;C;1;25;0;1
2026-05-04;460;C144;Type 2;C;1;20;0;1
2026-05-04;461;C145;Type 1;C;1;30;0;1
2026-05-04;462;C146;Type 2;C;1;25;0;1
2026-05-04;463;C147;Type 3;C;1;15;1;0
2026-05-04;464;C148;Type 3;C;1;15;0;1
2026-05-04;465;C149;Type 1;C;1;30;1;0
2026-05-04;466;C150;Type 2;C;1;15;0;1
2026-05-04;467;C151;Type 2;C;1;20;1;0
2026-05-04;468;C152;Type 1;C;1;25;0;1
2026-05-04;469;C153;Type 1;C;1;25;0;1
2026-05-04;470;C154;Type 1;C;1;20;0;1
2026-05-04;471;C155;Type 1;C;1;25;1;0
2026-05-04;472;C156;Type 1;C;1;20;0;1
2026-05-04;473;C157;Type 2;C;1;35;1;0
2026-05-04;474;C158;Type 1;C;1;25;0;1
2026-05-04;475;C159;Type 2;C;1;25;0;1
2026-05-04;476;C160;Type 1;C;1;10;1;0
2026-05-04;477;C161;Type 1;C;1;20;1;0
2026-05-04;478;C162;Type 3;C;1;25;0;1
2026-05-04;479;C163;Type 2;C;1;15;0;1
2026-05-04;480;C164;Type 2;C;1;15;0;1
2026-05-04;481;C165;Type 1;C;1;40;1;0
2026-05-04;482;C166;Type 4;C;1;15;1;0
2026-05-04;483;C167;Type 2;C;1;25;1;0
2026-05-04;484;C168;Type 1;C;1;35;1;0
2026-05-04;485;C169;Type 3;C;1;20;1;0
2026-05-04;486;C170;Type 2;C;1;20;0;1
2026-05-04;487;C171;Type 3;C;1;30;0;1
2026-05-04;488;C172;Type 2;C;1;15;1;0
2026-05-04;489;C173;Type 1;C;1;20;0;1
2026-05-04;490;C174;Type 1;C;1;25;0;1
2026-05-04;491;C175;Type 1;C;1;20;0;1
2026-05-04;492;C176;Type 2;C;1;15;1;0
2026-05-04;493;C177;Type 5;C;1;25;1;0
2026-05-04;494;C178;Type 1;C;1;20;0;1
2026-05-04;495;C179;Type 2;C;1;30;1;0
2026-05-04;496;C180;Type 1;C;1;25;1;0
2026-05-04;497;C201;Type 1;C;2;20;0;1
2026-05-04;498;C202;Type 3;C;2;20;1;0
2026-05-04;499;C203;Type 3;C;2;20;0;1
2026-05-04;500;C204;Type 1;C;2;15;1;0
2026-05-04;501;C205;Type 2;C;2;20;1;0
2026-05-04;502;C206;Type 2;C;2;25;0;1
2026-05-04;503;C207;Type 3;C;2;25;1;0
2026-05-04;504;C208;Type 1;C;2;25;1;0
2026-05-04;505;C209;Type 1;C;2;20;1;0
2026-05-04;506;C210;Type 1;C;2;15;1;0
2026-05-04;507;C211;Type 5;C;2;35;0;1
2026-05-04;508;C212;Type 2;C;2;15;1;0
2026-05-04;509;C213;Type 4;C;2;20;1;0
2026-05-04;510;C214;Type 1;C;2;25;0;1
2026-05-04;511;C215;Type 2;C;2;15;1;0
2026-05-04;512;C216;Type 2;C;2;30;0;1
2026-05-04;513;C217;Type 2;C;2;10;0;1
2026-05-04;514;C218;Type 3;C;2;25;0;1
2026-05-04;515;C219;Type 1;C;2;10;1;0
2026-05-04;516;C220;Type 1;C;2;15;0;1
2026-05-04;517;C221;Type 3;C;2;25;0;1
2026-05-04;518;C222;Type 5;C;2;20;1;0
2026-05-04;519;C223;Type 1;C;2;20;0;1
2026-05-04;520;C224;Type 2;C;2;20;0;1
2026-05-04;521;C225;Type 2;C;2;25;0;1
2026-05-04;522;C226;Type 1;C;2;10;0;1
2026-05-04;523;C227;Type 1;C;2;20;0;1
2026-05-04;524;C228;Type 3;C;2;40;1;0
2026-05-04;525;C229;Type 2;C;2;30;0;1
2026-05-04;526;C230;Type 2;C;2;35;0;1
2026-05-04;527;C231;Type 3;C;2;20;0;1
2026-05-04;528;C232;Type 1;C;2;25;1;0
2026-05-04;529;C233;Type 4;C;2;15;0;1
2026-05-04;530;C234;Type 5;C;2;20;1;0
2026-05-04;531;C235;Type 2;C;2;10;0;1
2026-05-04;532;C236;Type 1;C;2;20;0;1
2026-05-04;533;C237;Type 1;C;2;30;1;0
2026-05-04;534;C238;Type 1;C;2;10;0;1
2026-05-04;535;C239;Type 3;C;2;15;0;1
2026-05-04;536;C240;Type 2;C;2;15;0;1
2026-05-04;537;C241;Type 2;C;2;30;1;0
2026-05-04;538;C242;Type 2;C;2;15;1;0
2026-05-04;539;C243;Type 3;C;2;15;1;0
2026-05-04;540;C244;Type 3;C;2;15;0;1
2026-05-04;541;C245;Type 4;C;2;25;1;0
2026-05-04;542;C246;Type 2;C;2;25;1;0
2026-05-04;543;C247;Type 1;C;2;20;0;1
2026-05-04;544;C248;Type 2;C;2;10;1;0
2026-05-04;545;C249;Type 2;C;2;20;0;1
2026-05-04;546;C250;Type 3;C;2;30;0;1
2026-05-04;547;C251;Type 2;C;2;50;1;0
2026-05-04;548;C252;Type 1;C;2;15;1;0
2026-05-04;549;C253;Type 2;C;2;25;0;1
2026-05-04;550;C254;Type 1;C;2;20;1;0
2026-05-04;551;C255;Type 2;C;2;15;0;1
2026-05-04;552;C256;Type 1;C;2;15;0;1
2026-05-04;553;C257;Type 2;C;2;20;1;0
2026-05-04;554;C258;Type 2;C;2;25;0;1
2026-05-04;555;C259;Type 4;C;2;25;0;1
2026-05-04;556;C260;Type 3;C;2;20;1;0
2026-05-04;557;C261;Type 2;C;2;15;1;0
2026-05-04;558;C262;Type 1;C;2;20;0;1
2026-05-04;559;C263;Type 2;C;2;20;1;0
2026-05-04;560;C264;Type 2;C;2;10;1;0
2026-05-04;561;C265;Type 1;C;2;15;0;1
2026-05-04;562;C266;Type 1;C;2;20;0;1
2026-05-04;563;C267;Type 1;C;2;15;0;1
2026-05-04;564;C268;Type 1;C;2;25;0;1
2026-05-04;565;C269;Type 1;C;2;25;0;1
2026-05-04;566;C270;Type 3;C;2;25;0;1
2026-05-04;567;C271;Type 4;C;2;20;1;0
2026-05-04;568;C272;Type 3;C;2;15;1;0
2026-05-04;569;C273;Type 3;C;2;25;0;1
2026-05-04;570;C274;Type 2;C;2;10;0;1
2026-05-04;571;C275;Type 1;C;2;25;1;0
2026-05-04;572;C276;Type 2;C;2;25;1;0
2026-05-04;573;C277;Type 1;C;2;20;0;1
2026-05-04;574;C278;Type 1;C;2;10;0;1
2026-05-04;575;C279;Type 1;C;2;10;1;0
2026-05-04;576;C280;Type 2;C;2;15;0;1
2026-05-04;577;C281;Type 1;C;2;20;0;1
2026-05-04;578;C282;Type 1;C;2;15;0;1
2026-05-04;579;C283;Type 2;C;2;15;0;1
2026-05-04;580;C284;Type 2;C;2;15;0;1
2026-05-04;581;C285;Type 1;C;2;20;1;0
2026-05-04;582;C286;Type 3;C;2;10;1;0
2026-05-04;583;C287;Type 1;C;2;20;0;1
2026-05-04;584;C288;Type 1;C;2;20;1;0
2026-05-04;585;C289;Type 2;C;2;10;0;1
2026-05-04;586;C290;Type 2;C;2;20;0;1
2026-05-04;587;C291;Type 5;C;2;10;1;0
2026-05-04;588;C292;Type 2;C;2;30;0;1
2026-05-04;589;C293;Type 3;C;2;15;0;1
2026-05-04;590;C294;Type 1;C;2;10;0;1
2026-05-04;591;C295;Type 1;C;2;20;1;0
2026-05-04;592;C296;Type 2;C;2;30;1;0
2026-05-04;593;C297;Type 4;C;2;30;1;0
2026-05-04;594;C298;Type 2;C;2;10;0;1
2026-05-04;595;C299;Type 2;C;2;30;0;1
2026-05-04;596;C301;Type 1;C;3;15;1;0
2026-05-04;597;C302;Type 1;C;3;30;1;0
2026-05-04;598;C303;Type 4;C;3;15;1;0
2026-05-04;599;C304;Type 2;C;3;20;1;0
2026-05-04;600;C305;Type 4;C;3;15;1;0
2026-05-04;601;C306;Type 3;C;3;30;1;0
2026-05-04;602;C307;Type 1;C;3;20;0;1
2026-05-04;603;C308;Type 2;C;3;15;1;0
2026-05-04;604;C309;Type 2;C;3;15;0;1
2026-05-04;605;C310;Type 3;C;3;20;1;0
2026-05-04;606;C311;Type 2;C;3;10;1;0
2026-05-04;607;C312;Type 2;C;3;15;0;1
2026-05-04;608;C313;Type 2;C;3;15;0;1
2026-05-04;609;C314;Type 2;C;3;20;0;1
2026-05-04;610;C315;Type 3;C;3;25;0;1
2026-05-04;611;C316;Type 2;C;3;15;1;0
2026-05-04;612;C317;Type 1;C;3;25;0;1
2026-05-04;613;C318;Type 2;C;3;30;1;0
2026-05-04;614;C319;Type 2;C;3;15;1;0
2026-05-04;615;C320;Type 1;C;3;30;1;0
2026-05-04;616;C321;Type 2;C;3;15;1;0
2026-05-04;617;C322;Type 2;C;3;10;1;0
2026-05-04;618;C323;Type 3;C;3;15;0;1
2026-05-04;619;C324;Type 1;C;3;25;0;1
2026-05-04;620;C325;Type 3;C;3;15;0;1
2026-05-04;621;C326;Type 4;C;3;15;0;1
2026-05-04;622;C327;Type 3;C;3;15;0;1
2026-05-04;623;C328;Type 2;C;3;20;1;0
2026-05-04;624;C329;Type 3;C;3;15;1;0
2026-05-04;625;C330;Type 2;C;3;30;0;1
2026-05-04;626;C331;Type 4;C;3;10;1;0
2026-05-04;627;C332;Type 3;C;3;20;0;1
2026-05-04;628;C333;Type 1;C;3;35;0;1
2026-05-04;629;C334;Type 1;C;3;15;0;1
2026-05-04;630;C335;Type 1;C;3;30;0;1
2026-05-04;631;C336;Type 5;C;3;10;1;0
2026-05-04;632;C337;Type 2;C;3;25;0;1
2026-05-04;633;C338;Type 1;C;3;20;0;1
2026-05-04;634;C339;Type 1;C;3;30;0;1
2026-05-04;635;C340;Type 2;C;3;20;1;0
2026-05-04;636;C341;Type 1;C;3;20;0;1
2026-05-04;637;C342;Type 3;C;3;10;0;1
2026-05-04;638;C343;Type 2;C;3;25;0;1
2026-05-04;639;C344;Type 1;C;3;20;1;0
2026-05-04;640;C345;Type 3;C;3;35;0;1
2026-05-04;641;C346;Type 3;C;3;15;1;0
2026-05-04;642;C347;Type 1;C;3;20;1;0
2026-05-04;643;C348;Type 1;C;3;25;0;1
2026-05-04;644;C349;Type 2;C;3;15;0;1
2026-05-04;645;C350;Type 1;C;3;15;0;1
2026-05-04;646;C351;Type 2;C;3;25;1;0
2026-05-04;647;C352;Type 2;C;3;10;0;1
2026-05-04;648;C353;Type 1;C;3;15;0;1
2026-05-04;649;C354;Type 3;C;3;20;1;0
2026-05-04;650;C355;Type 2;C;3;25;1;0
2026-05-04;651;C356;Type 3;C;3;15;0;1
2026-05-04;652;C357;Type 2;C;3;15;0;1
2026-05-04;653;C358;Type 1;C;3;15;1;0
2026-05-04;654;C359;Type 2;C;3;10;1;0
2026-05-04;655;C360;Type 1;C;3;30;1;0
2026-05-04;656;C361;Type 1;C;3;25;0;1
2026-05-04;657;C362;Type 2;C;3;20;1;0
2026-05-04;658;C363;Type 2;C;3;20;0;1
2026-05-04;659;C364;Type 1;C;3;10;1;0
2026-05-04;660;C365;Type 2;C;3;30;1;0
2026-05-04;661;C366;Type 1;C;3;20;0;1
2026-05-04;662;C367;Type 1;C;3;20;0;1
2026-05-04;663;C368;Type 1;C;3;15;1;0
2026-05-04;664;C369;Type 1;C;3;15;1;0
2026-05-04;665;C370;Type 1;C;3;25;0;1
2026-05-04;666;C371;Type 2;C;3;10;0;1
2026-05-04;667;C372;Type 4;C;3;25;0;1
2026-05-04;668;C373;Type 1;C;3;25;0;1
2026-05-04;669;C374;Type 5;C;3;25;1;0
2026-05-04;670;C375;Type 1;C;3;15;0;1
2026-05-04;671;C376;Type 3;C;3;30;0;1
2026-05-04;672;C377;Type 1;C;3;20;1;0
2026-05-04;673;C378;Type 2;C;3;25;0;1
2026-05-04;674;C379;Type 2;C;3;10;1;0
2026-05-04;675;C380;Type 1;C;3;10;1;0
2026-05-04;676;C381;Type 5;C;3;15;1;0
2026-05-04;677;C382;Type 1;C;3;20;0;1
2026-05-04;678;C383;Type 3;C;3;30;0;1
2026-05-04;679;C384;Type 2;C;3;25;0;1
2026-05-04;680;C385;Type 3;C;3;15;0;1
2026-05-04;681;C386;Type 2;C;3;15;0;1
2026-05-04;682;C387;Type 1;C;3;25;0;1
2026-05-04;683;C388;Type 3;C;3;10;1;0
2026-05-04;684;C389;Type 2;C;3;25;0;1
2026-05-04;685;C390;Type 4;C;3;20;1;0
2026-05-04;686;C391;Type 1;C;3;25;0;1
2026-05-04;687;C392;Type 2;C;3;20;0;1
2026-05-04;688;C393;Type 2;C;3;15;1;0
2026-05-04;689;C394;Type 5;C;3;20;0;1
2026-05-04;690;C395;Type 1;C;3;20;0;1
2026-05-04;691;C396;Type 3;C;3;25;0;1
2026-05-04;692;C397;Type 1;C;3;35;0;1
2026-05-04;693;C398;Type 3;C;3;15;1;0
2026-05-04;694;C399;Type 2;C;3;20;0;1
2026-05-04;695;C401;Type 2;C;4;15;0;1
2026-05-04;696;C402;Type 1;C;4;25;0;1
2026-05-04;697;C403;Type 2;C;4;15;0;1
2026-05-04;698;C404;Type 1;C;4;15;1;0
2026-05-04;699;C405;Type 1;C;4;20;1;0
2026-05-04;700;C406;Type 2;C;4;10;1;0
2026-05-04;701;C407;Type 4;C;4;15;0;1
2026-05-04;702;C408;Type 2;C;4;20;0;1
2026-05-04;703;C409;Type 4;C;4;20;0;1
2026-05-04;704;C410;Type 3;C;4;15;0;1
2026-05-04;705;C411;Type 2;C;4;10;1;0
2026-05-04;706;C412;Type 2;C;4;20;0;1
2026-05-04;707;C413;Type 1;C;4;10;0;1
2026-05-04;708;C414;Type 1;C;4;20;1;0
2026-05-04;709;C415;Type 2;C;4;10;0;1
2026-05-04;710;C416;Type 1;C;4;15;0;1
2026-05-04;711;C417;Type 1;C;4;15;1;0
2026-05-04;712;C418;Type 1;C;4;20;0;1
2026-05-04;713;C419;Type 2;C;4;15;0;1
2026-05-04;714;C420;Type 2;C;4;15;0;1
2026-05-04;715;C421;Type 1;C;4;25;1;0
2026-05-04;716;C422;Type 1;C;4;25;0;1
2026-05-04;717;C423;Type 2;C;4;15;0;1
2026-05-04;718;C424;Type 2;C;4;15;0;1
2026-05-04;719;C425;Type 2;C;4;15;1;0
2026-05-04;720;C426;Type 3;C;4;15;0;1
2026-05-04;721;C427;Type 2;C;4;10;1;0
2026-05-04;722;C428;Type 3;C;4;35;0;1
2026-05-04;723;C429;Type 3;C;4;15;0;1
2026-05-04;724;C430;Type 2;C;4;10;1;0
2026-05-04;725;C431;Type 2;C;4;10;1;0
2026-05-04;726;C432;Type 2;C;4;25;0;1
2026-05-04;727;C433;Type 2;C;4;20;0;1
2026-05-04;728;C434;Type 1;C;4;25;1;0
2026-05-04;729;C435;Type 1;C;4;20;0;1
2026-05-04;730;C436;Type 2;C;4;20;0;1
2026-05-04;731;C437;Type 2;C;4;15;1;0
2026-05-04;732;C438;Type 3;C;4;15;1;0
2026-05-04;733;C439;Type 2;C;4;10;0;1
2026-05-04;734;C440;Type 2;C;4;10;1;0
2026-05-04;735;C441;Type 1;C;4;10;1;0
2026-05-04;736;C442;Type 1;C;4;20;0;1
2026-05-04;737;C443;Type 1;C;4;20;0;1
2026-05-04;738;C444;Type 3;C;4;25;0;1
2026-05-04;739;C445;Type 1;C;4;15;0;1
2026-05-04;740;C446;Type 2;C;4;15;1;0
2026-05-04;741;C447;Type 2;C;4;15;1;0
2026-05-04;742;C448;Type 1;C;4;20;0;1
2026-05-04;743;C449;Type 1;C;4;20;0;1
2026-05-04;744;C450;Type 2;C;4;40;0;1
2026-05-04;745;C451;Type 1;C;4;25;0;1
2026-05-04;746;C452;Type 2;C;4;25;1;0
2026-05-04;747;C453;Type 2;C;4;15;0;1
2026-05-04;748;C454;Type 1;C;4;10;0;1
2026-05-04;749;C455;Type 1;C;4;20;0;1
2026-05-04;750;C456;Type 2;C;4;25;1;0
2026-05-04;751;C457;Type 4;C;4;10;0;1
2026-05-04;752;C458;Type 1;C;4;20;0;1
2026-05-04;753;C459;Type 1;C;4;25;1;0
2026-05-04;754;C460;Type 1;C;4;15;0;1
2026-05-04;755;C461;Type 3;C;4;15;0;1
2026-05-04;756;C462;Type 1;C;4;20;1;0
2026-05-04;757;C463;Type 1;C;4;20;0;1
2026-05-04;758;C464;Type 4;C;4;25;1;0
2026-05-04;759;C465;Type 1;C;4;10;1;0
2026-05-04;760;C466;Type 3;C;4;15;0;1
2026-05-04;761;C467;Type 1;C;4;25;0;1
2026-05-04;762;C468;Type 1;C;4;10;1;0
2026-05-04;763;C469;Type 1;C;4;15;0;1
2026-05-04;764;C470;Type 2;C;4;30;0;1
2026-05-04;765;C471;Type 2;C;4;10;0;1
2026-05-04;766;C472;Type 2;C;4;30;0;1
2026-05-04;767;C473;Type 1;C;4;20;0;1
2026-05-04;768;C474;Type 1;C;4;20;0;1
2026-05-04;769;C475;Type 2;C;4;10;1;0
2026-05-04;770;C476;Type 3;C;4;20;0;1
2026-05-04;771;C477;Type 1;C;4;15;0;1
2026-05-04;772;C478;Type 2;C;4;25;0;1
2026-05-04;773;C479;Type 2;C;4;10;1;0
2026-05-04;774;C480;Type 2;C;4;25;0;1
2026-05-04;775;C481;Type 1;C;4;20;0;1
2026-05-04;776;C482;Type 3;C;4;15;1;0
2026-05-04;777;C483;Type 1;C;4;30;0;1
2026-05-04;778;C484;Type 2;C;4;20;1;0
2026-05-04;779;C485;Type 2;C;4;30;1;0
2026-05-04;780;C486;Type 4;C;4;35;0;1
2026-05-04;781;C487;Type 2;C;4;25;0;1
2026-05-04;782;C488;Type 1;C;4;30;1;0
2026-05-04;783;C489;Type 2;C;4;20;0;1
2026-05-04;784;C490;Type 3;C;4;10;0;1
2026-05-04;785;C491;Type 1;C;4;20;1;0
2026-05-04;786;C492;Type 1;C;4;15;1;0
2026-05-05;0;A001;Type 3;A;0;10;1;0
2026-05-05;1;A002;Type 2;A;0;10;0;1
2026-05-05;2;A003;Type 3;A;0;10;0;1
2026-05-05;3;A004;Type 4;A;0;15;1;0
2026-05-05;4;A005;Type 1;A;0;10;0;1
2026-05-05;5;A006;Type 2;A;0;10;1;0
2026-05-05;6;A007;Type 2;A;0;10;1;0
2026-05-05;7;A008;Type 2;A;0;15;0;1
2026-05-05;8;A009;Type 2;A;0;25;1;0
2026-05-05;9;A010;Type 2;A;0;10;0;1
2026-05-05;10;A101;Type 2;A;1;10;1;0
2026-05-05;11;A102;Type 3;A;1;25;1;0
2026-05-05;12;A103;Type 4;A;1;15;0;1
2026-05-05;13;A104;Type 3;A;1;15;0;1
2026-05-05;14;A105;Type 2;A;1;15;1;0
2026-05-05;15;A106;Type 3;A;1;10;1;0
2026-05-05;16;A107;Type 2;A;1;10;1;0
2026-05-05;17;A108;Type 2;A;1;20;0;1
2026-05-05;18;A109;Type 2;A;1;10;1;0
2026-05-05;19;A110;Type 1;A;1;10;1;0
2026-05-05;20;A111;Type 1;A;1;15;1;0
2026-05-05;21;A112;Type 2;A;1;15;1;0
2026-05-05;22;A113;Type 3;A;1;10;1;0
2026-05-05;23;A114;Type 1;A;1;10;1;0
2026-05-05;24;A115;Type 2;A;1;15;1;0
2026-05-05;25;A116;Type 1;A;1;20;1;0
2026-05-05;26;A117;Type 1;A;1;10;1;0
2026-05-05;27;A118;Type 2;A;1;10;1;0
2026-05-05;28;A119;Type 1;A;1;10;1;0
2026-05-05;29;A120;Type 3;A;1;10;0;1
2026-05-05;30;A121;Type 3;A;1;15;0;1
2026-05-05;31;A122;Type 1;A;1;10;1;0
2026-05-05;32;A123;Type 2;A;1;10;0;1
2026-05-05;33;A124;Type 3;A;1;10;1;0
2026-05-05;34;A125;Type 3;A;1;10;0;1
2026-05-05;35;A126;Type 1;A;1;15;1;0
2026-05-05;36;A127;Type 2;A;1;20;1;0
2026-05-05;37;A128;Type 2;A;1;20;1;0
2026-05-05;38;A129;Type 2;A;1;10;1;0
2026-05-05;39;A130;Type 1;A;1;15;1;0
2026-05-05;40;A131;Type 4;A;1;15;1;0
2026-05-05;41;A132;Type 3;A;1;25;1;0
2026-05-05;42;A133;Type 1;A;1;10;1;0
2026-05-05;43;A134;Type 1;A;1;10;1;0
2026-05-05;44;A135;Type 1;A;1;15;1;0
2026-05-05;45;A136;Type 3;A;1;10;1;0
2026-05-05;46;A137;Type 4;A;1;20;1;0
2026-05-05;47;A138;Type 1;A;1;10;1;0
2026-05-05;48;A139;Type 1;A;1;30;1;0
2026-05-05;49;A140;Type 1;A;1;10;1;0
2026-05-05;50;A141;Type 1;A;1;25;1;0
2026-05-05;51;A142;Type 4;A;1;15;1;0
2026-05-05;52;A143;Type 3;A;1;10;0;1
2026-05-05;53;A144;Type 1;A;1;25;1;0
2026-05-05;54;A145;Type 3;A;1;20;1;0
2026-05-05;55;A146;Type 1;A;1;20;1;0
2026-05-05;56;A147;Type 2;A;1;15;1;0
2026-05-05;57;A148;Type 3;A;1;20;1;0
2026-05-05;58;A149;Type 1;A;1;10;0;1
2026-05-05;59;A150;Type 2;A;1;15;0;1
2026-05-05;60;A201;Type 1;A;2;20;0;1
2026-05-05;61;A202;Type 2;A;2;15;1;0
2026-05-05;62;A203;Type 3;A;2;10;1;0
2026-05-05;63;A204;Type 1;A;2;20;1;0
2026-05-05;64;A205;Type 1;A;2;10;1;0
2026-05-05;65;A206;Type 2;A;2;15;1;0
2026-05-05;66;A207;Type 2;A;2;10;1;0
2026-05-05;67;A208;Type 1;A;2;10;1;0
2026-05-05;68;A209;Type 1;A;2;10;0;1
2026-05-05;69;A210;Type 3;A;2;20;1;0
2026-05-05;70;A211;Type 1;A;2;20;1;0
2026-05-05;71;A212;Type 1;A;2;25;0;1
2026-05-05;72;A213;Type 1;A;2;10;1;0
2026-05-05;73;A214;Type 2;A;2;10;0;1
2026-05-05;74;A215;Type 2;A;2;15;1;0
2026-05-05;75;A216;Type 3;A;2;15;1;0
2026-05-05;76;A217;Type 2;A;2;10;1;0
2026-05-05;77;A218;Type 1;A;2;15;0;1
2026-05-05;78;A219;Type 1;A;2;20;1;0
2026-05-05;79;A220;Type 2;A;2;20;1;0
2026-05-05;80;A221;Type 4;A;2;10;1;0
2026-05-05;81;A222;Type 3;A;2;10;0;1
2026-05-05;82;A223;Type 2;A;2;10;1;0
2026-05-05;83;A224;Type 2;A;2;25;1;0
2026-05-05;84;A225;Type 2;A;2;10;1;0
2026-05-05;85;A226;Type 2;A;2;15;0;1
2026-05-05;86;A227;Type 1;A;2;10;1;0
2026-05-05;87;A228;Type 1;A;2;10;1;0
2026-05-05;88;A229;Type 3;A;2;10;0;1
2026-05-05;89;A230;Type 1;A;2;15;0;1
2026-05-05;90;A231;Type 2;A;2;10;1;0
2026-05-05;91;A232;Type 1;A;2;10;1;0
2026-05-05;92;A233;Type 2;A;2;15;1;0
2026-05-05;93;A234;Type 1;A;2;15;1;0
2026-05-05;94;A235;Type 1;A;2;15;1;0
2026-05-05;95;A236;Type 2;A;2;10;1;0
2026-05-05;96;A237;Type 3;A;2;10;1;0
2026-05-05;97;A238;Type 3;A;2;20;1;0
2026-05-05;98;A239;Type 4;A;2;20;0;1
2026-05-05;99;A240;Type 2;A;2;10;1;0
2026-05-05;100;B001;Type 1;B;0;15;1;0
2026-05-05;101;B002;Type 1;B;0;15;1;0
2026-05-05;102;B003;Type 2;B;0;10;1;0
2026-05-05;103;B004;Type 2;B;0;15;0;1
2026-05-05;104;B005;Type 3;B;0;30;1;0
2026-05-05;105;B006;Type 3;B;0;25;1;0
2026-05-05;106;B007;Type 2;B;0;15;0;1
2026-05-05;107;B008;Type 3;B;0;25;1;0
2026-05-05;108;B009;Type 4;B;0;50;0;1
2026-05-05;109;B010;Type 2;B;0;20;1;0
2026-05-05;110;B011;Type 1;B;0;25;0;1
2026-05-05;111;B012;Type 2;B;0;20;0;1
2026-05-05;112;B013;Type 1;B;0;20;1;0
2026-05-05;113;B014;Type 2;B;0;25;1;0
2026-05-05;114;B015;Type 2;B;0;30;1;0
2026-05-05;115;B016;Type 3;B;0;30;1;0
2026-05-05;116;B017;Type 1;B;0;15;1;0
2026-05-05;117;B018;Type 1;B;0;10;1;0
2026-05-05;118;B019;Type 4;B;0;20;0;1
2026-05-05;119;B020;Type 1;B;0;20;1;0
2026-05-05;120;B101;Type 1;B;1;25;1;0
2026-05-05;121;B102;Type 1;B;1;20;0;1
2026-05-05;122;B103;Type 2;B;1;15;1;0
2026-05-05;123;B104;Type 3;B;1;15;1;0
2026-05-05;124;B105;Type 1;B;1;25;1;0
2026-05-05;125;B106;Type 1;B;1;25;1;0
2026-05-05;126;B107;Type 4;B;1;20;1;0
2026-05-05;127;B108;Type 2;B;1;15;1;0
2026-05-05;128;B109;Type 2;B;1;20;0;1
2026-05-05;129;B110;Type 1;B;1;15;1;0
2026-05-05;130;B111;Type 2;B;1;15;1;0
2026-05-05;131;B112;Type 1;B;1;30;1;0
2026-05-05;132;B113;Type 1;B;1;20;1;0
2026-05-05;133;B114;Type 3;B;1;10;1;0
2026-05-05;134;B115;Type 3;B;1;20;1;0
2026-05-05;135;B116;Type 1;B;1;20;1;0
2026-05-05;136;B117;Type 5;B;1;20;1;0
2026-05-05;137;B118;Type 2;B;1;25;0;1
2026-05-05;138;B119;Type 1;B;1;15;1;0
2026-05-05;139;B120;Type 1;B;1;20;1;0
2026-05-05;140;B121;Type 1;B;1;10;1;0
2026-05-05;141;B122;Type 2;B;1;20;1;0
2026-05-05;142;B123;Type 1;B;1;25;1;0
2026-05-05;143;B124;Type 2;B;1;30;0;1
2026-05-05;144;B125;Type 2;B;1;20;1;0
2026-05-05;145;B126;Type 1;B;1;20;1;0
2026-05-05;146;B127;Type 1;B;1;15;0;1
2026-05-05;147;B128;Type 4;B;1;25;1;0
2026-05-05;148;B129;Type 1;B;1;15;0;1
2026-05-05;149;B130;Type 2;B;1;25;1;0
2026-05-05;150;B131;Type 1;B;1;30;1;0
2026-05-05;151;B132;Type 2;B;1;20;1;0
2026-05-05;152;B133;Type 1;B;1;35;0;1
2026-05-05;153;B134;Type 2;B;1;20;1;0
2026-05-05;154;B135;Type 1;B;1;15;1;0
2026-05-05;155;B136;Type 2;B;1;10;0;1
2026-05-05;156;B137;Type 2;B;1;20;1;0
2026-05-05;157;B138;Type 3;B;1;25;0;1
2026-05-05;158;B139;Type 3;B;1;15;1;0
2026-05-05;159;B140;Type 4;B;1;20;0;1
2026-05-05;160;B141;Type 1;B;1;25;1;0
2026-05-05;161;B142;Type 3;B;1;20;1;0
2026-05-05;162;B143;Type 3;B;1;25;1;0
2026-05-05;163;B144;Type 3;B;1;10;1;0
2026-05-05;164;B145;Type 2;B;1;20;1;0
2026-05-05;165;B146;Type 1;B;1;15;1;0
2026-05-05;166;B147;Type 3;B;1;15;1;0
2026-05-05;167;B148;Type 1;B;1;30;1;0
2026-05-05;168;B149;Type 2;B;1;15;0;1
2026-05-05;169;B150;Type 4;B;1;20;1;0
2026-05-05;170;B151;Type 5;B;1;20;1;0
2026-05-05;171;B152;Type 3;B;1;25;0;1
2026-05-05;172;B153;Type 2;B;1;30;1;0
2026-05-05;173;B154;Type 1;B;1;35;0;1
2026-05-05;174;B155;Type 3;B;1;45;1;0
2026-05-05;175;B156;Type 2;B;1;20;1;0
2026-05-05;176;B157;Type 1;B;1;20;0;1
2026-05-05;177;B158;Type 4;B;1;40;1;0
2026-05-05;178;B159;Type 1;B;1;25;1;0
2026-05-05;179;B160;Type 3;B;1;20;1;0
2026-05-05;180;B161;Type 2;B;1;20;1;0
2026-05-05;181;B162;Type 1;B;1;25;1;0
2026-05-05;182;B163;Type 2;B;1;20;1;0
2026-05-05;183;B164;Type 1;B;1;35;0;1
2026-05-05;184;B165;Type 3;B;1;10;1;0
2026-05-05;185;B166;Type 1;B;1;30;0;1
2026-05-05;186;B167;Type 2;B;1;20;1;0
2026-05-05;187;B168;Type 3;B;1;30;1;0
2026-05-05;188;B169;Type 3;B;1;25;1;0
2026-05-05;189;B170;Type 1;B;1;20;1;0
2026-05-05;190;B171;Type 2;B;1;20;1;0
2026-05-05;191;B172;Type 2;B;1;20;1;0
2026-05-05;192;B173;Type 1;B;1;10;1;0
2026-05-05;193;B174;Type 1;B;1;20;1;0
2026-05-05;194;B175;Type 1;B;1;15;1;0
2026-05-05;195;B176;Type 1;B;1;25;1;0
2026-05-05;196;B177;Type 1;B;1;10;1;0
2026-05-05;197;B178;Type 1;B;1;25;1;0
2026-05-05;198;B179;Type 1;B;1;15;1;0
2026-05-05;199;B180;Type 3;B;1;20;0;1
2026-05-05;200;B201;Type 4;B;2;15;0;1
2026-05-05;201;B202;Type 1;B;2;30;0;1
2026-05-05;202;B203;Type 1;B;2;15;1;0
2026-05-05;203;B204;Type 1;B;2;15;1;0
2026-05-05;204;B205;Type 2;B;2;25;1;0
2026-05-05;205;B206;Type 2;B;2;25;1;0
2026-05-05;206;B207;Type 2;B;2;15;0;1
2026-05-05;207;B208;Type 1;B;2;10;0;1
2026-05-05;208;B209;Type 1;B;2;25;1;0
2026-05-05;209;B210;Type 4;B;2;25;1;0
2026-05-05;210;B211;Type 3;B;2;15;0;1
2026-05-05;211;B212;Type 4;B;2;20;1;0
2026-05-05;212;B213;Type 5;B;2;25;1;0
2026-05-05;213;B214;Type 1;B;2;15;1;0
2026-05-05;214;B215;Type 1;B;2;25;1;0
2026-05-05;215;B216;Type 1;B;2;20;1;0
2026-05-05;216;B217;Type 3;B;2;25;1;0
2026-05-05;217;B218;Type 2;B;2;20;1;0
2026-05-05;218;B219;Type 3;B;2;10;0;1
2026-05-05;219;B220;Type 3;B;2;25;1;0
2026-05-05;220;B221;Type 2;B;2;20;1;0
2026-05-05;221;B222;Type 3;B;2;25;0;1
2026-05-05;222;B223;Type 4;B;2;30;1;0
2026-05-05;223;B224;Type 3;B;2;15;0;1
2026-05-05;224;B225;Type 1;B;2;20;0;1
2026-05-05;225;B226;Type 1;B;2;15;1;0
2026-05-05;226;B227;Type 1;B;2;20;0;1
2026-05-05;227;B228;Type 3;B;2;10;1;0
2026-05-05;228;B229;Type 2;B;2;25;1;0
2026-05-05;229;B230;Type 3;B;2;15;1;0
2026-05-05;230;B231;Type 1;B;2;20;1;0
2026-05-05;231;B232;Type 2;B;2;25;1;0
2026-05-05;232;B233;Type 2;B;2;25;1;0
2026-05-05;233;B234;Type 3;B;2;10;1;0
2026-05-05;234;B235;Type 3;B;2;15;1;0
2026-05-05;235;B236;Type 3;B;2;20;1;0
2026-05-05;236;B237;Type 1;B;2;15;1;0
2026-05-05;237;B238;Type 1;B;2;25;0;1
2026-05-05;238;B239;Type 2;B;2;25;1;0
2026-05-05;239;B240;Type 1;B;2;15;1;0
2026-05-05;240;B241;Type 1;B;2;20;1;0
2026-05-05;241;B242;Type 2;B;2;10;1;0
2026-05-05;242;B243;Type 1;B;2;20;1;0
2026-05-05;243;B244;Type 5;B;2;20;1;0
2026-05-05;244;B245;Type 3;B;2;35;1;0
2026-05-05;245;B246;Type 3;B;2;55;1;0
2026-05-05;246;B247;Type 2;B;2;10;0;1
2026-05-05;247;B248;Type 1;B;2;15;1;0
2026-05-05;248;B249;Type 1;B;2;20;1;0
2026-05-05;249;B250;Type 2;B;2;15;1;0
2026-05-05;250;B251;Type 3;B;2;25;1;0
2026-05-05;251;B252;Type 4;B;2;10;1;0
2026-05-05;252;B253;Type 1;B;2;20;0;1
2026-05-05;253;B254;Type 1;B;2;20;0;1
2026-05-05;254;B255;Type 2;B;2;20;1;0
2026-05-05;255;B256;Type 5;B;2;25;1;0
2026-05-05;256;B257;Type 3;B;2;10;1;0
2026-05-05;257;B258;Type 2;B;2;20;1;0
2026-05-05;258;B259;Type 2;B;2;30;1;0
2026-05-05;259;B260;Type 1;B;2;25;1;0
2026-05-05;260;B261;Type 2;B;2;15;0;1
2026-05-05;261;B262;Type 1;B;2;20;1;0
2026-05-05;262;B263;Type 2;B;2;15;1;0
2026-05-05;263;B264;Type 2;B;2;25;1;0
2026-05-05;264;B265;Type 2;B;2;20;1;0
2026-05-05;265;B266;Type 2;B;2;20;1;0
2026-05-05;266;B267;Type 3;B;2;15;0;1
2026-05-05;267;B268;Type 2;B;2;15;1;0
2026-05-05;268;B269;Type 1;B;2;20;1;0
2026-05-05;269;B270;Type 2;B;2;20;1;0
2026-05-05;270;B271;Type 1;B;2;10;1;0
2026-05-05;271;B272;Type 1;B;2;15;1;0
2026-05-05;272;B273;Type 1;B;2;30;0;1
2026-05-05;273;B274;Type 1;B;2;15;0;1
2026-05-05;274;B275;Type 3;B;2;25;1;0
2026-05-05;275;B276;Type 2;B;2;25;0;1
2026-05-05;276;B277;Type 3;B;2;20;1;0
2026-05-05;277;B278;Type 3;B;2;25;1;0
2026-05-05;278;B279;Type 1;B;2;15;0;1
2026-05-05;279;B280;Type 1;B;2;35;1;0
2026-05-05;280;B281;Type 3;B;2;25;1;0
2026-05-05;281;B282;Type 2;B;2;10;1;0
2026-05-05;282;B283;Type 2;B;2;20;1;0
2026-05-05;283;B284;Type 3;B;2;15;1;0
2026-05-05;284;B285;Type 3;B;2;15;0;1
2026-05-05;285;B286;Type 2;B;2;25;1;0
2026-05-05;286;B287;Type 2;B;2;15;0;1
2026-05-05;287;B288;Type 2;B;2;15;0;1
2026-05-05;288;B289;Type 2;B;2;25;1;0
2026-05-05;289;B290;Type 4;B;2;15;1;0
2026-05-05;290;B291;Type 1;B;2;15;1;0
2026-05-05;291;B292;Type 3;B;2;35;1;0
2026-05-05;292;B293;Type 2;B;2;15;0;1
2026-05-05;293;B294;Type 1;B;2;20;1;0
2026-05-05;294;B295;Type 2;B;2;10;1;0
2026-05-05;295;B296;Type 3;B;2;20;0;1
2026-05-05;296;B297;Type 2;B;2;45;1;0
2026-05-05;297;B298;Type 1;B;2;15;1;0
2026-05-05;298;B299;Type 1;B;2;20;1;0
2026-05-05;299;B301;Type 3;B;3;10;0;1
2026-05-05;300;B302;Type 3;B;3;25;0;1
2026-05-05;301;B303;Type 3;B;3;20;0;1
2026-05-05;302;B304;Type 2;B;3;20;1;0
2026-05-05;303;B305;Type 2;B;3;20;1;0
2026-05-05;304;B306;Type 3;B;3;30;1;0
2026-05-05;305;B307;Type 1;B;3;20;1;0
2026-05-05;306;B308;Type 1;B;3;20;1;0
2026-05-05;307;B309;Type 4;B;3;20;1;0
2026-05-05;308;B310;Type 2;B;3;35;1;0
2026-05-05;309;B311;Type 2;B;3;15;1;0
2026-05-05;310;B312;Type 3;B;3;25;1;0
2026-05-05;311;B313;Type 1;B;3;15;1;0
2026-05-05;312;B314;Type 2;B;3;10;1;0
2026-05-05;313;B315;Type 1;B;3;10;1;0
2026-05-05;314;B316;Type 1;B;3;40;1;0
2026-05-05;315;B317;Type 3;B;3;25;1;0
2026-05-05;316;B318;Type 2;B;3;20;1;0
2026-05-05;317;B319;Type 2;B;3;10;0;1
2026-05-05;318;B320;Type 1;B;3;15;1;0
2026-05-05;319;B321;Type 5;B;3;20;1;0
2026-05-05;320;B322;Type 1;B;3;30;1;0
2026-05-05;321;B323;Type 2;B;3;30;1;0
2026-05-05;322;B324;Type 2;B;3;25;0;1
2026-05-05;323;B325;Type 1;B;3;10;0;1
2026-05-05;324;B326;Type 1;B;3;25;1;0
2026-05-05;325;B327;Type 4;B;3;25;1;0
2026-05-05;326;B328;Type 2;B;3;15;0;1
2026-05-05;327;B329;Type 3;B;3;15;1;0
2026-05-05;328;B330;Type 1;B;3;15;0;1
2026-05-05;329;B331;Type 1;B;3;30;1;0
2026-05-05;330;B332;Type 1;B;3;25;1;0
2026-05-05;331;B333;Type 3;B;3;20;1;0
2026-05-05;332;B334;Type 2;B;3;25;1;0
2026-05-05;333;B335;Type 2;B;3;20;1;0
2026-05-05;334;B336;Type 2;B;3;30;1;0
2026-05-05;335;B337;Type 2;B;3;20;1;0
2026-05-05;336;B338;Type 1;B;3;15;1;0
2026-05-05;337;B339;Type 2;B;3;20;1;0
2026-05-05;338;B340;Type 1;B;3;20;1;0
2026-05-05;339;B341;Type 2;B;3;30;1;0
2026-05-05;340;B342;Type 2;B;3;15;0;1
2026-05-05;341;B343;Type 2;B;3;15;1;0
2026-05-05;342;B344;Type 2;B;3;10;1;0
2026-05-05;343;B345;Type 1;B;3;20;1;0
2026-05-05;344;B346;Type 3;B;3;15;1;0
2026-05-05;345;B347;Type 2;B;3;10;0;1
2026-05-05;346;B348;Type 1;B;3;15;1;0
2026-05-05;347;B349;Type 2;B;3;15;0;1
2026-05-05;348;B350;Type 1;B;3;20;1;0
2026-05-05;349;B351;Type 1;B;3;10;1;0
2026-05-05;350;B352;Type 2;B;3;20;1;0
2026-05-05;351;B353;Type 3;B;3;15;1;0
2026-05-05;352;B354;Type 2;B;3;20;1;0
2026-05-05;353;B355;Type 2;B;3;10;1;0
2026-05-05;354;B356;Type 2;B;3;30;1;0
2026-05-05;355;B357;Type 2;B;3;15;0;1
2026-05-05;356;B358;Type 2;B;3;15;1;0
2026-05-05;357;B359;Type 1;B;3;10;0;1
2026-05-05;358;B360;Type 1;B;3;10;0;1
2026-05-05;359;B361;Type 1;B;3;25;1;0
2026-05-05;360;B362;Type 1;B;3;20;1;0
2026-05-05;361;B363;Type 5;B;3;20;0;1
2026-05-05;362;B364;Type 2;B;3;35;1;0
2026-05-05;363;B365;Type 2;B;3;20;1;0
2026-05-05;364;B366;Type 1;B;3;15;1;0
2026-05-05;365;B367;Type 2;B;3;15;1;0
2026-05-05;366;B368;Type 5;B;3;20;1;0
2026-05-05;367;B369;Type 2;B;3;15;1;0
2026-05-05;368;B370;Type 1;B;3;20;1;0
2026-05-05;369;B371;Type 2;B;3;15;1;0
2026-05-05;370;B372;Type 2;B;3;20;1;0
2026-05-05;371;B373;Type 3;B;3;15;0;1
2026-05-05;372;B374;Type 2;B;3;15;1;0
2026-05-05;373;B375;Type 3;B;3;15;1;0
2026-05-05;374;B376;Type 2;B;3;15;0;1
2026-05-05;375;B377;Type 1;B;3;20;1;0
2026-05-05;376;B378;Type 1;B;3;20;1;0
2026-05-05;377;B379;Type 2;B;3;15;0;1
2026-05-05;378;B380;Type 1;B;3;25;0;1
2026-05-05;379;B381;Type 2;B;3;25;0;1
2026-05-05;380;B382;Type 2;B;3;25;1;0
2026-05-05;381;B383;Type 1;B;3;35;0;1
2026-05-05;382;B384;Type 1;B;3;15;0;1
2026-05-05;383;B385;Type 1;B;3;20;0;1
2026-05-05;384;B386;Type 1;B;3;20;1;0
2026-05-05;385;B387;Type 2;B;3;15;0;1
2026-05-05;386;B388;Type 3;B;3;25;0;1
2026-05-05;387;B389;Type 3;B;3;20;0;1
2026-05-05;388;B390;Type 1;B;3;25;1;0
2026-05-05;389;B391;Type 2;B;3;25;1;0
2026-05-05;390;B392;Type 1;B;3;25;0;1
2026-05-05;391;B393;Type 2;B;3;20;1;0
2026-05-05;392;B394;Type 3;B;3;15;1;0
2026-05-05;393;B395;Type 1;B;3;35;1;0
2026-05-05;394;B396;Type 1;B;3;15;1;0
2026-05-05;395;B397;Type 4;B;3;10;1;0
2026-05-05;396;B398;Type 1;B;3;25;1;0
2026-05-05;397;C001;Type 2;C;0;15;1;0
2026-05-05;398;C002;Type 1;C;0;15;0;1
2026-05-05;399;C003;Type 2;C;0;15;1;0
2026-05-05;400;C004;Type 1;C;0;40;0;1
2026-05-05;401;C005;Type 2;C;0;20;1;0
2026-05-05;402;C006;Type 1;C;0;15;1;0
2026-05-05;403;C007;Type 2;C;0;15;1;0
2026-05-05;404;C008;Type 3;C;0;20;0;1
2026-05-05;405;C009;Type 2;C;0;20;1;0
2026-05-05;406;C010;Type 1;C;0;20;1;0
2026-05-05;407;C011;Type 1;C;0;25;1;0
2026-05-05;408;C012;Type 3;C;0;20;1;0
2026-05-05;409;C013;Type 1;C;0;10;1;0
2026-05-05;410;C014;Type 3;C;0;10;1;0
2026-05-05;411;C015;Type 1;C;0;20;1;0
2026-05-05;412;C016;Type 4;C;0;10;1;0
2026-05-05;413;C017;Type 2;C;0;10;1;0
2026-05-05;414;C018;Type 2;C;0;25;0;1
2026-05-05;415;C019;Type 1;C;0;20;1;0
2026-05-05;416;C020;Type 2;C;0;25;1;0
2026-05-05;417;C101;Type 2;C;1;20;1;0
2026-05-05;418;C102;Type 2;C;1;30;1;0
2026-05-05;419;C103;Type 3;C;1;15;1;0
2026-05-05;420;C104;Type 2;C;1;20;1;0
2026-05-05;421;C105;Type 2;C;1;15;1;0
2026-05-05;422;C106;Type 2;C;1;20;1;0
2026-05-05;423;C107;Type 2;C;1;20;1;0
2026-05-05;424;C108;Type 4;C;1;20;1;0
2026-05-05;425;C109;Type 2;C;1;25;0;1
2026-05-05;426;C110;Type 2;C;1;40;1;0
2026-05-05;427;C111;Type 3;C;1;20;1;0
2026-05-05;428;C112;Type 1;C;1;15;1;0
2026-05-05;429;C113;Type 1;C;1;20;1;0
2026-05-05;430;C114;Type 1;C;1;25;1;0
2026-05-05;431;C115;Type 2;C;1;15;1;0
2026-05-05;432;C116;Type 1;C;1;10;1;0
2026-05-05;433;C117;Type 1;C;1;10;1;0
2026-05-05;434;C118;Type 1;C;1;10;0;1
2026-05-05;435;C119;Type 3;C;1;15;1;0
2026-05-05;436;C120;Type 4;C;1;30;1;0
2026-05-05;437;C121;Type 2;C;1;15;1;0
2026-05-05;438;C122;Type 3;C;1;25;0;1
2026-05-05;439;C123;Type 3;C;1;25;1;0
2026-05-05;440;C124;Type 1;C;1;20;1;0
2026-05-05;441;C125;Type 1;C;1;20;1;0
2026-05-05;442;C126;Type 3;C;1;10;1;0
2026-05-05;443;C127;Type 1;C;1;20;1;0
2026-05-05;444;C128;Type 3;C;1;15;0;1
2026-05-05;445;C129;Type 2;C;1;20;1;0
2026-05-05;446;C130;Type 1;C;1;15;1;0
2026-05-05;447;C131;Type 3;C;1;30;1;0
2026-05-05;448;C132;Type 2;C;1;15;1;0
2026-05-05;449;C133;Type 3;C;1;25;0;1
2026-05-05;450;C134;Type 1;C;1;15;0;1
2026-05-05;451;C135;Type 2;C;1;25;1;0
2026-05-05;452;C136;Type 1;C;1;20;1;0
2026-05-05;453;C137;Type 3;C;1;25;1;0
2026-05-05;454;C138;Type 3;C;1;10;1;0
2026-05-05;455;C139;Type 2;C;1;25;1;0
2026-05-05;456;C140;Type 2;C;1;25;0;1
2026-05-05;457;C141;Type 2;C;1;10;1;0
2026-05-05;458;C142;Type 1;C;1;15;1;0
2026-05-05;459;C143;Type 1;C;1;25;1;0
2026-05-05;460;C144;Type 2;C;1;20;1;0
2026-05-05;461;C145;Type 1;C;1;30;1;0
2026-05-05;462;C146;Type 2;C;1;25;1;0
2026-05-05;463;C147;Type 3;C;1;15;1;0
2026-05-05;464;C148;Type 3;C;1;15;1;0
2026-05-05;465;C149;Type 1;C;1;30;0;1
2026-05-05;466;C150;Type 2;C;1;15;1;0
2026-05-05;467;C151;Type 2;C;1;20;1;0
2026-05-05;468;C152;Type 1;C;1;25;1;0
2026-05-05;469;C153;Type 1;C;1;25;1;0
2026-05-05;470;C154;Type 1;C;1;20;1;0
2026-05-05;471;C155;Type 1;C;1;25;1;0
2026-05-05;472;C156;Type 1;C;1;20;1;0
2026-05-05;473;C157;Type 2;C;1;35;1;0
2026-05-05;474;C158;Type 1;C;1;25;1;0
2026-05-05;475;C159;Type 2;C;1;25;1;0
2026-05-05;476;C160;Type 1;C;1;10;1;0
2026-05-05;477;C161;Type 1;C;1;20;1;0
2026-05-05;478;C162;Type 3;C;1;25;0;1
2026-05-05;479;C163;Type 2;C;1;15;1;0
2026-05-05;480;C164;Type 2;C;1;15;1;0
2026-05-05;481;C165;Type 1;C;1;40;1;0
2026-05-05;482;C166;Type 4;C;1;15;0;1
2026-05-05;483;C167;Type 2;C;1;25;0;1
2026-05-05;484;C168;Type 1;C;1;35;0;1
2026-05-05;485;C169;Type 3;C;1;20;1;0
2026-05-05;486;C170;Type 2;C;1;20;0;1
2026-05-05;487;C171;Type 3;C;1;30;1;0
2026-05-05;488;C172;Type 2;C;1;15;1;0
2026-05-05;489;C173;Type 1;C;1;20;1;0
2026-05-05;490;C174;Type 1;C;1;25;1;0
2026-05-05;491;C175;Type 1;C;1;20;1;0
2026-05-05;492;C176;Type 2;C;1;15;0;1
2026-05-05;493;C177;Type 5;C;1;25;1;0
2026-05-05;494;C178;Type 1;C;1;20;0;1
2026-05-05;495;C179;Type 2;C;1;30;1;0
2026-05-05;496;C180;Type 1;C;1;25;1;0
2026-05-05;497;C201;Type 1;C;2;20;1;0
2026-05-05;498;C202;Type 3;C;2;20;0;1
2026-05-05;499;C203;Type 3;C;2;20;1;0
2026-05-05;500;C204;Type 1;C;2;15;1;0
2026-05-05;501;C205;Type 2;C;2;20;1;0
2026-05-05;502;C206;Type 2;C;2;25;1;0
2026-05-05;503;C207;Type 3;C;2;25;1;0
2026-05-05;504;C208;Type 1;C;2;25;1;0
2026-05-05;505;C209;Type 1;C;2;20;1;0
2026-05-05;506;C210;Type 1;C;2;15;1;0
2026-05-05;507;C211;Type 5;C;2;35;1;0
2026-05-05;508;C212;Type 2;C;2;15;1;0
2026-05-05;509;C213;Type 4;C;2;20;1;0
2026-05-05;510;C214;Type 1;C;2;25;1;0
2026-05-05;511;C215;Type 2;C;2;15;0;1
2026-05-05;512;C216;Type 2;C;2;30;1;0
2026-05-05;513;C217;Type 2;C;2;10;1;0
2026-05-05;514;C218;Type 3;C;2;25;1;0
2026-05-05;515;C219;Type 1;C;2;10;1;0
2026-05-05;516;C220;Type 1;C;2;15;1;0
2026-05-05;517;C221;Type 3;C;2;25;1;0
2026-05-05;518;C222;Type 5;C;2;20;1;0
2026-05-05;519;C223;Type 1;C;2;20;1;0
2026-05-05;520;C224;Type 2;C;2;20;1;0
2026-05-05;521;C225;Type 2;C;2;25;1;0
2026-05-05;522;C226;Type 1;C;2;10;1;0
2026-05-05;523;C227;Type 1;C;2;20;1;0
2026-05-05;524;C228;Type 3;C;2;40;1;0
2026-05-05;525;C229;Type 2;C;2;30;0;1
2026-05-05;526;C230;Type 2;C;2;35;0;1
2026-05-05;527;C231;Type 3;C;2;20;0;1
2026-05-05;528;C232;Type 1;C;2;25;1;0
2026-05-05;529;C233;Type 4;C;2;15;1;0
2026-05-05;530;C234;Type 5;C;2;20;1;0
2026-05-05;531;C235;Type 2;C;2;10;1;0
2026-05-05;532;C236;Type 1;C;2;20;1;0
2026-05-05;533;C237;Type 1;C;2;30;0;1
2026-05-05;534;C238;Type 1;C;2;10;1;0
2026-05-05;535;C239;Type 3;C;2;15;1;0
2026-05-05;536;C240;Type 2;C;2;15;1;0
2026-05-05;537;C241;Type 2;C;2;30;1;0
2026-05-05;538;C242;Type 2;C;2;15;1;0
2026-05-05;539;C243;Type 3;C;2;15;1;0
2026-05-05;540;C244;Type 3;C;2;15;1;0
2026-05-05;541;C245;Type 4;C;2;25;1;0
2026-05-05;542;C246;Type 2;C;2;25;1;0
2026-05-05;543;C247;Type 1;C;2;20;1;0
2026-05-05;544;C248;Type 2;C;2;10;1;0
2026-05-05;545;C249;Type 2;C;2;20;0;1
2026-05-05;546;C250;Type 3;C;2;30;0;1
2026-05-05;547;C251;Type 2;C;2;50;0;1
2026-05-05;548;C252;Type 1;C;2;15;1;0
2026-05-05;549;C253;Type 2;C;2;25;0;1
2026-05-05;550;C254;Type 1;C;2;20;1;0
2026-05-05;551;C255;Type 2;C;2;15;1;0
2026-05-05;552;C256;Type 1;C;2;15;1;0
2026-05-05;553;C257;Type 2;C;2;20;0;1
2026-05-05;554;C258;Type 2;C;2;25;1;0
2026-05-05;555;C259;Type 4;C;2;25;1;0
2026-05-05;556;C260;Type 3;C;2;20;1;0
2026-05-05;557;C261;Type 2;C;2;15;0;1
2026-05-05;558;C262;Type 1;C;2;20;1;0
2026-05-05;559;C263;Type 2;C;2;20;1;0
2026-05-05;560;C264;Type 2;C;2;10;0;1
2026-05-05;561;C265;Type 1;C;2;15;1;0
2026-05-05;562;C266;Type 1;C;2;20;1;0
2026-05-05;563;C267;Type 1;C;2;15;1;0
2026-05-05;564;C268;Type 1;C;2;25;1;0
2026-05-05;565;C269;Type 1;C;2;25;1;0
2026-05-05;566;C270;Type 3;C;2;25;1;0
2026-05-05;567;C271;Type 4;C;2;20;1;0
2026-05-05;568;C272;Type 3;C;2;15;1;0
2026-05-05;569;C273;Type 3;C;2;25;1;0
2026-05-05;570;C274;Type 2;C;2;10;1;0
2026-05-05;571;C275;Type 1;C;2;25;0;1
2026-05-05;572;C276;Type 2;C;2;25;1;0
2026-05-05;573;C277;Type 1;C;2;20;0;1
2026-05-05;574;C278;Type 1;C;2;10;1;0
2026-05-05;575;C279;Type 1;C;2;10;1;0
2026-05-05;576;C280;Type 2;C;2;15;0;1
2026-05-05;577;C281;Type 1;C;2;20;1;0
2026-05-05;578;C282;Type 1;C;2;15;1;0
2026-05-05;579;C283;Type 2;C;2;15;0;1
2026-05-05;580;C284;Type 2;C;2;15;1;0
2026-05-05;581;C285;Type 1;C;2;20;1;0
2026-05-05;582;C286;Type 3;C;2;10;1;0
2026-05-05;583;C287;Type 1;C;2;20;1;0
2026-05-05;584;C288;Type 1;C;2;20;1;0
2026-05-05;585;C289;Type 2;C;2;10;0;1
2026-05-05;586;C290;Type 2;C;2;20;1;0
2026-05-05;587;C291;Type 5;C;2;10;1;0
2026-05-05;588;C292;Type 2;C;2;30;1;0
2026-05-05;589;C293;Type 3;C;2;15;1;0
2026-05-05;590;C294;Type 1;C;2;10;1;0
2026-05-05;591;C295;Type 1;C;2;20;0;1
2026-05-05;592;C296;Type 2;C;2;30;1;0
2026-05-05;593;C297;Type 4;C;2;30;0;1
2026-05-05;594;C298;Type 2;C;2;10;1;0
2026-05-05;595;C299;Type 2;C;2;30;0;1
2026-05-05;596;C301;Type 1;C;3;15;1;0
2026-05-05;597;C302;Type 1;C;3;30;0;1
2026-05-05;598;C303;Type 4;C;3;15;0;1
2026-05-05;599;C304;Type 2;C;3;20;1;0
2026-05-05;600;C305;Type 4;C;3;15;0;1
2026-05-05;601;C306;Type 3;C;3;30;1;0
2026-05-05;602;C307;Type 1;C;3;20;1;0
2026-05-05;603;C308;Type 2;C;3;15;1;0
2026-05-05;604;C309;Type 2;C;3;15;1;0
2026-05-05;605;C310;Type 3;C;3;20;1;0
2026-05-05;606;C311;Type 2;C;3;10;1;0
2026-05-05;607;C312;Type 2;C;3;15;1;0
2026-05-05;608;C313;Type 2;C;3;15;1;0
2026-05-05;609;C314;Type 2;C;3;20;1;0
2026-05-05;610;C315;Type 3;C;3;25;1;0
2026-05-05;611;C316;Type 2;C;3;15;1;0
2026-05-05;612;C317;Type 1;C;3;25;1;0
2026-05-05;613;C318;Type 2;C;3;30;1;0
2026-05-05;614;C319;Type 2;C;3;15;1;0
2026-05-05;615;C320;Type 1;C;3;30;0;1
2026-05-05;616;C321;Type 2;C;3;15;1;0
2026-05-05;617;C322;Type 2;C;3;10;1;0
2026-05-05;618;C323;Type 3;C;3;15;0;1
2026-05-05;619;C324;Type 1;C;3;25;1;0
2026-05-05;620;C325;Type 3;C;3;15;0;1
2026-05-05;621;C326;Type 4;C;3;15;0;1
2026-05-05;622;C327;Type 3;C;3;15;0;1
2026-05-05;623;C328;Type 2;C;3;20;0;1
2026-05-05;624;C329;Type 3;C;3;15;1;0
2026-05-05;625;C330;Type 2;C;3;30;1;0
2026-05-05;626;C331;Type 4;C;3;10;1;0
2026-05-05;627;C332;Type 3;C;3;20;1;0
2026-05-05;628;C333;Type 1;C;3;35;1;0
2026-05-05;629;C334;Type 1;C;3;15;1;0
2026-05-05;630;C335;Type 1;C;3;30;0;1
2026-05-05;631;C336;Type 5;C;3;10;1;0
2026-05-05;632;C337;Type 2;C;3;25;1;0
2026-05-05;633;C338;Type 1;C;3;20;1;0
2026-05-05;634;C339;Type 1;C;3;30;1;0
2026-05-05;635;C340;Type 2;C;3;20;0;1
2026-05-05;636;C341;Type 1;C;3;20;1;0
2026-05-05;637;C342;Type 3;C;3;10;1;0
2026-05-05;638;C343;Type 2;C;3;25;1;0
2026-05-05;639;C344;Type 1;C;3;20;1;0
2026-05-05;640;C345;Type 3;C;3;35;1;0
2026-05-05;641;C346;Type 3;C;3;15;0;1
2026-05-05;642;C347;Type 1;C;3;20;0;1
2026-05-05;643;C348;Type 1;C;3;25;1;0
2026-05-05;644;C349;Type 2;C;3;15;1;0
2026-05-05;645;C350;Type 1;C;3;15;1;0
2026-05-05;646;C351;Type 2;C;3;25;1;0
2026-05-05;647;C352;Type 2;C;3;10;0;1
2026-05-05;648;C353;Type 1;C;3;15;1;0
2026-05-05;649;C354;Type 3;C;3;20;1;0
2026-05-05;650;C355;Type 2;C;3;25;1;0
2026-05-05;651;C356;Type 3;C;3;15;0;1
2026-05-05;652;C357;Type 2;C;3;15;1;0
2026-05-05;653;C358;Type 1;C;3;15;0;1
2026-05-05;654;C359;Type 2;C;3;10;0;1
2026-05-05;655;C360;Type 1;C;3;30;1;0
2026-05-05;656;C361;Type 1;C;3;25;1;0
2026-05-05;657;C362;Type 2;C;3;20;1;0
2026-05-05;658;C363;Type 2;C;3;20;1;0
2026-05-05;659;C364;Type 1;C;3;10;1;0
2026-05-05;660;C365;Type 2;C;3;30;1;0
2026-05-05;661;C366;Type 1;C;3;20;0;1
2026-05-05;662;C367;Type 1;C;3;20;0;1
2026-05-05;663;C368;Type 1;C;3;15;1;0
2026-05-05;664;C369;Type 1;C;3;15;0;1
2026-05-05;665;C370;Type 1;C;3;25;0;1
2026-05-05;666;C371;Type 2;C;3;10;1;0
2026-05-05;667;C372;Type 4;C;3;25;1;0
2026-05-05;668;C373;Type 1;C;3;25;1;0
2026-05-05;669;C374;Type 5;C;3;25;0;1
2026-05-05;670;C375;Type 1;C;3;15;1;0
2026-05-05;671;C376;Type 3;C;3;30;1;0
2026-05-05;672;C377;Type 1;C;3;20;1;0
2026-05-05;673;C378;Type 2;C;3;25;1;0
2026-05-05;674;C379;Type 2;C;3;10;1;0
2026-05-05;675;C380;Type 1;C;3;10;0;1
2026-05-05;676;C381;Type 5;C;3;15;1;0
2026-05-05;677;C382;Type 1;C;3;20;1;0
2026-05-05;678;C383;Type 3;C;3;30;0;1
2026-05-05;679;C384;Type 2;C;3;25;0;1
2026-05-05;680;C385;Type 3;C;3;15;1;0
2026-05-05;681;C386;Type 2;C;3;15;1;0
2026-05-05;682;C387;Type 1;C;3;25;1;0
2026-05-05;683;C388;Type 3;C;3;10;0;1
2026-05-05;684;C389;Type 2;C;3;25;1;0
2026-05-05;685;C390;Type 4;C;3;20;1;0
2026-05-05;686;C391;Type 1;C;3;25;0;1
2026-05-05;687;C392;Type 2;C;3;20;1;0
2026-05-05;688;C393;Type 2;C;3;15;0;1
2026-05-05;689;C394;Type 5;C;3;20;1;0
2026-05-05;690;C395;Type 1;C;3;20;1;0
2026-05-05;691;C396;Type 3;C;3;25;1;0
2026-05-05;692;C397;Type 1;C;3;35;0;1
2026-05-05;693;C398;Type 3;C;3;15;1;0
2026-05-05;694;C399;Type 2;C;3;20;1;0
2026-05-05;695;C401;Type 2;C;4;15;1;0
2026-05-05;696;C402;Type 1;C;4;25;1;0
2026-05-05;697;C403;Type 2;C;4;15;1;0
2026-05-05;698;C404;Type 1;C;4;15;1;0
2026-05-05;699;C405;Type 1;C;4;20;1;0
2026-05-05;700;C406;Type 2;C;4;10;1;0
2026-05-05;701;C407;Type 4;C;4;15;1;0
2026-05-05;702;C408;Type 2;C;4;20;1;0
2026-05-05;703;C409;Type 4;C;4;20;1;0
2026-05-05;704;C410;Type 3;C;4;15;1;0
2026-05-05;705;C411;Type 2;C;4;10;1;0
2026-05-05;706;C412;Type 2;C;4;20;1;0
2026-05-05;707;C413;Type 1;C;4;10;1;0
2026-05-05;708;C414;Type 1;C;4;20;1;0
2026-05-05;709;C415;Type 2;C;4;10;1;0
2026-05-05;710;C416;Type 1;C;4;15;1;0
2026-05-05;711;C417;Type 1;C;4;15;0;1
2026-05-05;712;C418;Type 1;C;4;20;0;1
2026-05-05;713;C419;Type 2;C;4;15;1;0
2026-05-05;714;C420;Type 2;C;4;15;1;0
2026-05-05;715;C421;Type 1;C;4;25;1;0
2026-05-05;716;C422;Type 1;C;4;25;1;0
2026-05-05;717;C423;Type 2;C;4;15;1;0
2026-05-05;718;C424;Type 2;C;4;15;1;0
2026-05-05;719;C425;Type 2;C;4;15;0;1
2026-05-05;720;C426;Type 3;C;4;15;1;0
2026-05-05;721;C427;Type 2;C;4;10;1;0
2026-05-05;722;C428;Type 3;C;4;35;1;0
2026-05-05;723;C429;Type 3;C;4;15;0;1
2026-05-05;724;C430;Type 2;C;4;10;0;1
2026-05-05;725;C431;Type 2;C;4;10;1;0
2026-05-05;726;C432;Type 2;C;4;25;0;1
2026-05-05;727;C433;Type 2;C;4;20;1;0
2026-05-05;728;C434;Type 1;C;4;25;1;0
2026-05-05;729;C435;Type 1;C;4;20;1;0
2026-05-05;730;C436;Type 2;C;4;20;1;0
2026-05-05;731;C437;Type 2;C;4;15;0;1
2026-05-05;732;C438;Type 3;C;4;15;1;0
2026-05-05;733;C439;Type 2;C;4;10;1;0
2026-05-05;734;C440;Type 2;C;4;10;1;0
2026-05-05;735;C441;Type 1;C;4;10;1;0
2026-05-05;736;C442;Type 1;C;4;20;0;1
2026-05-05;737;C443;Type 1;C;4;20;1;0
2026-05-05;738;C444;Type 3;C;4;25;0;1
2026-05-05;739;C445;Type 1;C;4;15;1;0
2026-05-05;740;C446;Type 2;C;4;15;1;0
2026-05-05;741;C447;Type 2;C;4;15;1;0
2026-05-05;742;C448;Type 1;C;4;20;0;1
2026-05-05;743;C449;Type 1;C;4;20;0;1
2026-05-05;744;C450;Type 2;C;4;40;1;0
2026-05-05;745;C451;Type 1;C;4;25;0;1
2026-05-05;746;C452;Type 2;C;4;25;1;0
2026-05-05;747;C453;Type 2;C;4;15;1;0
2026-05-05;748;C454;Type 1;C;4;10;1;0
2026-05-05;749;C455;Type 1;C;4;20;1;0
2026-05-05;750;C456;Type 2;C;4;25;1;0
2026-05-05;751;C457;Type 4;C;4;10;1;0
2026-05-05;752;C458;Type 1;C;4;20;1;0
2026-05-05;753;C459;Type 1;C;4;25;1;0
2026-05-05;754;C460;Type 1;C;4;15;0;1
2026-05-05;755;C461;Type 3;C;4;15;0;1
2026-05-05;756;C462;Type 1;C;4;20;1;0
2026-05-05;757;C463;Type 1;C;4;20;1;0
2026-05-05;758;C464;Type 4;C;4;25;0;1
2026-05-05;759;C465;Type 1;C;4;10;1;0
2026-05-05;760;C466;Type 3;C;4;15;1;0
2026-05-05;761;C467;Type 1;C;4;25;0;1
2026-05-05;762;C468;Type 1;C;4;10;0;1
2026-05-05;763;C469;Type 1;C;4;15;1;0
2026-05-05;764;C470;Type 2;C;4;30;1;0
2026-05-05;765;C471;Type 2;C;4;10;1;0
2026-05-05;766;C472;Type 2;C;4;30;1;0
2026-05-05;767;C473;Type 1;C;4;20;0;1
2026-05-05;768;C474;Type 1;C;4;20;0;1
2026-05-05;769;C475;Type 2;C;4;10;1;0
2026-05-05;770;C476;Type 3;C;4;20;1;0
2026-05-05;771;C477;Type 1;C;4;15;1;0
2026-05-05;772;C478;Type 2;C;4;25;0;1
2026-05-05;773;C479;Type 2;C;4;10;1;0
2026-05-05;774;C480;Type 2;C;4;25;1;0
2026-05-05;775;C481;Type 1;C;4;20;0;1
2026-05-05;776;C482;Type 3;C;4;15;0;1
2026-05-05;777;C483;Type 1;C;4;30;1;0
2026-05-05;778;C484;Type 2;C;4;20;1;0
2026-05-05;779;C485;Type 2;C;4;30;1;0
2026-05-05;780;C486;Type 4;C;4;35;1;0
2026-05-05;781;C487;Type 2;C;4;25;0;1
2026-05-05;782;C488;Type 1;C;4;30;1;0
2026-05-05;783;C489;Type 2;C;4;20;1;0
2026-05-05;784;C490;Type 3;C;4;10;1;0
2026-05-05;785;C491;Type 1;C;4;20;1;0
2026-05-05;786;C492;Type 1;C;4;15;0;1
2026-05-06;0;A001;Type 3;A;0;10;0;1
2026-05-06;1;A002;Type 2;A;0;10;1;0
2026-05-06;2;A003;Type 3;A;0;10;1;0
2026-05-06;3;A004;Type 4;A;0;15;1;0
2026-05-06;4;A005;Type 1;A;0;10;1;0
2026-05-06;5;A006;Type 2;A;0;10;1;0
2026-05-06;6;A007;Type 2;A;0;10;1;0
2026-05-06;7;A008;Type 2;A;0;15;1;0
2026-05-06;8;A009;Type 2;A;0;25;0;1
2026-05-06;9;A010;Type 2;A;0;10;1;0
2026-05-06;10;A101;Type 2;A;1;10;1;0
2026-05-06;11;A102;Type 3;A;1;25;0;1
2026-05-06;12;A103;Type 4;A;1;15;1;0
2026-05-06;13;A104;Type 3;A;1;15;1;0
2026-05-06;14;A105;Type 2;A;1;15;1;0
2026-05-06;15;A106;Type 3;A;1;10;1;0
2026-05-06;16;A107;Type 2;A;1;10;1;0
2026-05-06;17;A108;Type 2;A;1;20;1;0
2026-05-06;18;A109;Type 2;A;1;10;0;1
2026-05-06;19;A110;Type 1;A;1;10;1;0
2026-05-06;20;A111;Type 1;A;1;15;1;0
2026-05-06;21;A112;Type 2;A;1;15;1;0
2026-05-06;22;A113;Type 3;A;1;10;1;0
2026-05-06;23;A114;Type 1;A;1;10;1;0
2026-05-06;24;A115;Type 2;A;1;15;0;1
2026-05-06;25;A116;Type 1;A;1;20;0;1
2026-05-06;26;A117;Type 1;A;1;10;1;0
2026-05-06;27;A118;Type 2;A;1;10;1;0
2026-05-06;28;A119;Type 1;A;1;10;0;1
2026-05-06;29;A120;Type 3;A;1;10;1;0
2026-05-06;30;A121;Type 3;A;1;15;1;0
2026-05-06;31;A122;Type 1;A;1;10;1;0
2026-05-06;32;A123;Type 2;A;1;10;0;1
2026-05-06;33;A124;Type 3;A;1;10;1;0
2026-05-06;34;A125;Type 3;A;1;10;1;0
2026-05-06;35;A126;Type 1;A;1;15;0;1
2026-05-06;36;A127;Type 2;A;1;20;1;0
2026-05-06;37;A128;Type 2;A;1;20;1;0
2026-05-06;38;A129;Type 2;A;1;10;0;1
2026-05-06;39;A130;Type 1;A;1;15;1;0
2026-05-06;40;A131;Type 4;A;1;15;1;0
2026-05-06;41;A132;Type 3;A;1;25;1;0
2026-05-06;42;A133;Type 1;A;1;10;0;1
2026-05-06;43;A134;Type 1;A;1;10;1;0
2026-05-06;44;A135;Type 1;A;1;15;0;1
2026-05-06;45;A136;Type 3;A;1;10;1;0
2026-05-06;46;A137;Type 4;A;1;20;1;0
2026-05-06;47;A138;Type 1;A;1;10;1;0
2026-05-06;48;A139;Type 1;A;1;30;0;1
2026-05-06;49;A140;Type 1;A;1;10;0;1
2026-05-06;50;A141;Type 1;A;1;25;1;0
2026-05-06;51;A142;Type 4;A;1;15;1;0
2026-05-06;52;A143;Type 3;A;1;10;1;0
2026-05-06;53;A144;Type 1;A;1;25;1;0
2026-05-06;54;A145;Type 3;A;1;20;1;0
2026-05-06;55;A146;Type 1;A;1;20;1;0
2026-05-06;56;A147;Type 2;A;1;15;1;0
2026-05-06;57;A148;Type 3;A;1;20;1;0
2026-05-06;58;A149;Type 1;A;1;10;0;1
2026-05-06;59;A150;Type 2;A;1;15;1;0
2026-05-06;60;A201;Type 1;A;2;20;1;0
2026-05-06;61;A202;Type 2;A;2;15;1;0
2026-05-06;62;A203;Type 3;A;2;10;1;0
2026-05-06;63;A204;Type 1;A;2;20;1;0
2026-05-06;64;A205;Type 1;A;2;10;1;0
2026-05-06;65;A206;Type 2;A;2;15;1;0
2026-05-06;66;A207;Type 2;A;2;10;1;0
2026-05-06;67;A208;Type 1;A;2;10;1;0
2026-05-06;68;A209;Type 1;A;2;10;1;0
2026-05-06;69;A210;Type 3;A;2;20;1;0
2026-05-06;70;A211;Type 1;A;2;20;0;1
2026-05-06;71;A212;Type 1;A;2;25;1;0
2026-05-06;72;A213;Type 1;A;2;10;0;1
2026-05-06;73;A214;Type 2;A;2;10;1;0
2026-05-06;74;A215;Type 2;A;2;15;1;0
2026-05-06;75;A216;Type 3;A;2;15;1;0
2026-05-06;76;A217;Type 2;A;2;10;1;0
2026-05-06;77;A218;Type 1;A;2;15;1;0
2026-05-06;78;A219;Type 1;A;2;20;0;1
2026-05-06;79;A220;Type 2;A;2;20;1;0
2026-05-06;80;A221;Type 4;A;2;10;1;0
2026-05-06;81;A222;Type 3;A;2;10;1;0
2026-05-06;82;A223;Type 2;A;2;10;0;1
2026-05-06;83;A224;Type 2;A;2;25;1;0
2026-05-06;84;A225;Type 2;A;2;10;1;0
2026-05-06;85;A226;Type 2;A;2;15;1;0
2026-05-06;86;A227;Type 1;A;2;10;1;0
2026-05-06;87;A228;Type 1;A;2;10;1;0
2026-05-06;88;A229;Type 3;A;2;10;1;0
2026-05-06;89;A230;Type 1;A;2;15;1;0
2026-05-06;90;A231;Type 2;A;2;10;0;1
2026-05-06;91;A232;Type 1;A;2;10;1;0
2026-05-06;92;A233;Type 2;A;2;15;1;0
2026-05-06;93;A234;Type 1;A;2;15;1;0
2026-05-06;94;A235;Type 1;A;2;15;1;0
2026-05-06;95;A236;Type 2;A;2;10;1;0
2026-05-06;96;A237;Type 3;A;2;10;1;0
2026-05-06;97;A238;Type 3;A;2;20;1;0
2026-05-06;98;A239;Type 4;A;2;20;1;0
2026-05-06;99;A240;Type 2;A;2;10;0;1
2026-05-06;100;B001;Type 1;B;0;15;0;1
2026-05-06;101;B002;Type 1;B;0;15;1;0
2026-05-06;102;B003;Type 2;B;0;10;1;0
2026-05-06;103;B004;Type 2;B;0;15;1;0
2026-05-06;104;B005;Type 3;B;0;30;1;0
2026-05-06;105;B006;Type 3;B;0;25;1;0
2026-05-06;106;B007;Type 2;B;0;15;0;1
2026-05-06;107;B008;Type 3;B;0;25;1;0
2026-05-06;108;B009;Type 4;B;0;50;0;1
2026-05-06;109;B010;Type 2;B;0;20;0;1
2026-05-06;110;B011;Type 1;B;0;25;0;1
2026-05-06;111;B012;Type 2;B;0;20;1;0
2026-05-06;112;B013;Type 1;B;0;20;0;1
2026-05-06;113;B014;Type 2;B;0;25;1;0
2026-05-06;114;B015;Type 2;B;0;30;1;0
2026-05-06;115;B016;Type 3;B;0;30;0;1
2026-05-06;116;B017;Type 1;B;0;15;1;0
2026-05-06;117;B018;Type 1;B;0;10;1;0
2026-05-06;118;B019;Type 4;B;0;20;1;0
2026-05-06;119;B020;Type 1;B;0;20;1;0
2026-05-06;120;B101;Type 1;B;1;25;1;0
2026-05-06;121;B102;Type 1;B;1;20;1;0
2026-05-06;122;B103;Type 2;B;1;15;1;0
2026-05-06;123;B104;Type 3;B;1;15;1;0
2026-05-06;124;B105;Type 1;B;1;25;1;0
2026-05-06;125;B106;Type 1;B;1;25;1;0
2026-05-06;126;B107;Type 4;B;1;20;0;1
2026-05-06;127;B108;Type 2;B;1;15;0;1
2026-05-06;128;B109;Type 2;B;1;20;1;0
2026-05-06;129;B110;Type 1;B;1;15;1;0
2026-05-06;130;B111;Type 2;B;1;15;0;1
2026-05-06;131;B112;Type 1;B;1;30;1;0
2026-05-06;132;B113;Type 1;B;1;20;1;0
2026-05-06;133;B114;Type 3;B;1;10;1;0
2026-05-06;134;B115;Type 3;B;1;20;0;1
2026-05-06;135;B116;Type 1;B;1;20;1;0
2026-05-06;136;B117;Type 5;B;1;20;1;0
2026-05-06;137;B118;Type 2;B;1;25;1;0
2026-05-06;138;B119;Type 1;B;1;15;1;0
2026-05-06;139;B120;Type 1;B;1;20;1;0
2026-05-06;140;B121;Type 1;B;1;10;1;0
2026-05-06;141;B122;Type 2;B;1;20;1;0
2026-05-06;142;B123;Type 1;B;1;25;0;1
2026-05-06;143;B124;Type 2;B;1;30;1;0
2026-05-06;144;B125;Type 2;B;1;20;1;0
2026-05-06;145;B126;Type 1;B;1;20;1;0
2026-05-06;146;B127;Type 1;B;1;15;1;0
2026-05-06;147;B128;Type 4;B;1;25;1;0
2026-05-06;148;B129;Type 1;B;1;15;1;0
2026-05-06;149;B130;Type 2;B;1;25;1;0
2026-05-06;150;B131;Type 1;B;1;30;1;0
2026-05-06;151;B132;Type 2;B;1;20;0;1
2026-05-06;152;B133;Type 1;B;1;35;1;0
2026-05-06;153;B134;Type 2;B;1;20;1;0
2026-05-06;154;B135;Type 1;B;1;15;0;1
2026-05-06;155;B136;Type 2;B;1;10;1;0
2026-05-06;156;B137;Type 2;B;1;20;1;0
2026-05-06;157;B138;Type 3;B;1;25;0;1
2026-05-06;158;B139;Type 3;B;1;15;1;0
2026-05-06;159;B140;Type 4;B;1;20;0;1
2026-05-06;160;B141;Type 1;B;1;25;1;0
2026-05-06;161;B142;Type 3;B;1;20;1;0
2026-05-06;162;B143;Type 3;B;1;25;1;0
2026-05-06;163;B144;Type 3;B;1;10;1;0
2026-05-06;164;B145;Type 2;B;1;20;1;0
2026-05-06;165;B146;Type 1;B;1;15;0;1
2026-05-06;166;B147;Type 3;B;1;15;1;0
2026-05-06;167;B148;Type 1;B;1;30;0;1
2026-05-06;168;B149;Type 2;B;1;15;1;0
2026-05-06;169;B150;Type 4;B;1;20;0;1
2026-05-06;170;B151;Type 5;B;1;20;1;0
2026-05-06;171;B152;Type 3;B;1;25;1;0
2026-05-06;172;B153;Type 2;B;1;30;1;0
2026-05-06;173;B154;Type 1;B;1;35;1;0
2026-05-06;174;B155;Type 3;B;1;45;1;0
2026-05-06;175;B156;Type 2;B;1;20;0;1
2026-05-06;176;B157;Type 1;B;1;20;0;1
2026-05-06;177;B158;Type 4;B;1;40;1;0
2026-05-06;178;B159;Type 1;B;1;25;0;1
2026-05-06;179;B160;Type 3;B;1;20;1;0
2026-05-06;180;B161;Type 2;B;1;20;0;1
2026-05-06;181;B162;Type 1;B;1;25;1;0
2026-05-06;182;B163;Type 2;B;1;20;1;0
2026-05-06;183;B164;Type 1;B;1;35;0;1
2026-05-06;184;B165;Type 3;B;1;10;1;0
2026-05-06;185;B166;Type 1;B;1;30;1;0
2026-05-06;186;B167;Type 2;B;1;20;0;1
2026-05-06;187;B168;Type 3;B;1;30;1;0
2026-05-06;188;B169;Type 3;B;1;25;1;0
2026-05-06;189;B170;Type 1;B;1;20;0;1
2026-05-06;190;B171;Type 2;B;1;20;1;0
2026-05-06;191;B172;Type 2;B;1;20;1;0
2026-05-06;192;B173;Type 1;B;1;10;1;0
2026-05-06;193;B174;Type 1;B;1;20;1;0
2026-05-06;194;B175;Type 1;B;1;15;1;0
2026-05-06;195;B176;Type 1;B;1;25;1;0
2026-05-06;196;B177;Type 1;B;1;10;1;0
2026-05-06;197;B178;Type 1;B;1;25;1;0
2026-05-06;198;B179;Type 1;B;1;15;0;1
2026-05-06;199;B180;Type 3;B;1;20;0;1
2026-05-06;200;B201;Type 4;B;2;15;1;0
2026-05-06;201;B202;Type 1;B;2;30;1;0
2026-05-06;202;B203;Type 1;B;2;15;1;0
2026-05-06;203;B204;Type 1;B;2;15;1;0
2026-05-06;204;B205;Type 2;B;2;25;1;0
2026-05-06;205;B206;Type 2;B;2;25;1;0
2026-05-06;206;B207;Type 2;B;2;15;1;0
2026-05-06;207;B208;Type 1;B;2;10;1;0
2026-05-06;208;B209;Type 1;B;2;25;1;0
2026-05-06;209;B210;Type 4;B;2;25;1;0
2026-05-06;210;B211;Type 3;B;2;15;1;0
2026-05-06;211;B212;Type 4;B;2;20;1;0
2026-05-06;212;B213;Type 5;B;2;25;1;0
2026-05-06;213;B214;Type 1;B;2;15;1;0
2026-05-06;214;B215;Type 1;B;2;25;0;1
2026-05-06;215;B216;Type 1;B;2;20;0;1
2026-05-06;216;B217;Type 3;B;2;25;1;0
2026-05-06;217;B218;Type 2;B;2;20;1;0
2026-05-06;218;B219;Type 3;B;2;10;0;1
2026-05-06;219;B220;Type 3;B;2;25;1;0
2026-05-06;220;B221;Type 2;B;2;20;0;1
2026-05-06;221;B222;Type 3;B;2;25;1;0
2026-05-06;222;B223;Type 4;B;2;30;1;0
2026-05-06;223;B224;Type 3;B;2;15;1;0
2026-05-06;224;B225;Type 1;B;2;20;1;0
2026-05-06;225;B226;Type 1;B;2;15;1;0
2026-05-06;226;B227;Type 1;B;2;20;1;0
2026-05-06;227;B228;Type 3;B;2;10;1;0
2026-05-06;228;B229;Type 2;B;2;25;1;0
2026-05-06;229;B230;Type 3;B;2;15;1;0
2026-05-06;230;B231;Type 1;B;2;20;1;0
2026-05-06;231;B232;Type 2;B;2;25;1;0
2026-05-06;232;B233;Type 2;B;2;25;1;0
2026-05-06;233;B234;Type 3;B;2;10;1;0
2026-05-06;234;B235;Type 3;B;2;15;1;0
2026-05-06;235;B236;Type 3;B;2;20;1;0
2026-05-06;236;B237;Type 1;B;2;15;1;0
2026-05-06;237;B238;Type 1;B;2;25;1;0
2026-05-06;238;B239;Type 2;B;2;25;1;0
2026-05-06;239;B240;Type 1;B;2;15;1;0
2026-05-06;240;B241;Type 1;B;2;20;0;1
2026-05-06;241;B242;Type 2;B;2;10;1;0
2026-05-06;242;B243;Type 1;B;2;20;0;1
2026-05-06;243;B244;Type 5;B;2;20;0;1
2026-05-06;244;B245;Type 3;B;2;35;1;0
2026-05-06;245;B246;Type 3;B;2;55;0;1
2026-05-06;246;B247;Type 2;B;2;10;0;1
2026-05-06;247;B248;Type 1;B;2;15;1;0
2026-05-06;248;B249;Type 1;B;2;20;1;0
2026-05-06;249;B250;Type 2;B;2;15;1;0
2026-05-06;250;B251;Type 3;B;2;25;1;0
2026-05-06;251;B252;Type 4;B;2;10;1;0
2026-05-06;252;B253;Type 1;B;2;20;1;0
2026-05-06;253;B254;Type 1;B;2;20;1;0
2026-05-06;254;B255;Type 2;B;2;20;0;1
2026-05-06;255;B256;Type 5;B;2;25;1;0
2026-05-06;256;B257;Type 3;B;2;10;1;0
2026-05-06;257;B258;Type 2;B;2;20;1;0
2026-05-06;258;B259;Type 2;B;2;30;1;0
2026-05-06;259;B260;Type 1;B;2;25;1;0
2026-05-06;260;B261;Type 2;B;2;15;1;0
2026-05-06;261;B262;Type 1;B;2;20;1;0
2026-05-06;262;B263;Type 2;B;2;15;0;1
2026-05-06;263;B264;Type 2;B;2;25;1;0
2026-05-06;264;B265;Type 2;B;2;20;1;0
2026-05-06;265;B266;Type 2;B;2;20;1;0
2026-05-06;266;B267;Type 3;B;2;15;1;0
2026-05-06;267;B268;Type 2;B;2;15;1;0
2026-05-06;268;B269;Type 1;B;2;20;1;0
2026-05-06;269;B270;Type 2;B;2;20;1;0
2026-05-06;270;B271;Type 1;B;2;10;1;0
2026-05-06;271;B272;Type 1;B;2;15;1;0
2026-05-06;272;B273;Type 1;B;2;30;0;1
2026-05-06;273;B274;Type 1;B;2;15;1;0
2026-05-06;274;B275;Type 3;B;2;25;1;0
2026-05-06;275;B276;Type 2;B;2;25;1;0
2026-05-06;276;B277;Type 3;B;2;20;0;1
2026-05-06;277;B278;Type 3;B;2;25;1;0
2026-05-06;278;B279;Type 1;B;2;15;1;0
2026-05-06;279;B280;Type 1;B;2;35;0;1
2026-05-06;280;B281;Type 3;B;2;25;1;0
2026-05-06;281;B282;Type 2;B;2;10;0;1
2026-05-06;282;B283;Type 2;B;2;20;1;0
2026-05-06;283;B284;Type 3;B;2;15;0;1
2026-05-06;284;B285;Type 3;B;2;15;0;1
2026-05-06;285;B286;Type 2;B;2;25;1;0
2026-05-06;286;B287;Type 2;B;2;15;1;0
2026-05-06;287;B288;Type 2;B;2;15;0;1
2026-05-06;288;B289;Type 2;B;2;25;0;1
2026-05-06;289;B290;Type 4;B;2;15;1;0
2026-05-06;290;B291;Type 1;B;2;15;1;0
2026-05-06;291;B292;Type 3;B;2;35;1;0
2026-05-06;292;B293;Type 2;B;2;15;1;0
2026-05-06;293;B294;Type 1;B;2;20;1;0
2026-05-06;294;B295;Type 2;B;2;10;1;0
2026-05-06;295;B296;Type 3;B;2;20;0;1
2026-05-06;296;B297;Type 2;B;2;45;1;0
2026-05-06;297;B298;Type 1;B;2;15;1;0
2026-05-06;298;B299;Type 1;B;2;20;1;0
2026-05-06;299;B301;Type 3;B;3;10;1;0
2026-05-06;300;B302;Type 3;B;3;25;1;0
2026-05-06;301;B303;Type 3;B;3;20;1;0
2026-05-06;302;B304;Type 2;B;3;20;0;1
2026-05-06;303;B305;Type 2;B;3;20;1;0
2026-05-06;304;B306;Type 3;B;3;30;1;0
2026-05-06;305;B307;Type 1;B;3;20;1;0
2026-05-06;306;B308;Type 1;B;3;20;1;0
2026-05-06;307;B309;Type 4;B;3;20;1;0
2026-05-06;308;B310;Type 2;B;3;35;1;0
2026-05-06;309;B311;Type 2;B;3;15;1;0
2026-05-06;310;B312;Type 3;B;3;25;1;0
2026-05-06;311;B313;Type 1;B;3;15;1;0
2026-05-06;312;B314;Type 2;B;3;10;1;0
2026-05-06;313;B315;Type 1;B;3;10;1;0
2026-05-06;314;B316;Type 1;B;3;40;0;1
2026-05-06;315;B317;Type 3;B;3;25;1;0
2026-05-06;316;B318;Type 2;B;3;20;1;0
2026-05-06;317;B319;Type 2;B;3;10;1;0
2026-05-06;318;B320;Type 1;B;3;15;1;0
2026-05-06;319;B321;Type 5;B;3;20;1;0
2026-05-06;320;B322;Type 1;B;3;30;1;0
2026-05-06;321;B323;Type 2;B;3;30;1;0
2026-05-06;322;B324;Type 2;B;3;25;0;1
2026-05-06;323;B325;Type 1;B;3;10;1;0
2026-05-06;324;B326;Type 1;B;3;25;0;1
2026-05-06;325;B327;Type 4;B;3;25;1;0
2026-05-06;326;B328;Type 2;B;3;15;1;0
2026-05-06;327;B329;Type 3;B;3;15;1;0
2026-05-06;328;B330;Type 1;B;3;15;0;1
2026-05-06;329;B331;Type 1;B;3;30;1;0
2026-05-06;330;B332;Type 1;B;3;25;1;0
2026-05-06;331;B333;Type 3;B;3;20;1;0
2026-05-06;332;B334;Type 2;B;3;25;1;0
2026-05-06;333;B335;Type 2;B;3;20;1;0
2026-05-06;334;B336;Type 2;B;3;30;0;1
2026-05-06;335;B337;Type 2;B;3;20;1;0
2026-05-06;336;B338;Type 1;B;3;15;1;0
2026-05-06;337;B339;Type 2;B;3;20;1;0
2026-05-06;338;B340;Type 1;B;3;20;0;1
2026-05-06;339;B341;Type 2;B;3;30;0;1
2026-05-06;340;B342;Type 2;B;3;15;1;0
2026-05-06;341;B343;Type 2;B;3;15;0;1
2026-05-06;342;B344;Type 2;B;3;10;1;0
2026-05-06;343;B345;Type 1;B;3;20;1;0
2026-05-06;344;B346;Type 3;B;3;15;0;1
2026-05-06;345;B347;Type 2;B;3;10;1;0
2026-05-06;346;B348;Type 1;B;3;15;1;0
2026-05-06;347;B349;Type 2;B;3;15;1;0
2026-05-06;348;B350;Type 1;B;3;20;1;0
2026-05-06;349;B351;Type 1;B;3;10;0;1
2026-05-06;350;B352;Type 2;B;3;20;1;0
2026-05-06;351;B353;Type 3;B;3;15;1;0
2026-05-06;352;B354;Type 2;B;3;20;1;0
2026-05-06;353;B355;Type 2;B;3;10;1;0
2026-05-06;354;B356;Type 2;B;3;30;1;0
2026-05-06;355;B357;Type 2;B;3;15;0;1
2026-05-06;356;B358;Type 2;B;3;15;1;0
2026-05-06;357;B359;Type 1;B;3;10;1;0
2026-05-06;358;B360;Type 1;B;3;10;1;0
2026-05-06;359;B361;Type 1;B;3;25;1;0
2026-05-06;360;B362;Type 1;B;3;20;1;0
2026-05-06;361;B363;Type 5;B;3;20;1;0
2026-05-06;362;B364;Type 2;B;3;35;1;0
2026-05-06;363;B365;Type 2;B;3;20;1;0
2026-05-06;364;B366;Type 1;B;3;15;0;1
2026-05-06;365;B367;Type 2;B;3;15;1;0
2026-05-06;366;B368;Type 5;B;3;20;1;0
2026-05-06;367;B369;Type 2;B;3;15;1;0
2026-05-06;368;B370;Type 1;B;3;20;0;1
2026-05-06;369;B371;Type 2;B;3;15;1;0
2026-05-06;370;B372;Type 2;B;3;20;1;0
2026-05-06;371;B373;Type 3;B;3;15;1;0
2026-05-06;372;B374;Type 2;B;3;15;0;1
2026-05-06;373;B375;Type 3;B;3;15;0;1
2026-05-06;374;B376;Type 2;B;3;15;0;1
2026-05-06;375;B377;Type 1;B;3;20;1;0
2026-05-06;376;B378;Type 1;B;3;20;1;0
2026-05-06;377;B379;Type 2;B;3;15;0;1
2026-05-06;378;B380;Type 1;B;3;25;1;0
2026-05-06;379;B381;Type 2;B;3;25;0;1
2026-05-06;380;B382;Type 2;B;3;25;1;0
2026-05-06;381;B383;Type 1;B;3;35;1;0
2026-05-06;382;B384;Type 1;B;3;15;1;0
2026-05-06;383;B385;Type 1;B;3;20;0;1
2026-05-06;384;B386;Type 1;B;3;20;1;0
2026-05-06;385;B387;Type 2;B;3;15;1;0
2026-05-06;386;B388;Type 3;B;3;25;1;0
2026-05-06;387;B389;Type 3;B;3;20;1;0
2026-05-06;388;B390;Type 1;B;3;25;1;0
2026-05-06;389;B391;Type 2;B;3;25;1;0
2026-05-06;390;B392;Type 1;B;3;25;0;1
2026-05-06;391;B393;Type 2;B;3;20;0;1
2026-05-06;392;B394;Type 3;B;3;15;0;1
2026-05-06;393;B395;Type 1;B;3;35;0;1
2026-05-06;394;B396;Type 1;B;3;15;0;1
2026-05-06;395;B397;Type 4;B;3;10;1;0
2026-05-06;396;B398;Type 1;B;3;25;1;0
2026-05-06;397;C001;Type 2;C;0;15;1;0
2026-05-06;398;C002;Type 1;C;0;15;1;0
2026-05-06;399;C003;Type 2;C;0;15;0;1
2026-05-06;400;C004;Type 1;C;0;40;1;0
2026-05-06;401;C005;Type 2;C;0;20;1;0
2026-05-06;402;C006;Type 1;C;0;15;1;0
2026-05-06;403;C007;Type 2;C;0;15;0;1
2026-05-06;404;C008;Type 3;C;0;20;1;0
2026-05-06;405;C009;Type 2;C;0;20;0;1
2026-05-06;406;C010;Type 1;C;0;20;1;0
2026-05-06;407;C011;Type 1;C;0;25;1;0
2026-05-06;408;C012;Type 3;C;0;20;1;0
2026-05-06;409;C013;Type 1;C;0;10;1;0
2026-05-06;410;C014;Type 3;C;0;10;1;0
2026-05-06;411;C015;Type 1;C;0;20;1;0
2026-05-06;412;C016;Type 4;C;0;10;1;0
2026-05-06;413;C017;Type 2;C;0;10;1;0
2026-05-06;414;C018;Type 2;C;0;25;1;0
2026-05-06;415;C019;Type 1;C;0;20;1;0
2026-05-06;416;C020;Type 2;C;0;25;1;0
2026-05-06;417;C101;Type 2;C;1;20;1;0
2026-05-06;418;C102;Type 2;C;1;30;1;0
2026-05-06;419;C103;Type 3;C;1;15;1;0
2026-05-06;420;C104;Type 2;C;1;20;1;0
2026-05-06;421;C105;Type 2;C;1;15;1;0
2026-05-06;422;C106;Type 2;C;1;20;1;0
2026-05-06;423;C107;Type 2;C;1;20;1;0
2026-05-06;424;C108;Type 4;C;1;20;1;0
2026-05-06;425;C109;Type 2;C;1;25;1;0
2026-05-06;426;C110;Type 2;C;1;40;1;0
2026-05-06;427;C111;Type 3;C;1;20;1;0
2026-05-06;428;C112;Type 1;C;1;15;0;1
2026-05-06;429;C113;Type 1;C;1;20;0;1
2026-05-06;430;C114;Type 1;C;1;25;1;0
2026-05-06;431;C115;Type 2;C;1;15;1;0
2026-05-06;432;C116;Type 1;C;1;10;0;1
2026-05-06;433;C117;Type 1;C;1;10;1;0
2026-05-06;434;C118;Type 1;C;1;10;1;0
2026-05-06;435;C119;Type 3;C;1;15;1;0
2026-05-06;436;C120;Type 4;C;1;30;1;0
2026-05-06;437;C121;Type 2;C;1;15;1;0
2026-05-06;438;C122;Type 3;C;1;25;1;0
2026-05-06;439;C123;Type 3;C;1;25;1;0
2026-05-06;440;C124;Type 1;C;1;20;1;0
2026-05-06;441;C125;Type 1;C;1;20;1;0
2026-05-06;442;C126;Type 3;C;1;10;1;0
2026-05-06;443;C127;Type 1;C;1;20;1;0
2026-05-06;444;C128;Type 3;C;1;15;1;0
2026-05-06;445;C129;Type 2;C;1;20;1;0
2026-05-06;446;C130;Type 1;C;1;15;1;0
2026-05-06;447;C131;Type 3;C;1;30;1;0
2026-05-06;448;C132;Type 2;C;1;15;1;0
2026-05-06;449;C133;Type 3;C;1;25;1;0
2026-05-06;450;C134;Type 1;C;1;15;1;0
2026-05-06;451;C135;Type 2;C;1;25;1;0
2026-05-06;452;C136;Type 1;C;1;20;1;0
2026-05-06;453;C137;Type 3;C;1;25;0;1
2026-05-06;454;C138;Type 3;C;1;10;1;0
2026-05-06;455;C139;Type 2;C;1;25;0;1
2026-05-06;456;C140;Type 2;C;1;25;1;0
2026-05-06;457;C141;Type 2;C;1;10;1;0
2026-05-06;458;C142;Type 1;C;1;15;1;0
2026-05-06;459;C143;Type 1;C;1;25;1;0
2026-05-06;460;C144;Type 2;C;1;20;1;0
2026-05-06;461;C145;Type 1;C;1;30;1;0
2026-05-06;462;C146;Type 2;C;1;25;0;1
2026-05-06;463;C147;Type 3;C;1;15;1;0
2026-05-06;464;C148;Type 3;C;1;15;1;0
2026-05-06;465;C149;Type 1;C;1;30;1;0
2026-05-06;466;C150;Type 2;C;1;15;1;0
2026-05-06;467;C151;Type 2;C;1;20;1;0
2026-05-06;468;C152;Type 1;C;1;25;0;1
2026-05-06;469;C153;Type 1;C;1;25;1;0
2026-05-06;470;C154;Type 1;C;1;20;1;0
2026-05-06;471;C155;Type 1;C;1;25;1;0
2026-05-06;472;C156;Type 1;C;1;20;1;0
2026-05-06;473;C157;Type 2;C;1;35;0;1
2026-05-06;474;C158;Type 1;C;1;25;1;0
2026-05-06;475;C159;Type 2;C;1;25;0;1
2026-05-06;476;C160;Type 1;C;1;10;1;0
2026-05-06;477;C161;Type 1;C;1;20;1;0
2026-05-06;478;C162;Type 3;C;1;25;0;1
2026-05-06;479;C163;Type 2;C;1;15;1;0
2026-05-06;480;C164;Type 2;C;1;15;1;0
2026-05-06;481;C165;Type 1;C;1;40;0;1
2026-05-06;482;C166;Type 4;C;1;15;1;0
2026-05-06;483;C167;Type 2;C;1;25;1;0
2026-05-06;484;C168;Type 1;C;1;35;0;1
2026-05-06;485;C169;Type 3;C;1;20;1;0
2026-05-06;486;C170;Type 2;C;1;20;1;0
2026-05-06;487;C171;Type 3;C;1;30;0;1
2026-05-06;488;C172;Type 2;C;1;15;0;1
2026-05-06;489;C173;Type 1;C;1;20;1;0
2026-05-06;490;C174;Type 1;C;1;25;0;1
2026-05-06;491;C175;Type 1;C;1;20;1;0
2026-05-06;492;C176;Type 2;C;1;15;1;0
2026-05-06;493;C177;Type 5;C;1;25;1;0
2026-05-06;494;C178;Type 1;C;1;20;1;0
2026-05-06;495;C179;Type 2;C;1;30;1;0
2026-05-06;496;C180;Type 1;C;1;25;1;0
2026-05-06;497;C201;Type 1;C;2;20;1;0
2026-05-06;498;C202;Type 3;C;2;20;1;0
2026-05-06;499;C203;Type 3;C;2;20;1;0
2026-05-06;500;C204;Type 1;C;2;15;1;0
2026-05-06;501;C205;Type 2;C;2;20;1;0
2026-05-06;502;C206;Type 2;C;2;25;1;0
2026-05-06;503;C207;Type 3;C;2;25;1;0
2026-05-06;504;C208;Type 1;C;2;25;0;1
2026-05-06;505;C209;Type 1;C;2;20;1;0
2026-05-06;506;C210;Type 1;C;2;15;1;0
2026-05-06;507;C211;Type 5;C;2;35;1;0
2026-05-06;508;C212;Type 2;C;2;15;1;0
2026-05-06;509;C213;Type 4;C;2;20;1;0
2026-05-06;510;C214;Type 1;C;2;25;1;0
2026-05-06;511;C215;Type 2;C;2;15;1;0
2026-05-06;512;C216;Type 2;C;2;30;1;0
2026-05-06;513;C217;Type 2;C;2;10;1;0
2026-05-06;514;C218;Type 3;C;2;25;1;0
2026-05-06;515;C219;Type 1;C;2;10;1;0
2026-05-06;516;C220;Type 1;C;2;15;1;0
2026-05-06;517;C221;Type 3;C;2;25;1;0
2026-05-06;518;C222;Type 5;C;2;20;1;0
2026-05-06;519;C223;Type 1;C;2;20;0;1
2026-05-06;520;C224;Type 2;C;2;20;1;0
2026-05-06;521;C225;Type 2;C;2;25;1;0
2026-05-06;522;C226;Type 1;C;2;10;1;0
2026-05-06;523;C227;Type 1;C;2;20;1;0
2026-05-06;524;C228;Type 3;C;2;40;1;0
2026-05-06;525;C229;Type 2;C;2;30;1;0
2026-05-06;526;C230;Type 2;C;2;35;1;0
2026-05-06;527;C231;Type 3;C;2;20;1;0
2026-05-06;528;C232;Type 1;C;2;25;0;1
2026-05-06;529;C233;Type 4;C;2;15;1;0
2026-05-06;530;C234;Type 5;C;2;20;0;1
2026-05-06;531;C235;Type 2;C;2;10;1;0
2026-05-06;532;C236;Type 1;C;2;20;0;1
2026-05-06;533;C237;Type 1;C;2;30;0;1
2026-05-06;534;C238;Type 1;C;2;10;0;1
2026-05-06;535;C239;Type 3;C;2;15;1;0
2026-05-06;536;C240;Type 2;C;2;15;1;0
2026-05-06;537;C241;Type 2;C;2;30;1;0
2026-05-06;538;C242;Type 2;C;2;15;1;0
2026-05-06;539;C243;Type 3;C;2;15;1;0
2026-05-06;540;C244;Type 3;C;2;15;0;1
2026-05-06;541;C245;Type 4;C;2;25;1;0
2026-05-06;542;C246;Type 2;C;2;25;1;0
2026-05-06;543;C247;Type 1;C;2;20;1;0
2026-05-06;544;C248;Type 2;C;2;10;1;0
2026-05-06;545;C249;Type 2;C;2;20;1;0
2026-05-06;546;C250;Type 3;C;2;30;0;1
2026-05-06;547;C251;Type 2;C;2;50;0;1
2026-05-06;548;C252;Type 1;C;2;15;1;0
2026-05-06;549;C253;Type 2;C;2;25;1;0
2026-05-06;550;C254;Type 1;C;2;20;1;0
2026-05-06;551;C255;Type 2;C;2;15;0;1
2026-05-06;552;C256;Type 1;C;2;15;0;1
2026-05-06;553;C257;Type 2;C;2;20;0;1
2026-05-06;554;C258;Type 2;C;2;25;1;0
2026-05-06;555;C259;Type 4;C;2;25;1;0
2026-05-06;556;C260;Type 3;C;2;20;1;0
2026-05-06;557;C261;Type 2;C;2;15;1;0
2026-05-06;558;C262;Type 1;C;2;20;1;0
2026-05-06;559;C263;Type 2;C;2;20;1;0
2026-05-06;560;C264;Type 2;C;2;10;1;0
2026-05-06;561;C265;Type 1;C;2;15;1;0
2026-05-06;562;C266;Type 1;C;2;20;1;0
2026-05-06;563;C267;Type 1;C;2;15;1;0
2026-05-06;564;C268;Type 1;C;2;25;1;0
2026-05-06;565;C269;Type 1;C;2;25;1;0
2026-05-06;566;C270;Type 3;C;2;25;1;0
2026-05-06;567;C271;Type 4;C;2;20;1;0
2026-05-06;568;C272;Type 3;C;2;15;0;1
2026-05-06;569;C273;Type 3;C;2;25;0;1
2026-05-06;570;C274;Type 2;C;2;10;1;0
2026-05-06;571;C275;Type 1;C;2;25;0;1
2026-05-06;572;C276;Type 2;C;2;25;1;0
2026-05-06;573;C277;Type 1;C;2;20;1;0
2026-05-06;574;C278;Type 1;C;2;10;1;0
2026-05-06;575;C279;Type 1;C;2;10;1;0
2026-05-06;576;C280;Type 2;C;2;15;1;0
2026-05-06;577;C281;Type 1;C;2;20;1;0
2026-05-06;578;C282;Type 1;C;2;15;1;0
2026-05-06;579;C283;Type 2;C;2;15;0;1
2026-05-06;580;C284;Type 2;C;2;15;1;0
2026-05-06;581;C285;Type 1;C;2;20;1;0
2026-05-06;582;C286;Type 3;C;2;10;1;0
2026-05-06;583;C287;Type 1;C;2;20;0;1
2026-05-06;584;C288;Type 1;C;2;20;1;0
2026-05-06;585;C289;Type 2;C;2;10;1;0
2026-05-06;586;C290;Type 2;C;2;20;1;0
2026-05-06;587;C291;Type 5;C;2;10;0;1
2026-05-06;588;C292;Type 2;C;2;30;1;0
2026-05-06;589;C293;Type 3;C;2;15;1;0
2026-05-06;590;C294;Type 1;C;2;10;1;0
2026-05-06;591;C295;Type 1;C;2;20;1;0
2026-05-06;592;C296;Type 2;C;2;30;1;0
2026-05-06;593;C297;Type 4;C;2;30;1;0
2026-05-06;594;C298;Type 2;C;2;10;0;1
2026-05-06;595;C299;Type 2;C;2;30;1;0
2026-05-06;596;C301;Type 1;C;3;15;1;0
2026-05-06;597;C302;Type 1;C;3;30;1;0
2026-05-06;598;C303;Type 4;C;3;15;0;1
2026-05-06;599;C304;Type 2;C;3;20;1;0
2026-05-06;600;C305;Type 4;C;3;15;1;0
2026-05-06;601;C306;Type 3;C;3;30;1;0
2026-05-06;602;C307;Type 1;C;3;20;0;1
2026-05-06;603;C308;Type 2;C;3;15;1;0
2026-05-06;604;C309;Type 2;C;3;15;1;0
2026-05-06;605;C310;Type 3;C;3;20;1;0
2026-05-06;606;C311;Type 2;C;3;10;1;0
2026-05-06;607;C312;Type 2;C;3;15;1;0
2026-05-06;608;C313;Type 2;C;3;15;1;0
2026-05-06;609;C314;Type 2;C;3;20;1;0
2026-05-06;610;C315;Type 3;C;3;25;1;0
2026-05-06;611;C316;Type 2;C;3;15;0;1
2026-05-06;612;C317;Type 1;C;3;25;1;0
2026-05-06;613;C318;Type 2;C;3;30;1;0
2026-05-06;614;C319;Type 2;C;3;15;1;0
2026-05-06;615;C320;Type 1;C;3;30;1;0
2026-05-06;616;C321;Type 2;C;3;15;1;0
2026-05-06;617;C322;Type 2;C;3;10;0;1
2026-05-06;618;C323;Type 3;C;3;15;1;0
2026-05-06;619;C324;Type 1;C;3;25;1;0
2026-05-06;620;C325;Type 3;C;3;15;1;0
2026-05-06;621;C326;Type 4;C;3;15;0;1
2026-05-06;622;C327;Type 3;C;3;15;1;0
2026-05-06;623;C328;Type 2;C;3;20;0;1
2026-05-06;624;C329;Type 3;C;3;15;1;0
2026-05-06;625;C330;Type 2;C;3;30;1;0
2026-05-06;626;C331;Type 4;C;3;10;1;0
2026-05-06;627;C332;Type 3;C;3;20;1;0
2026-05-06;628;C333;Type 1;C;3;35;0;1
2026-05-06;629;C334;Type 1;C;3;15;0;1
2026-05-06;630;C335;Type 1;C;3;30;1;0
2026-05-06;631;C336;Type 5;C;3;10;1;0
2026-05-06;632;C337;Type 2;C;3;25;1;0
2026-05-06;633;C338;Type 1;C;3;20;1;0
2026-05-06;634;C339;Type 1;C;3;30;1;0
2026-05-06;635;C340;Type 2;C;3;20;1;0
2026-05-06;636;C341;Type 1;C;3;20;1;0
2026-05-06;637;C342;Type 3;C;3;10;0;1
2026-05-06;638;C343;Type 2;C;3;25;1;0
2026-05-06;639;C344;Type 1;C;3;20;1;0
2026-05-06;640;C345;Type 3;C;3;35;0;1
2026-05-06;641;C346;Type 3;C;3;15;1;0
2026-05-06;642;C347;Type 1;C;3;20;1;0
2026-05-06;643;C348;Type 1;C;3;25;1;0
2026-05-06;644;C349;Type 2;C;3;15;1;0
2026-05-06;645;C350;Type 1;C;3;15;1;0
2026-05-06;646;C351;Type 2;C;3;25;1;0
2026-05-06;647;C352;Type 2;C;3;10;1;0
2026-05-06;648;C353;Type 1;C;3;15;1;0
2026-05-06;649;C354;Type 3;C;3;20;1;0
2026-05-06;650;C355;Type 2;C;3;25;1;0
2026-05-06;651;C356;Type 3;C;3;15;0;1
2026-05-06;652;C357;Type 2;C;3;15;1;0
2026-05-06;653;C358;Type 1;C;3;15;1;0
2026-05-06;654;C359;Type 2;C;3;10;1;0
2026-05-06;655;C360;Type 1;C;3;30;1;0
2026-05-06;656;C361;Type 1;C;3;25;1;0
2026-05-06;657;C362;Type 2;C;3;20;1;0
2026-05-06;658;C363;Type 2;C;3;20;1;0
2026-05-06;659;C364;Type 1;C;3;10;1;0
2026-05-06;660;C365;Type 2;C;3;30;1;0
2026-05-06;661;C366;Type 1;C;3;20;1;0
2026-05-06;662;C367;Type 1;C;3;20;1;0
2026-05-06;663;C368;Type 1;C;3;15;1;0
2026-05-06;664;C369;Type 1;C;3;15;1;0
2026-05-06;665;C370;Type 1;C;3;25;1;0
2026-05-06;666;C371;Type 2;C;3;10;0;1
2026-05-06;667;C372;Type 4;C;3;25;0;1
2026-05-06;668;C373;Type 1;C;3;25;1;0
2026-05-06;669;C374;Type 5;C;3;25;1;0
2026-05-06;670;C375;Type 1;C;3;15;1;0
2026-05-06;671;C376;Type 3;C;3;30;1;0
2026-05-06;672;C377;Type 1;C;3;20;1;0
2026-05-06;673;C378;Type 2;C;3;25;0;1
2026-05-06;674;C379;Type 2;C;3;10;1;0
2026-05-06;675;C380;Type 1;C;3;10;1;0
2026-05-06;676;C381;Type 5;C;3;15;0;1
2026-05-06;677;C382;Type 1;C;3;20;1;0
2026-05-06;678;C383;Type 3;C;3;30;1;0
2026-05-06;679;C384;Type 2;C;3;25;1;0
2026-05-06;680;C385;Type 3;C;3;15;0;1
2026-05-06;681;C386;Type 2;C;3;15;1;0
2026-05-06;682;C387;Type 1;C;3;25;1;0
2026-05-06;683;C388;Type 3;C;3;10;0;1
2026-05-06;684;C389;Type 2;C;3;25;1;0
2026-05-06;685;C390;Type 4;C;3;20;1;0
2026-05-06;686;C391;Type 1;C;3;25;0;1
2026-05-06;687;C392;Type 2;C;3;20;1;0
2026-05-06;688;C393;Type 2;C;3;15;1;0
2026-05-06;689;C394;Type 5;C;3;20;1;0
2026-05-06;690;C395;Type 1;C;3;20;1;0
2026-05-06;691;C396;Type 3;C;3;25;0;1
2026-05-06;692;C397;Type 1;C;3;35;1;0
2026-05-06;693;C398;Type 3;C;3;15;1;0
2026-05-06;694;C399;Type 2;C;3;20;1;0
2026-05-06;695;C401;Type 2;C;4;15;1;0
2026-05-06;696;C402;Type 1;C;4;25;1;0
2026-05-06;697;C403;Type 2;C;4;15;1;0
2026-05-06;698;C404;Type 1;C;4;15;1;0
2026-05-06;699;C405;Type 1;C;4;20;1;0
2026-05-06;700;C406;Type 2;C;4;10;0;1
2026-05-06;701;C407;Type 4;C;4;15;0;1
2026-05-06;702;C408;Type 2;C;4;20;1;0
2026-05-06;703;C409;Type 4;C;4;20;1;0
2026-05-06;704;C410;Type 3;C;4;15;1;0
2026-05-06;705;C411;Type 2;C;4;10;1;0
2026-05-06;706;C412;Type 2;C;4;20;1;0
2026-05-06;707;C413;Type 1;C;4;10;1;0
2026-05-06;708;C414;Type 1;C;4;20;1;0
2026-05-06;709;C415;Type 2;C;4;10;1;0
2026-05-06;710;C416;Type 1;C;4;15;1;0
2026-05-06;711;C417;Type 1;C;4;15;1;0
2026-05-06;712;C418;Type 1;C;4;20;1;0
2026-05-06;713;C419;Type 2;C;4;15;1;0
2026-05-06;714;C420;Type 2;C;4;15;1;0
2026-05-06;715;C421;Type 1;C;4;25;0;1
2026-05-06;716;C422;Type 1;C;4;25;1;0
2026-05-06;717;C423;Type 2;C;4;15;1;0
2026-05-06;718;C424;Type 2;C;4;15;1;0
2026-05-06;719;C425;Type 2;C;4;15;1;0
2026-05-06;720;C426;Type 3;C;4;15;0;1
2026-05-06;721;C427;Type 2;C;4;10;1;0
2026-05-06;722;C428;Type 3;C;4;35;1;0
2026-05-06;723;C429;Type 3;C;4;15;1;0
2026-05-06;724;C430;Type 2;C;4;10;1;0
2026-05-06;725;C431;Type 2;C;4;10;0;1
2026-05-06;726;C432;Type 2;C;4;25;1;0
2026-05-06;727;C433;Type 2;C;4;20;1;0
2026-05-06;728;C434;Type 1;C;4;25;1;0
2026-05-06;729;C435;Type 1;C;4;20;0;1
2026-05-06;730;C436;Type 2;C;4;20;1;0
2026-05-06;731;C437;Type 2;C;4;15;1;0
2026-05-06;732;C438;Type 3;C;4;15;0;1
2026-05-06;733;C439;Type 2;C;4;10;1;0
2026-05-06;734;C440;Type 2;C;4;10;1;0
2026-05-06;735;C441;Type 1;C;4;10;1;0
2026-05-06;736;C442;Type 1;C;4;20;0;1
2026-05-06;737;C443;Type 1;C;4;20;0;1
2026-05-06;738;C444;Type 3;C;4;25;0;1
2026-05-06;739;C445;Type 1;C;4;15;1;0
2026-05-06;740;C446;Type 2;C;4;15;0;1
2026-05-06;741;C447;Type 2;C;4;15;1;0
2026-05-06;742;C448;Type 1;C;4;20;1;0
2026-05-06;743;C449;Type 1;C;4;20;1;0
2026-05-06;744;C450;Type 2;C;4;40;0;1
2026-05-06;745;C451;Type 1;C;4;25;1;0
2026-05-06;746;C452;Type 2;C;4;25;0;1
2026-05-06;747;C453;Type 2;C;4;15;1;0
2026-05-06;748;C454;Type 1;C;4;10;1;0
2026-05-06;749;C455;Type 1;C;4;20;0;1
2026-05-06;750;C456;Type 2;C;4;25;1;0
2026-05-06;751;C457;Type 4;C;4;10;1;0
2026-05-06;752;C458;Type 1;C;4;20;0;1
2026-05-06;753;C459;Type 1;C;4;25;0;1
2026-05-06;754;C460;Type 1;C;4;15;1;0
2026-05-06;755;C461;Type 3;C;4;15;1;0
2026-05-06;756;C462;Type 1;C;4;20;1;0
2026-05-06;757;C463;Type 1;C;4;20;1;0
2026-05-06;758;C464;Type 4;C;4;25;1;0
2026-05-06;759;C465;Type 1;C;4;10;0;1
2026-05-06;760;C466;Type 3;C;4;15;1;0
2026-05-06;761;C467;Type 1;C;4;25;0;1
2026-05-06;762;C468;Type 1;C;4;10;1;0
2026-05-06;763;C469;Type 1;C;4;15;1;0
2026-05-06;764;C470;Type 2;C;4;30;1;0
2026-05-06;765;C471;Type 2;C;4;10;1;0
2026-05-06;766;C472;Type 2;C;4;30;0;1
2026-05-06;767;C473;Type 1;C;4;20;0;1
2026-05-06;768;C474;Type 1;C;4;20;0;1
2026-05-06;769;C475;Type 2;C;4;10;1;0
2026-05-06;770;C476;Type 3;C;4;20;1;0
2026-05-06;771;C477;Type 1;C;4;15;1;0
2026-05-06;772;C478;Type 2;C;4;25;1;0
2026-05-06;773;C479;Type 2;C;4;10;1;0
2026-05-06;774;C480;Type 2;C;4;25;1;0
2026-05-06;775;C481;Type 1;C;4;20;1;0
2026-05-06;776;C482;Type 3;C;4;15;0;1
2026-05-06;777;C483;Type 1;C;4;30;1;0
2026-05-06;778;C484;Type 2;C;4;20;1;0
2026-05-06;779;C485;Type 2;C;4;30;0;1
2026-05-06;780;C486;Type 4;C;4;35;1;0
2026-05-06;781;C487;Type 2;C;4;25;1;0
2026-05-06;782;C488;Type 1;C;4;30;0;1
2026-05-06;783;C489;Type 2;C;4;20;1;0
2026-05-06;784;C490;Type 3;C;4;10;1;0
2026-05-06;785;C491;Type 1;C;4;20;1;0
2026-05-06;786;C492;Type 1;C;4;15;1;0
2026-05-07;0;A001;Type 3;A;0;10;1;0
2026-05-07;1;A002;Type 2;A;0;10;1;0
2026-05-07;2;A003;Type 3;A;0;10;1;0
2026-05-07;3;A004;Type 4;A;0;15;0;1
2026-05-07;4;A005;Type 1;A;0;10;1;0
2026-05-07;5;A006;Type 2;A;0;10;0;1
2026-05-07;6;A007;Type 2;A;0;10;1;0
2026-05-07;7;A008;Type 2;A;0;15;1;0
2026-05-07;8;A009;Type 2;A;0;25;1;0
2026-05-07;9;A010;Type 2;A;0;10;0;1
2026-05-07;10;A101;Type 2;A;1;10;1;0
2026-05-07;11;A102;Type 3;A;1;25;0;1
2026-05-07;12;A103;Type 4;A;1;15;0;1
2026-05-07;13;A104;Type 3;A;1;15;0;1
2026-05-07;14;A105;Type 2;A;1;15;1;0
2026-05-07;15;A106;Type 3;A;1;10;1;0
2026-05-07;16;A107;Type 2;A;1;10;1;0
2026-05-07;17;A108;Type 2;A;1;20;1;0
2026-05-07;18;A109;Type 2;A;1;10;0;1
2026-05-07;19;A110;Type 1;A;1;10;0;1
2026-05-07;20;A111;Type 1;A;1;15;1;0
2026-05-07;21;A112;Type 2;A;1;15;1;0
2026-05-07;22;A113;Type 3;A;1;10;1;0
2026-05-07;23;A114;Type 1;A;1;10;1;0
2026-05-07;24;A115;Type 2;A;1;15;1;0
2026-05-07;25;A116;Type 1;A;1;20;1;0
2026-05-07;26;A117;Type 1;A;1;10;1;0
2026-05-07;27;A118;Type 2;A;1;10;0;1
2026-05-07;28;A119;Type 1;A;1;10;0;1
2026-05-07;29;A120;Type 3;A;1;10;1;0
2026-05-07;30;A121;Type 3;A;1;15;0;1
2026-05-07;31;A122;Type 1;A;1;10;1;0
2026-05-07;32;A123;Type 2;A;1;10;1;0
2026-05-07;33;A124;Type 3;A;1;10;0;1
2026-05-07;34;A125;Type 3;A;1;10;1;0
2026-05-07;35;A126;Type 1;A;1;15;0;1
2026-05-07;36;A127;Type 2;A;1;20;1;0
2026-05-07;37;A128;Type 2;A;1;20;0;1
2026-05-07;38;A129;Type 2;A;1;10;1;0
2026-05-07;39;A130;Type 1;A;1;15;1;0
2026-05-07;40;A131;Type 4;A;1;15;1;0
2026-05-07;41;A132;Type 3;A;1;25;1;0
2026-05-07;42;A133;Type 1;A;1;10;1;0
2026-05-07;43;A134;Type 1;A;1;10;0;1
2026-05-07;44;A135;Type 1;A;1;15;1;0
2026-05-07;45;A136;Type 3;A;1;10;0;1
2026-05-07;46;A137;Type 4;A;1;20;1;0
2026-05-07;47;A138;Type 1;A;1;10;1;0
2026-05-07;48;A139;Type 1;A;1;30;1;0
2026-05-07;49;A140;Type 1;A;1;10;1;0
2026-05-07;50;A141;Type 1;A;1;25;1;0
2026-05-07;51;A142;Type 4;A;1;15;0;1
2026-05-07;52;A143;Type 3;A;1;10;0;1
2026-05-07;53;A144;Type 1;A;1;25;1;0
2026-05-07;54;A145;Type 3;A;1;20;1;0
2026-05-07;55;A146;Type 1;A;1;20;1;0
2026-05-07;56;A147;Type 2;A;1;15;1;0
2026-05-07;57;A148;Type 3;A;1;20;1;0
2026-05-07;58;A149;Type 1;A;1;10;0;1
2026-05-07;59;A150;Type 2;A;1;15;1;0
2026-05-07;60;A201;Type 1;A;2;20;1;0
2026-05-07;61;A202;Type 2;A;2;15;0;1
2026-05-07;62;A203;Type 3;A;2;10;1;0
2026-05-07;63;A204;Type 1;A;2;20;1;0
2026-05-07;64;A205;Type 1;A;2;10;0;1
2026-05-07;65;A206;Type 2;A;2;15;1;0
2026-05-07;66;A207;Type 2;A;2;10;1;0
2026-05-07;67;A208;Type 1;A;2;10;1;0
2026-05-07;68;A209;Type 1;A;2;10;1;0
2026-05-07;69;A210;Type 3;A;2;20;1;0
2026-05-07;70;A211;Type 1;A;2;20;1;0
2026-05-07;71;A212;Type 1;A;2;25;1;0
2026-05-07;72;A213;Type 1;A;2;10;0;1
2026-05-07;73;A214;Type 2;A;2;10;1;0
2026-05-07;74;A215;Type 2;A;2;15;0;1
2026-05-07;75;A216;Type 3;A;2;15;1;0
2026-05-07;76;A217;Type 2;A;2;10;1;0
2026-05-07;77;A218;Type 1;A;2;15;1;0
2026-05-07;78;A219;Type 1;A;2;20;1;0
2026-05-07;79;A220;Type 2;A;2;20;1;0
2026-05-07;80;A221;Type 4;A;2;10;1;0
2026-05-07;81;A222;Type 3;A;2;10;1;0
2026-05-07;82;A223;Type 2;A;2;10;0;1
2026-05-07;83;A224;Type 2;A;2;25;1;0
2026-05-07;84;A225;Type 2;A;2;10;1;0
2026-05-07;85;A226;Type 2;A;2;15;1;0
2026-05-07;86;A227;Type 1;A;2;10;1;0
2026-05-07;87;A228;Type 1;A;2;10;1;0
2026-05-07;88;A229;Type 3;A;2;10;1;0
2026-05-07;89;A230;Type 1;A;2;15;0;1
2026-05-07;90;A231;Type 2;A;2;10;0;1
2026-05-07;91;A232;Type 1;A;2;10;1;0
2026-05-07;92;A233;Type 2;A;2;15;1;0
2026-05-07;93;A234;Type 1;A;2;15;1;0
2026-05-07;94;A235;Type 1;A;2;15;1;0
2026-05-07;95;A236;Type 2;A;2;10;1;0
2026-05-07;96;A237;Type 3;A;2;10;1;0
2026-05-07;97;A238;Type 3;A;2;20;1;0
2026-05-07;98;A239;Type 4;A;2;20;1;0
2026-05-07;99;A240;Type 2;A;2;10;1;0
2026-05-07;100;B001;Type 1;B;0;15;0;1
2026-05-07;101;B002;Type 1;B;0;15;1;0
2026-05-07;102;B003;Type 2;B;0;10;1;0
2026-05-07;103;B004;Type 2;B;0;15;1;0
2026-05-07;104;B005;Type 3;B;0;30;1;0
2026-05-07;105;B006;Type 3;B;0;25;1;0
2026-05-07;106;B007;Type 2;B;0;15;0;1
2026-05-07;107;B008;Type 3;B;0;25;1;0
2026-05-07;108;B009;Type 4;B;0;50;0;1
2026-05-07;109;B010;Type 2;B;0;20;1;0
2026-05-07;110;B011;Type 1;B;0;25;1;0
2026-05-07;111;B012;Type 2;B;0;20;1;0
2026-05-07;112;B013;Type 1;B;0;20;1;0
2026-05-07;113;B014;Type 2;B;0;25;1;0
2026-05-07;114;B015;Type 2;B;0;30;0;1
2026-05-07;115;B016;Type 3;B;0;30;1;0
2026-05-07;116;B017;Type 1;B;0;15;1;0
2026-05-07;117;B018;Type 1;B;0;10;1;0
2026-05-07;118;B019;Type 4;B;0;20;1;0
2026-05-07;119;B020;Type 1;B;0;20;1;0
2026-05-07;120;B101;Type 1;B;1;25;1;0
2026-05-07;121;B102;Type 1;B;1;20;1;0
2026-05-07;122;B103;Type 2;B;1;15;1;0
2026-05-07;123;B104;Type 3;B;1;15;1;0
2026-05-07;124;B105;Type 1;B;1;25;1;0
2026-05-07;125;B106;Type 1;B;1;25;1;0
2026-05-07;126;B107;Type 4;B;1;20;1;0
2026-05-07;127;B108;Type 2;B;1;15;1;0
2026-05-07;128;B109;Type 2;B;1;20;1;0
2026-05-07;129;B110;Type 1;B;1;15;1;0
2026-05-07;130;B111;Type 2;B;1;15;1;0
2026-05-07;131;B112;Type 1;B;1;30;1;0
2026-05-07;132;B113;Type 1;B;1;20;0;1
2026-05-07;133;B114;Type 3;B;1;10;0;1
2026-05-07;134;B115;Type 3;B;1;20;1;0
2026-05-07;135;B116;Type 1;B;1;20;1;0
2026-05-07;136;B117;Type 5;B;1;20;0;1
2026-05-07;137;B118;Type 2;B;1;25;1;0
2026-05-07;138;B119;Type 1;B;1;15;1;0
2026-05-07;139;B120;Type 1;B;1;20;1;0
2026-05-07;140;B121;Type 1;B;1;10;1;0
2026-05-07;141;B122;Type 2;B;1;20;1;0
2026-05-07;142;B123;Type 1;B;1;25;1;0
2026-05-07;143;B124;Type 2;B;1;30;1;0
2026-05-07;144;B125;Type 2;B;1;20;1;0
2026-05-07;145;B126;Type 1;B;1;20;1;0
2026-05-07;146;B127;Type 1;B;1;15;0;1
2026-05-07;147;B128;Type 4;B;1;25;1;0
2026-05-07;148;B129;Type 1;B;1;15;1;0
2026-05-07;149;B130;Type 2;B;1;25;0;1
2026-05-07;150;B131;Type 1;B;1;30;1;0
2026-05-07;151;B132;Type 2;B;1;20;1;0
2026-05-07;152;B133;Type 1;B;1;35;1;0
2026-05-07;153;B134;Type 2;B;1;20;0;1
2026-05-07;154;B135;Type 1;B;1;15;1;0
2026-05-07;155;B136;Type 2;B;1;10;1;0
2026-05-07;156;B137;Type 2;B;1;20;1;0
2026-05-07;157;B138;Type 3;B;1;25;1;0
2026-05-07;158;B139;Type 3;B;1;15;0;1
2026-05-07;159;B140;Type 4;B;1;20;1;0
2026-05-07;160;B141;Type 1;B;1;25;1;0
2026-05-07;161;B142;Type 3;B;1;20;1;0
2026-05-07;162;B143;Type 3;B;1;25;1;0
2026-05-07;163;B144;Type 3;B;1;10;1;0
2026-05-07;164;B145;Type 2;B;1;20;1;0
2026-05-07;165;B146;Type 1;B;1;15;1;0
2026-05-07;166;B147;Type 3;B;1;15;1;0
2026-05-07;167;B148;Type 1;B;1;30;1;0
2026-05-07;168;B149;Type 2;B;1;15;1;0
2026-05-07;169;B150;Type 4;B;1;20;1;0
2026-05-07;170;B151;Type 5;B;1;20;1;0
2026-05-07;171;B152;Type 3;B;1;25;1;0
2026-05-07;172;B153;Type 2;B;1;30;1;0
2026-05-07;173;B154;Type 1;B;1;35;0;1
2026-05-07;174;B155;Type 3;B;1;45;1;0
2026-05-07;175;B156;Type 2;B;1;20;1;0
2026-05-07;176;B157;Type 1;B;1;20;1;0
2026-05-07;177;B158;Type 4;B;1;40;1;0
2026-05-07;178;B159;Type 1;B;1;25;0;1
2026-05-07;179;B160;Type 3;B;1;20;0;1
2026-05-07;180;B161;Type 2;B;1;20;1;0
2026-05-07;181;B162;Type 1;B;1;25;1;0
2026-05-07;182;B163;Type 2;B;1;20;1;0
2026-05-07;183;B164;Type 1;B;1;35;1;0
2026-05-07;184;B165;Type 3;B;1;10;0;1
2026-05-07;185;B166;Type 1;B;1;30;1;0
2026-05-07;186;B167;Type 2;B;1;20;1;0
2026-05-07;187;B168;Type 3;B;1;30;0;1
2026-05-07;188;B169;Type 3;B;1;25;0;1
2026-05-07;189;B170;Type 1;B;1;20;1;0
2026-05-07;190;B171;Type 2;B;1;20;1;0
2026-05-07;191;B172;Type 2;B;1;20;1;0
2026-05-07;192;B173;Type 1;B;1;10;1;0
2026-05-07;193;B174;Type 1;B;1;20;1;0
2026-05-07;194;B175;Type 1;B;1;15;1;0
2026-05-07;195;B176;Type 1;B;1;25;0;1
2026-05-07;196;B177;Type 1;B;1;10;0;1
2026-05-07;197;B178;Type 1;B;1;25;1;0
2026-05-07;198;B179;Type 1;B;1;15;1;0
2026-05-07;199;B180;Type 3;B;1;20;1;0
2026-05-07;200;B201;Type 4;B;2;15;1;0
2026-05-07;201;B202;Type 1;B;2;30;1;0
2026-05-07;202;B203;Type 1;B;2;15;0;1
2026-05-07;203;B204;Type 1;B;2;15;1;0
2026-05-07;204;B205;Type 2;B;2;25;0;1
2026-05-07;205;B206;Type 2;B;2;25;1;0
2026-05-07;206;B207;Type 2;B;2;15;0;1
2026-05-07;207;B208;Type 1;B;2;10;1;0
2026-05-07;208;B209;Type 1;B;2;25;1;0
2026-05-07;209;B210;Type 4;B;2;25;1;0
2026-05-07;210;B211;Type 3;B;2;15;1;0
2026-05-07;211;B212;Type 4;B;2;20;0;1
2026-05-07;212;B213;Type 5;B;2;25;1;0
2026-05-07;213;B214;Type 1;B;2;15;1;0
2026-05-07;214;B215;Type 1;B;2;25;1;0
2026-05-07;215;B216;Type 1;B;2;20;0;1
2026-05-07;216;B217;Type 3;B;2;25;1;0
2026-05-07;217;B218;Type 2;B;2;20;0;1
2026-05-07;218;B219;Type 3;B;2;10;1;0
2026-05-07;219;B220;Type 3;B;2;25;0;1
2026-05-07;220;B221;Type 2;B;2;20;1;0
2026-05-07;221;B222;Type 3;B;2;25;1;0
2026-05-07;222;B223;Type 4;B;2;30;1;0
2026-05-07;223;B224;Type 3;B;2;15;1;0
2026-05-07;224;B225;Type 1;B;2;20;1;0
2026-05-07;225;B226;Type 1;B;2;15;1;0
2026-05-07;226;B227;Type 1;B;2;20;1;0
2026-05-07;227;B228;Type 3;B;2;10;1;0
2026-05-07;228;B229;Type 2;B;2;25;1;0
2026-05-07;229;B230;Type 3;B;2;15;1;0
2026-05-07;230;B231;Type 1;B;2;20;1;0
2026-05-07;231;B232;Type 2;B;2;25;1;0
2026-05-07;232;B233;Type 2;B;2;25;1;0
2026-05-07;233;B234;Type 3;B;2;10;1;0
2026-05-07;234;B235;Type 3;B;2;15;1;0
2026-05-07;235;B236;Type 3;B;2;20;0;1
2026-05-07;236;B237;Type 1;B;2;15;1;0
2026-05-07;237;B238;Type 1;B;2;25;1;0
2026-05-07;238;B239;Type 2;B;2;25;1;0
2026-05-07;239;B240;Type 1;B;2;15;1;0
2026-05-07;240;B241;Type 1;B;2;20;0;1
2026-05-07;241;B242;Type 2;B;2;10;1;0
2026-05-07;242;B243;Type 1;B;2;20;0;1
2026-05-07;243;B244;Type 5;B;2;20;0;1
2026-05-07;244;B245;Type 3;B;2;35;0;1
2026-05-07;245;B246;Type 3;B;2;55;1;0
2026-05-07;246;B247;Type 2;B;2;10;1;0
2026-05-07;247;B248;Type 1;B;2;15;1;0
2026-05-07;248;B249;Type 1;B;2;20;1;0
2026-05-07;249;B250;Type 2;B;2;15;1;0
2026-05-07;250;B251;Type 3;B;2;25;1;0
2026-05-07;251;B252;Type 4;B;2;10;1;0
2026-05-07;252;B253;Type 1;B;2;20;1;0
2026-05-07;253;B254;Type 1;B;2;20;1;0
2026-05-07;254;B255;Type 2;B;2;20;0;1
2026-05-07;255;B256;Type 5;B;2;25;1;0
2026-05-07;256;B257;Type 3;B;2;10;1;0
2026-05-07;257;B258;Type 2;B;2;20;0;1
2026-05-07;258;B259;Type 2;B;2;30;1;0
2026-05-07;259;B260;Type 1;B;2;25;0;1
2026-05-07;260;B261;Type 2;B;2;15;1;0
2026-05-07;261;B262;Type 1;B;2;20;1;0
2026-05-07;262;B263;Type 2;B;2;15;1;0
2026-05-07;263;B264;Type 2;B;2;25;1;0
2026-05-07;264;B265;Type 2;B;2;20;0;1
2026-05-07;265;B266;Type 2;B;2;20;1;0
2026-05-07;266;B267;Type 3;B;2;15;1;0
2026-05-07;267;B268;Type 2;B;2;15;0;1
2026-05-07;268;B269;Type 1;B;2;20;1;0
2026-05-07;269;B270;Type 2;B;2;20;1;0
2026-05-07;270;B271;Type 1;B;2;10;1;0
2026-05-07;271;B272;Type 1;B;2;15;1;0
2026-05-07;272;B273;Type 1;B;2;30;1;0
2026-05-07;273;B274;Type 1;B;2;15;1;0
2026-05-07;274;B275;Type 3;B;2;25;1;0
2026-05-07;275;B276;Type 2;B;2;25;0;1
2026-05-07;276;B277;Type 3;B;2;20;1;0
2026-05-07;277;B278;Type 3;B;2;25;0;1
2026-05-07;278;B279;Type 1;B;2;15;1;0
2026-05-07;279;B280;Type 1;B;2;35;1;0
2026-05-07;280;B281;Type 3;B;2;25;1;0
2026-05-07;281;B282;Type 2;B;2;10;1;0
2026-05-07;282;B283;Type 2;B;2;20;0;1
2026-05-07;283;B284;Type 3;B;2;15;1;0
2026-05-07;284;B285;Type 3;B;2;15;1;0
2026-05-07;285;B286;Type 2;B;2;25;1;0
2026-05-07;286;B287;Type 2;B;2;15;1;0
2026-05-07;287;B288;Type 2;B;2;15;1;0
2026-05-07;288;B289;Type 2;B;2;25;0;1
2026-05-07;289;B290;Type 4;B;2;15;1;0
2026-05-07;290;B291;Type 1;B;2;15;1;0
2026-05-07;291;B292;Type 3;B;2;35;1;0
2026-05-07;292;B293;Type 2;B;2;15;1;0
2026-05-07;293;B294;Type 1;B;2;20;1;0
2026-05-07;294;B295;Type 2;B;2;10;1;0
2026-05-07;295;B296;Type 3;B;2;20;1;0
2026-05-07;296;B297;Type 2;B;2;45;1;0
2026-05-07;297;B298;Type 1;B;2;15;1;0
2026-05-07;298;B299;Type 1;B;2;20;1;0
2026-05-07;299;B301;Type 3;B;3;10;0;1
2026-05-07;300;B302;Type 3;B;3;25;1;0
2026-05-07;301;B303;Type 3;B;3;20;1;0
2026-05-07;302;B304;Type 2;B;3;20;1;0
2026-05-07;303;B305;Type 2;B;3;20;1;0
2026-05-07;304;B306;Type 3;B;3;30;0;1
2026-05-07;305;B307;Type 1;B;3;20;1;0
2026-05-07;306;B308;Type 1;B;3;20;1;0
2026-05-07;307;B309;Type 4;B;3;20;0;1
2026-05-07;308;B310;Type 2;B;3;35;0;1
2026-05-07;309;B311;Type 2;B;3;15;1;0
2026-05-07;310;B312;Type 3;B;3;25;0;1
2026-05-07;311;B313;Type 1;B;3;15;1;0
2026-05-07;312;B314;Type 2;B;3;10;1;0
2026-05-07;313;B315;Type 1;B;3;10;1;0
2026-05-07;314;B316;Type 1;B;3;40;1;0
2026-05-07;315;B317;Type 3;B;3;25;0;1
2026-05-07;316;B318;Type 2;B;3;20;0;1
2026-05-07;317;B319;Type 2;B;3;10;0;1
2026-05-07;318;B320;Type 1;B;3;15;1;0
2026-05-07;319;B321;Type 5;B;3;20;1;0
2026-05-07;320;B322;Type 1;B;3;30;1;0
2026-05-07;321;B323;Type 2;B;3;30;1;0
2026-05-07;322;B324;Type 2;B;3;25;1;0
2026-05-07;323;B325;Type 1;B;3;10;1;0
2026-05-07;324;B326;Type 1;B;3;25;0;1
2026-05-07;325;B327;Type 4;B;3;25;1;0
2026-05-07;326;B328;Type 2;B;3;15;1;0
2026-05-07;327;B329;Type 3;B;3;15;1;0
2026-05-07;328;B330;Type 1;B;3;15;1;0
2026-05-07;329;B331;Type 1;B;3;30;1;0
2026-05-07;330;B332;Type 1;B;3;25;0;1
2026-05-07;331;B333;Type 3;B;3;20;1;0
2026-05-07;332;B334;Type 2;B;3;25;1;0
2026-05-07;333;B335;Type 2;B;3;20;1;0
2026-05-07;334;B336;Type 2;B;3;30;1;0
2026-05-07;335;B337;Type 2;B;3;20;1;0
2026-05-07;336;B338;Type 1;B;3;15;1;0
2026-05-07;337;B339;Type 2;B;3;20;1;0
2026-05-07;338;B340;Type 1;B;3;20;1;0
2026-05-07;339;B341;Type 2;B;3;30;1;0
2026-05-07;340;B342;Type 2;B;3;15;1;0
2026-05-07;341;B343;Type 2;B;3;15;0;1
2026-05-07;342;B344;Type 2;B;3;10;1;0
2026-05-07;343;B345;Type 1;B;3;20;1;0
2026-05-07;344;B346;Type 3;B;3;15;0;1
2026-05-07;345;B347;Type 2;B;3;10;1;0
2026-05-07;346;B348;Type 1;B;3;15;1;0
2026-05-07;347;B349;Type 2;B;3;15;0;1
2026-05-07;348;B350;Type 1;B;3;20;0;1
2026-05-07;349;B351;Type 1;B;3;10;1;0
2026-05-07;350;B352;Type 2;B;3;20;1;0
2026-05-07;351;B353;Type 3;B;3;15;1;0
2026-05-07;352;B354;Type 2;B;3;20;1;0
2026-05-07;353;B355;Type 2;B;3;10;0;1
2026-05-07;354;B356;Type 2;B;3;30;1;0
2026-05-07;355;B357;Type 2;B;3;15;1;0
2026-05-07;356;B358;Type 2;B;3;15;0;1
2026-05-07;357;B359;Type 1;B;3;10;1;0
2026-05-07;358;B360;Type 1;B;3;10;1;0
2026-05-07;359;B361;Type 1;B;3;25;1;0
2026-05-07;360;B362;Type 1;B;3;20;1;0
2026-05-07;361;B363;Type 5;B;3;20;1;0
2026-05-07;362;B364;Type 2;B;3;35;1;0
2026-05-07;363;B365;Type 2;B;3;20;0;1
2026-05-07;364;B366;Type 1;B;3;15;0;1
2026-05-07;365;B367;Type 2;B;3;15;0;1
2026-05-07;366;B368;Type 5;B;3;20;1;0
2026-05-07;367;B369;Type 2;B;3;15;1;0
2026-05-07;368;B370;Type 1;B;3;20;1;0
2026-05-07;369;B371;Type 2;B;3;15;1;0
2026-05-07;370;B372;Type 2;B;3;20;1;0
2026-05-07;371;B373;Type 3;B;3;15;1;0
2026-05-07;372;B374;Type 2;B;3;15;0;1
2026-05-07;373;B375;Type 3;B;3;15;1;0
2026-05-07;374;B376;Type 2;B;3;15;1;0
2026-05-07;375;B377;Type 1;B;3;20;1;0
2026-05-07;376;B378;Type 1;B;3;20;1;0
2026-05-07;377;B379;Type 2;B;3;15;1;0
2026-05-07;378;B380;Type 1;B;3;25;0;1
2026-05-07;379;B381;Type 2;B;3;25;1;0
2026-05-07;380;B382;Type 2;B;3;25;0;1
2026-05-07;381;B383;Type 1;B;3;35;1;0
2026-05-07;382;B384;Type 1;B;3;15;1;0
2026-05-07;383;B385;Type 1;B;3;20;1;0
2026-05-07;384;B386;Type 1;B;3;20;1;0
2026-05-07;385;B387;Type 2;B;3;15;1;0
2026-05-07;386;B388;Type 3;B;3;25;1;0
2026-05-07;387;B389;Type 3;B;3;20;1;0
2026-05-07;388;B390;Type 1;B;3;25;1;0
2026-05-07;389;B391;Type 2;B;3;25;0;1
2026-05-07;390;B392;Type 1;B;3;25;0;1
2026-05-07;391;B393;Type 2;B;3;20;1;0
2026-05-07;392;B394;Type 3;B;3;15;1;0
2026-05-07;393;B395;Type 1;B;3;35;0;1
2026-05-07;394;B396;Type 1;B;3;15;0;1
2026-05-07;395;B397;Type 4;B;3;10;1;0
2026-05-07;396;B398;Type 1;B;3;25;1;0
2026-05-07;397;C001;Type 2;C;0;15;0;1
2026-05-07;398;C002;Type 1;C;0;15;1;0
2026-05-07;399;C003;Type 2;C;0;15;1;0
2026-05-07;400;C004;Type 1;C;0;40;0;1
2026-05-07;401;C005;Type 2;C;0;20;0;1
2026-05-07;402;C006;Type 1;C;0;15;1;0
2026-05-07;403;C007;Type 2;C;0;15;0;1
2026-05-07;404;C008;Type 3;C;0;20;1;0
2026-05-07;405;C009;Type 2;C;0;20;1;0
2026-05-07;406;C010;Type 1;C;0;20;1;0
2026-05-07;407;C011;Type 1;C;0;25;0;1
2026-05-07;408;C012;Type 3;C;0;20;1;0
2026-05-07;409;C013;Type 1;C;0;10;1;0
2026-05-07;410;C014;Type 3;C;0;10;1;0
2026-05-07;411;C015;Type 1;C;0;20;1;0
2026-05-07;412;C016;Type 4;C;0;10;1;0
2026-05-07;413;C017;Type 2;C;0;10;1;0
2026-05-07;414;C018;Type 2;C;0;25;0;1
2026-05-07;415;C019;Type 1;C;0;20;1;0
2026-05-07;416;C020;Type 2;C;0;25;1;0
2026-05-07;417;C101;Type 2;C;1;20;1;0
2026-05-07;418;C102;Type 2;C;1;30;0;1
2026-05-07;419;C103;Type 3;C;1;15;1;0
2026-05-07;420;C104;Type 2;C;1;20;1;0
2026-05-07;421;C105;Type 2;C;1;15;1;0
2026-05-07;422;C106;Type 2;C;1;20;1;0
2026-05-07;423;C107;Type 2;C;1;20;1;0
2026-05-07;424;C108;Type 4;C;1;20;1;0
2026-05-07;425;C109;Type 2;C;1;25;1;0
2026-05-07;426;C110;Type 2;C;1;40;1;0
2026-05-07;427;C111;Type 3;C;1;20;1;0
2026-05-07;428;C112;Type 1;C;1;15;1;0
2026-05-07;429;C113;Type 1;C;1;20;1;0
2026-05-07;430;C114;Type 1;C;1;25;1;0
2026-05-07;431;C115;Type 2;C;1;15;1;0
2026-05-07;432;C116;Type 1;C;1;10;1;0
2026-05-07;433;C117;Type 1;C;1;10;1;0
2026-05-07;434;C118;Type 1;C;1;10;0;1
2026-05-07;435;C119;Type 3;C;1;15;1;0
2026-05-07;436;C120;Type 4;C;1;30;1;0
2026-05-07;437;C121;Type 2;C;1;15;1;0
2026-05-07;438;C122;Type 3;C;1;25;1;0
2026-05-07;439;C123;Type 3;C;1;25;0;1
2026-05-07;440;C124;Type 1;C;1;20;1;0
2026-05-07;441;C125;Type 1;C;1;20;1;0
2026-05-07;442;C126;Type 3;C;1;10;1;0
2026-05-07;443;C127;Type 1;C;1;20;1;0
2026-05-07;444;C128;Type 3;C;1;15;0;1
2026-05-07;445;C129;Type 2;C;1;20;1;0
2026-05-07;446;C130;Type 1;C;1;15;1;0
2026-05-07;447;C131;Type 3;C;1;30;1;0
2026-05-07;448;C132;Type 2;C;1;15;1;0
2026-05-07;449;C133;Type 3;C;1;25;1;0
2026-05-07;450;C134;Type 1;C;1;15;0;1
2026-05-07;451;C135;Type 2;C;1;25;0;1
2026-05-07;452;C136;Type 1;C;1;20;1;0
2026-05-07;453;C137;Type 3;C;1;25;0;1
2026-05-07;454;C138;Type 3;C;1;10;1;0
2026-05-07;455;C139;Type 2;C;1;25;1;0
2026-05-07;456;C140;Type 2;C;1;25;1;0
2026-05-07;457;C141;Type 2;C;1;10;1;0
2026-05-07;458;C142;Type 1;C;1;15;1;0
2026-05-07;459;C143;Type 1;C;1;25;1;0
2026-05-07;460;C144;Type 2;C;1;20;1;0
2026-05-07;461;C145;Type 1;C;1;30;1;0
2026-05-07;462;C146;Type 2;C;1;25;1;0
2026-05-07;463;C147;Type 3;C;1;15;1;0
2026-05-07;464;C148;Type 3;C;1;15;1;0
2026-05-07;465;C149;Type 1;C;1;30;1;0
2026-05-07;466;C150;Type 2;C;1;15;0;1
2026-05-07;467;C151;Type 2;C;1;20;1;0
2026-05-07;468;C152;Type 1;C;1;25;1;0
2026-05-07;469;C153;Type 1;C;1;25;0;1
2026-05-07;470;C154;Type 1;C;1;20;1;0
2026-05-07;471;C155;Type 1;C;1;25;0;1
2026-05-07;472;C156;Type 1;C;1;20;1;0
2026-05-07;473;C157;Type 2;C;1;35;0;1
2026-05-07;474;C158;Type 1;C;1;25;1;0
2026-05-07;475;C159;Type 2;C;1;25;1;0
2026-05-07;476;C160;Type 1;C;1;10;1;0
2026-05-07;477;C161;Type 1;C;1;20;1;0
2026-05-07;478;C162;Type 3;C;1;25;1;0
2026-05-07;479;C163;Type 2;C;1;15;0;1
2026-05-07;480;C164;Type 2;C;1;15;1;0
2026-05-07;481;C165;Type 1;C;1;40;1;0
2026-05-07;482;C166;Type 4;C;1;15;1;0
2026-05-07;483;C167;Type 2;C;1;25;1;0
2026-05-07;484;C168;Type 1;C;1;35;0;1
2026-05-07;485;C169;Type 3;C;1;20;0;1
2026-05-07;486;C170;Type 2;C;1;20;1;0
2026-05-07;487;C171;Type 3;C;1;30;1;0
2026-05-07;488;C172;Type 2;C;1;15;1;0
2026-05-07;489;C173;Type 1;C;1;20;1;0
2026-05-07;490;C174;Type 1;C;1;25;1;0
2026-05-07;491;C175;Type 1;C;1;20;1;0
2026-05-07;492;C176;Type 2;C;1;15;1;0
2026-05-07;493;C177;Type 5;C;1;25;1;0
2026-05-07;494;C178;Type 1;C;1;20;1;0
2026-05-07;495;C179;Type 2;C;1;30;1;0
2026-05-07;496;C180;Type 1;C;1;25;1;0
2026-05-07;497;C201;Type 1;C;2;20;1;0
2026-05-07;498;C202;Type 3;C;2;20;1;0
2026-05-07;499;C203;Type 3;C;2;20;1;0
2026-05-07;500;C204;Type 1;C;2;15;1;0
2026-05-07;501;C205;Type 2;C;2;20;1;0
2026-05-07;502;C206;Type 2;C;2;25;1;0
2026-05-07;503;C207;Type 3;C;2;25;1;0
2026-05-07;504;C208;Type 1;C;2;25;1;0
2026-05-07;505;C209;Type 1;C;2;20;1;0
2026-05-07;506;C210;Type 1;C;2;15;1;0
2026-05-07;507;C211;Type 5;C;2;35;1;0
2026-05-07;508;C212;Type 2;C;2;15;0;1
2026-05-07;509;C213;Type 4;C;2;20;1;0
2026-05-07;510;C214;Type 1;C;2;25;1;0
2026-05-07;511;C215;Type 2;C;2;15;1;0
2026-05-07;512;C216;Type 2;C;2;30;1;0
2026-05-07;513;C217;Type 2;C;2;10;1;0
2026-05-07;514;C218;Type 3;C;2;25;1;0
2026-05-07;515;C219;Type 1;C;2;10;1;0
2026-05-07;516;C220;Type 1;C;2;15;1;0
2026-05-07;517;C221;Type 3;C;2;25;1;0
2026-05-07;518;C222;Type 5;C;2;20;0;1
2026-05-07;519;C223;Type 1;C;2;20;1;0
2026-05-07;520;C224;Type 2;C;2;20;0;1
2026-05-07;521;C225;Type 2;C;2;25;0;1
2026-05-07;522;C226;Type 1;C;2;10;1;0
2026-05-07;523;C227;Type 1;C;2;20;1;0
2026-05-07;524;C228;Type 3;C;2;40;1;0
2026-05-07;525;C229;Type 2;C;2;30;1;0
2026-05-07;526;C230;Type 2;C;2;35;1;0
2026-05-07;527;C231;Type 3;C;2;20;1;0
2026-05-07;528;C232;Type 1;C;2;25;1;0
2026-05-07;529;C233;Type 4;C;2;15;1;0
2026-05-07;530;C234;Type 5;C;2;20;1;0
2026-05-07;531;C235;Type 2;C;2;10;0;1
2026-05-07;532;C236;Type 1;C;2;20;0;1
2026-05-07;533;C237;Type 1;C;2;30;1;0
2026-05-07;534;C238;Type 1;C;2;10;1;0
2026-05-07;535;C239;Type 3;C;2;15;1;0
2026-05-07;536;C240;Type 2;C;2;15;1;0
2026-05-07;537;C241;Type 2;C;2;30;1;0
2026-05-07;538;C242;Type 2;C;2;15;1;0
2026-05-07;539;C243;Type 3;C;2;15;0;1
2026-05-07;540;C244;Type 3;C;2;15;1;0
2026-05-07;541;C245;Type 4;C;2;25;1;0
2026-05-07;542;C246;Type 2;C;2;25;1;0
2026-05-07;543;C247;Type 1;C;2;20;1;0
2026-05-07;544;C248;Type 2;C;2;10;1;0
2026-05-07;545;C249;Type 2;C;2;20;0;1
2026-05-07;546;C250;Type 3;C;2;30;1;0
2026-05-07;547;C251;Type 2;C;2;50;1;0
2026-05-07;548;C252;Type 1;C;2;15;0;1
2026-05-07;549;C253;Type 2;C;2;25;1;0
2026-05-07;550;C254;Type 1;C;2;20;1;0
2026-05-07;551;C255;Type 2;C;2;15;1;0
2026-05-07;552;C256;Type 1;C;2;15;1;0
2026-05-07;553;C257;Type 2;C;2;20;1;0
2026-05-07;554;C258;Type 2;C;2;25;1;0
2026-05-07;555;C259;Type 4;C;2;25;1;0
2026-05-07;556;C260;Type 3;C;2;20;1;0
2026-05-07;557;C261;Type 2;C;2;15;1;0
2026-05-07;558;C262;Type 1;C;2;20;1;0
2026-05-07;559;C263;Type 2;C;2;20;1;0
2026-05-07;560;C264;Type 2;C;2;10;1;0
2026-05-07;561;C265;Type 1;C;2;15;1;0
2026-05-07;562;C266;Type 1;C;2;20;1;0
2026-05-07;563;C267;Type 1;C;2;15;0;1
2026-05-07;564;C268;Type 1;C;2;25;1;0
2026-05-07;565;C269;Type 1;C;2;25;1;0
2026-05-07;566;C270;Type 3;C;2;25;1;0
2026-05-07;567;C271;Type 4;C;2;20;1;0
2026-05-07;568;C272;Type 3;C;2;15;1;0
2026-05-07;569;C273;Type 3;C;2;25;0;1
2026-05-07;570;C274;Type 2;C;2;10;1;0
2026-05-07;571;C275;Type 1;C;2;25;1;0
2026-05-07;572;C276;Type 2;C;2;25;0;1
2026-05-07;573;C277;Type 1;C;2;20;1;0
2026-05-07;574;C278;Type 1;C;2;10;1;0
2026-05-07;575;C279;Type 1;C;2;10;1;0
2026-05-07;576;C280;Type 2;C;2;15;1;0
2026-05-07;577;C281;Type 1;C;2;20;0;1
2026-05-07;578;C282;Type 1;C;2;15;1;0
2026-05-07;579;C283;Type 2;C;2;15;1;0
2026-05-07;580;C284;Type 2;C;2;15;1;0
2026-05-07;581;C285;Type 1;C;2;20;1;0
2026-05-07;582;C286;Type 3;C;2;10;1;0
2026-05-07;583;C287;Type 1;C;2;20;1;0
2026-05-07;584;C288;Type 1;C;2;20;0;1
2026-05-07;585;C289;Type 2;C;2;10;1;0
2026-05-07;586;C290;Type 2;C;2;20;1;0
2026-05-07;587;C291;Type 5;C;2;10;1;0
2026-05-07;588;C292;Type 2;C;2;30;1;0
2026-05-07;589;C293;Type 3;C;2;15;1;0
2026-05-07;590;C294;Type 1;C;2;10;0;1
2026-05-07;591;C295;Type 1;C;2;20;1;0
2026-05-07;592;C296;Type 2;C;2;30;1;0
2026-05-07;593;C297;Type 4;C;2;30;1;0
2026-05-07;594;C298;Type 2;C;2;10;1;0
2026-05-07;595;C299;Type 2;C;2;30;1;0
2026-05-07;596;C301;Type 1;C;3;15;1;0
2026-05-07;597;C302;Type 1;C;3;30;1;0
2026-05-07;598;C303;Type 4;C;3;15;1;0
2026-05-07;599;C304;Type 2;C;3;20;1;0
2026-05-07;600;C305;Type 4;C;3;15;1;0
2026-05-07;601;C306;Type 3;C;3;30;1;0
2026-05-07;602;C307;Type 1;C;3;20;1;0
2026-05-07;603;C308;Type 2;C;3;15;1;0
2026-05-07;604;C309;Type 2;C;3;15;1;0
2026-05-07;605;C310;Type 3;C;3;20;1;0
2026-05-07;606;C311;Type 2;C;3;10;1;0
2026-05-07;607;C312;Type 2;C;3;15;1;0
2026-05-07;608;C313;Type 2;C;3;15;0;1
2026-05-07;609;C314;Type 2;C;3;20;1;0
2026-05-07;610;C315;Type 3;C;3;25;1;0
2026-05-07;611;C316;Type 2;C;3;15;0;1
2026-05-07;612;C317;Type 1;C;3;25;0;1
2026-05-07;613;C318;Type 2;C;3;30;1;0
2026-05-07;614;C319;Type 2;C;3;15;0;1
2026-05-07;615;C320;Type 1;C;3;30;0;1
2026-05-07;616;C321;Type 2;C;3;15;1;0
2026-05-07;617;C322;Type 2;C;3;10;1;0
2026-05-07;618;C323;Type 3;C;3;15;1;0
2026-05-07;619;C324;Type 1;C;3;25;0;1
2026-05-07;620;C325;Type 3;C;3;15;1;0
2026-05-07;621;C326;Type 4;C;3;15;1;0
2026-05-07;622;C327;Type 3;C;3;15;1;0
2026-05-07;623;C328;Type 2;C;3;20;1;0
2026-05-07;624;C329;Type 3;C;3;15;1;0
2026-05-07;625;C330;Type 2;C;3;30;1;0
2026-05-07;626;C331;Type 4;C;3;10;1;0
2026-05-07;627;C332;Type 3;C;3;20;1;0
2026-05-07;628;C333;Type 1;C;3;35;1;0
2026-05-07;629;C334;Type 1;C;3;15;1;0
2026-05-07;630;C335;Type 1;C;3;30;1;0
2026-05-07;631;C336;Type 5;C;3;10;1;0
2026-05-07;632;C337;Type 2;C;3;25;1;0
2026-05-07;633;C338;Type 1;C;3;20;0;1
2026-05-07;634;C339;Type 1;C;3;30;1;0
2026-05-07;635;C340;Type 2;C;3;20;1;0
2026-05-07;636;C341;Type 1;C;3;20;1;0
2026-05-07;637;C342;Type 3;C;3;10;1;0
2026-05-07;638;C343;Type 2;C;3;25;1;0
2026-05-07;639;C344;Type 1;C;3;20;0;1
2026-05-07;640;C345;Type 3;C;3;35;1;0
2026-05-07;641;C346;Type 3;C;3;15;0;1
2026-05-07;642;C347;Type 1;C;3;20;1;0
2026-05-07;643;C348;Type 1;C;3;25;1;0
2026-05-07;644;C349;Type 2;C;3;15;1;0
2026-05-07;645;C350;Type 1;C;3;15;0;1
2026-05-07;646;C351;Type 2;C;3;25;0;1
2026-05-07;647;C352;Type 2;C;3;10;1;0
2026-05-07;648;C353;Type 1;C;3;15;1;0
2026-05-07;649;C354;Type 3;C;3;20;1;0
2026-05-07;650;C355;Type 2;C;3;25;1;0
2026-05-07;651;C356;Type 3;C;3;15;1;0
2026-05-07;652;C357;Type 2;C;3;15;1;0
2026-05-07;653;C358;Type 1;C;3;15;1;0
2026-05-07;654;C359;Type 2;C;3;10;1;0
2026-05-07;655;C360;Type 1;C;3;30;1;0
2026-05-07;656;C361;Type 1;C;3;25;1;0
2026-05-07;657;C362;Type 2;C;3;20;1;0
2026-05-07;658;C363;Type 2;C;3;20;1;0
2026-05-07;659;C364;Type 1;C;3;10;1;0
2026-05-07;660;C365;Type 2;C;3;30;1;0
2026-05-07;661;C366;Type 1;C;3;20;1;0
2026-05-07;662;C367;Type 1;C;3;20;1;0
2026-05-07;663;C368;Type 1;C;3;15;1;0
2026-05-07;664;C369;Type 1;C;3;15;1;0
2026-05-07;665;C370;Type 1;C;3;25;0;1
2026-05-07;666;C371;Type 2;C;3;10;1;0
2026-05-07;667;C372;Type 4;C;3;25;0;1
2026-05-07;668;C373;Type 1;C;3;25;1;0
2026-05-07;669;C374;Type 5;C;3;25;1;0
2026-05-07;670;C375;Type 1;C;3;15;1;0
2026-05-07;671;C376;Type 3;C;3;30;1;0
2026-05-07;672;C377;Type 1;C;3;20;1;0
2026-05-07;673;C378;Type 2;C;3;25;1;0
2026-05-07;674;C379;Type 2;C;3;10;1;0
2026-05-07;675;C380;Type 1;C;3;10;0;1
2026-05-07;676;C381;Type 5;C;3;15;1;0
2026-05-07;677;C382;Type 1;C;3;20;1;0
2026-05-07;678;C383;Type 3;C;3;30;1;0
2026-05-07;679;C384;Type 2;C;3;25;1;0
2026-05-07;680;C385;Type 3;C;3;15;1;0
2026-05-07;681;C386;Type 2;C;3;15;1;0
2026-05-07;682;C387;Type 1;C;3;25;0;1
2026-05-07;683;C388;Type 3;C;3;10;1;0
2026-05-07;684;C389;Type 2;C;3;25;0;1
2026-05-07;685;C390;Type 4;C;3;20;1;0
2026-05-07;686;C391;Type 1;C;3;25;1;0
2026-05-07;687;C392;Type 2;C;3;20;1;0
2026-05-07;688;C393;Type 2;C;3;15;1;0
2026-05-07;689;C394;Type 5;C;3;20;1;0
2026-05-07;690;C395;Type 1;C;3;20;0;1
2026-05-07;691;C396;Type 3;C;3;25;0;1
2026-05-07;692;C397;Type 1;C;3;35;1;0
2026-05-07;693;C398;Type 3;C;3;15;0;1
2026-05-07;694;C399;Type 2;C;3;20;1;0
2026-05-07;695;C401;Type 2;C;4;15;1;0
2026-05-07;696;C402;Type 1;C;4;25;1;0
2026-05-07;697;C403;Type 2;C;4;15;1;0
2026-05-07;698;C404;Type 1;C;4;15;1;0
2026-05-07;699;C405;Type 1;C;4;20;1;0
2026-05-07;700;C406;Type 2;C;4;10;1;0
2026-05-07;701;C407;Type 4;C;4;15;1;0
2026-05-07;702;C408;Type 2;C;4;20;1;0
2026-05-07;703;C409;Type 4;C;4;20;1;0
2026-05-07;704;C410;Type 3;C;4;15;1;0
2026-05-07;705;C411;Type 2;C;4;10;1;0
2026-05-07;706;C412;Type 2;C;4;20;1;0
2026-05-07;707;C413;Type 1;C;4;10;1;0
2026-05-07;708;C414;Type 1;C;4;20;0;1
2026-05-07;709;C415;Type 2;C;4;10;1;0
2026-05-07;710;C416;Type 1;C;4;15;0;1
2026-05-07;711;C417;Type 1;C;4;15;1;0
2026-05-07;712;C418;Type 1;C;4;20;1;0
2026-05-07;713;C419;Type 2;C;4;15;1;0
2026-05-07;714;C420;Type 2;C;4;15;1;0
2026-05-07;715;C421;Type 1;C;4;25;0;1
2026-05-07;716;C422;Type 1;C;4;25;1;0
2026-05-07;717;C423;Type 2;C;4;15;0;1
2026-05-07;718;C424;Type 2;C;4;15;1;0
2026-05-07;719;C425;Type 2;C;4;15;0;1
2026-05-07;720;C426;Type 3;C;4;15;1;0
2026-05-07;721;C427;Type 2;C;4;10;1;0
2026-05-07;722;C428;Type 3;C;4;35;1;0
2026-05-07;723;C429;Type 3;C;4;15;0;1
2026-05-07;724;C430;Type 2;C;4;10;1;0
2026-05-07;725;C431;Type 2;C;4;10;1;0
2026-05-07;726;C432;Type 2;C;4;25;1;0
2026-05-07;727;C433;Type 2;C;4;20;1;0
2026-05-07;728;C434;Type 1;C;4;25;1;0
2026-05-07;729;C435;Type 1;C;4;20;0;1
2026-05-07;730;C436;Type 2;C;4;20;1;0
2026-05-07;731;C437;Type 2;C;4;15;1;0
2026-05-07;732;C438;Type 3;C;4;15;1;0
2026-05-07;733;C439;Type 2;C;4;10;0;1
2026-05-07;734;C440;Type 2;C;4;10;1;0
2026-05-07;735;C441;Type 1;C;4;10;1;0
2026-05-07;736;C442;Type 1;C;4;20;1;0
2026-05-07;737;C443;Type 1;C;4;20;1;0
2026-05-07;738;C444;Type 3;C;4;25;0;1
2026-05-07;739;C445;Type 1;C;4;15;0;1
2026-05-07;740;C446;Type 2;C;4;15;1;0
2026-05-07;741;C447;Type 2;C;4;15;1;0
2026-05-07;742;C448;Type 1;C;4;20;1;0
2026-05-07;743;C449;Type 1;C;4;20;1;0
2026-05-07;744;C450;Type 2;C;4;40;0;1
2026-05-07;745;C451;Type 1;C;4;25;1;0
2026-05-07;746;C452;Type 2;C;4;25;0;1
2026-05-07;747;C453;Type 2;C;4;15;1;0
2026-05-07;748;C454;Type 1;C;4;10;1;0
2026-05-07;749;C455;Type 1;C;4;20;1;0
2026-05-07;750;C456;Type 2;C;4;25;1;0
2026-05-07;751;C457;Type 4;C;4;10;1;0
2026-05-07;752;C458;Type 1;C;4;20;1;0
2026-05-07;753;C459;Type 1;C;4;25;1;0
2026-05-07;754;C460;Type 1;C;4;15;1;0
2026-05-07;755;C461;Type 3;C;4;15;1;0
2026-05-07;756;C462;Type 1;C;4;20;1;0
2026-05-07;757;C463;Type 1;C;4;20;1;0
2026-05-07;758;C464;Type 4;C;4;25;1;0
2026-05-07;759;C465;Type 1;C;4;10;1;0
2026-05-07;760;C466;Type 3;C;4;15;0;1
2026-05-07;761;C467;Type 1;C;4;25;1;0
2026-05-07;762;C468;Type 1;C;4;10;1;0
2026-05-07;763;C469;Type 1;C;4;15;1;0
2026-05-07;764;C470;Type 2;C;4;30;1;0
2026-05-07;765;C471;Type 2;C;4;10;1;0
2026-05-07;766;C472;Type 2;C;4;30;1;0
2026-05-07;767;C473;Type 1;C;4;20;0;1
2026-05-07;768;C474;Type 1;C;4;20;1;0
2026-05-07;769;C475;Type 2;C;4;10;1;0
2026-05-07;770;C476;Type 3;C;4;20;1;0
2026-05-07;771;C477;Type 1;C;4;15;1;0
2026-05-07;772;C478;Type 2;C;4;25;1;0
2026-05-07;773;C479;Type 2;C;4;10;1;0
2026-05-07;774;C480;Type 2;C;4;25;1;0
2026-05-07;775;C481;Type 1;C;4;20;1;0
2026-05-07;776;C482;Type 3;C;4;15;1;0
2026-05-07;777;C483;Type 1;C;4;30;1;0
2026-05-07;778;C484;Type 2;C;4;20;1;0
2026-05-07;779;C485;Type 2;C;4;30;0;1
2026-05-07;780;C486;Type 4;C;4;35;1;0
2026-05-07;781;C487;Type 2;C;4;25;1;0
2026-05-07;782;C488;Type 1;C;4;30;0;1
2026-05-07;783;C489;Type 2;C;4;20;1;0
2026-05-07;784;C490;Type 3;C;4;10;1;0
2026-05-07;785;C491;Type 1;C;4;20;1;0
2026-05-07;786;C492;Type 1;C;4;15;1;0
2026-05-08;0;A001;Type 3;A;0;10;1;0
2026-05-08;1;A002;Type 2;A;0;10;0;1
2026-05-08;2;A003;Type 3;A;0;10;1;0
2026-05-08;3;A004;Type 4;A;0;15;1;0
2026-05-08;4;A005;Type 1;A;0;10;1;0
2026-05-08;5;A006;Type 2;A;0;10;1;0
2026-05-08;6;A007;Type 2;A;0;10;1;0
2026-05-08;7;A008;Type 2;A;0;15;1;0
2026-05-08;8;A009;Type 2;A;0;25;0;1
2026-05-08;9;A010;Type 2;A;0;10;1;0
2026-05-08;10;A101;Type 2;A;1;10;1;0
2026-05-08;11;A102;Type 3;A;1;25;1;0
2026-05-08;12;A103;Type 4;A;1;15;0;1
2026-05-08;13;A104;Type 3;A;1;15;1;0
2026-05-08;14;A105;Type 2;A;1;15;1;0
2026-05-08;15;A106;Type 3;A;1;10;1;0
2026-05-08;16;A107;Type 2;A;1;10;1;0
2026-05-08;17;A108;Type 2;A;1;20;1;0
2026-05-08;18;A109;Type 2;A;1;10;1;0
2026-05-08;19;A110;Type 1;A;1;10;0;1
2026-05-08;20;A111;Type 1;A;1;15;1;0
2026-05-08;21;A112;Type 2;A;1;15;1;0
2026-05-08;22;A113;Type 3;A;1;10;0;1
2026-05-08;23;A114;Type 1;A;1;10;1;0
2026-05-08;24;A115;Type 2;A;1;15;1;0
2026-05-08;25;A116;Type 1;A;1;20;1;0
2026-05-08;26;A117;Type 1;A;1;10;1;0
2026-05-08;27;A118;Type 2;A;1;10;1;0
2026-05-08;28;A119;Type 1;A;1;10;0;1
2026-05-08;29;A120;Type 3;A;1;10;1;0
2026-05-08;30;A121;Type 3;A;1;15;1;0
2026-05-08;31;A122;Type 1;A;1;10;1;0
2026-05-08;32;A123;Type 2;A;1;10;1;0
2026-05-08;33;A124;Type 3;A;1;10;1;0
2026-05-08;34;A125;Type 3;A;1;10;0;1
2026-05-08;35;A126;Type 1;A;1;15;1;0
2026-05-08;36;A127;Type 2;A;1;20;1;0
2026-05-08;37;A128;Type 2;A;1;20;0;1
2026-05-08;38;A129;Type 2;A;1;10;1;0
2026-05-08;39;A130;Type 1;A;1;15;1;0
2026-05-08;40;A131;Type 4;A;1;15;1;0
2026-05-08;41;A132;Type 3;A;1;25;0;1
2026-05-08;42;A133;Type 1;A;1;10;1;0
2026-05-08;43;A134;Type 1;A;1;10;1;0
2026-05-08;44;A135;Type 1;A;1;15;1;0
2026-05-08;45;A136;Type 3;A;1;10;1;0
2026-05-08;46;A137;Type 4;A;1;20;0;1
2026-05-08;47;A138;Type 1;A;1;10;1;0
2026-05-08;48;A139;Type 1;A;1;30;1;0
2026-05-08;49;A140;Type 1;A;1;10;1;0
2026-05-08;50;A141;Type 1;A;1;25;1;0
2026-05-08;51;A142;Type 4;A;1;15;1;0
2026-05-08;52;A143;Type 3;A;1;10;1;0
2026-05-08;53;A144;Type 1;A;1;25;1;0
2026-05-08;54;A145;Type 3;A;1;20;1;0
2026-05-08;55;A146;Type 1;A;1;20;0;1
2026-05-08;56;A147;Type 2;A;1;15;1;0
2026-05-08;57;A148;Type 3;A;1;20;1;0
2026-05-08;58;A149;Type 1;A;1;10;0;1
2026-05-08;59;A150;Type 2;A;1;15;1;0
2026-05-08;60;A201;Type 1;A;2;20;1;0
2026-05-08;61;A202;Type 2;A;2;15;0;1
2026-05-08;62;A203;Type 3;A;2;10;0;1
2026-05-08;63;A204;Type 1;A;2;20;1;0
2026-05-08;64;A205;Type 1;A;2;10;0;1
2026-05-08;65;A206;Type 2;A;2;15;1;0
2026-05-08;66;A207;Type 2;A;2;10;1;0
2026-05-08;67;A208;Type 1;A;2;10;1;0
2026-05-08;68;A209;Type 1;A;2;10;1;0
2026-05-08;69;A210;Type 3;A;2;20;1;0
2026-05-08;70;A211;Type 1;A;2;20;0;1
2026-05-08;71;A212;Type 1;A;2;25;1;0
2026-05-08;72;A213;Type 1;A;2;10;1;0
2026-05-08;73;A214;Type 2;A;2;10;0;1
2026-05-08;74;A215;Type 2;A;2;15;1;0
2026-05-08;75;A216;Type 3;A;2;15;1;0
2026-05-08;76;A217;Type 2;A;2;10;1;0
2026-05-08;77;A218;Type 1;A;2;15;1;0
2026-05-08;78;A219;Type 1;A;2;20;1;0
2026-05-08;79;A220;Type 2;A;2;20;1;0
2026-05-08;80;A221;Type 4;A;2;10;1;0
2026-05-08;81;A222;Type 3;A;2;10;1;0
2026-05-08;82;A223;Type 2;A;2;10;1;0
2026-05-08;83;A224;Type 2;A;2;25;0;1
2026-05-08;84;A225;Type 2;A;2;10;1;0
2026-05-08;85;A226;Type 2;A;2;15;1;0
2026-05-08;86;A227;Type 1;A;2;10;1;0
2026-05-08;87;A228;Type 1;A;2;10;1;0
2026-05-08;88;A229;Type 3;A;2;10;1;0
2026-05-08;89;A230;Type 1;A;2;15;0;1
2026-05-08;90;A231;Type 2;A;2;10;1;0
2026-05-08;91;A232;Type 1;A;2;10;0;1
2026-05-08;92;A233;Type 2;A;2;15;0;1
2026-05-08;93;A234;Type 1;A;2;15;0;1
2026-05-08;94;A235;Type 1;A;2;15;1;0
2026-05-08;95;A236;Type 2;A;2;10;1;0
2026-05-08;96;A237;Type 3;A;2;10;1;0
2026-05-08;97;A238;Type 3;A;2;20;1;0
2026-05-08;98;A239;Type 4;A;2;20;1;0
2026-05-08;99;A240;Type 2;A;2;10;1;0
2026-05-08;100;B001;Type 1;B;0;15;1;0
2026-05-08;101;B002;Type 1;B;0;15;0;1
2026-05-08;102;B003;Type 2;B;0;10;1;0
2026-05-08;103;B004;Type 2;B;0;15;1;0
2026-05-08;104;B005;Type 3;B;0;30;1;0
2026-05-08;105;B006;Type 3;B;0;25;1;0
2026-05-08;106;B007;Type 2;B;0;15;1;0
2026-05-08;107;B008;Type 3;B;0;25;1;0
2026-05-08;108;B009;Type 4;B;0;50;1;0
2026-05-08;109;B010;Type 2;B;0;20;1;0
2026-05-08;110;B011;Type 1;B;0;25;1;0
2026-05-08;111;B012;Type 2;B;0;20;1;0
2026-05-08;112;B013;Type 1;B;0;20;1;0
2026-05-08;113;B014;Type 2;B;0;25;0;1
2026-05-08;114;B015;Type 2;B;0;30;1;0
2026-05-08;115;B016;Type 3;B;0;30;1;0
2026-05-08;116;B017;Type 1;B;0;15;0;1
2026-05-08;117;B018;Type 1;B;0;10;1;0
2026-05-08;118;B019;Type 4;B;0;20;1;0
2026-05-08;119;B020;Type 1;B;0;20;1;0
2026-05-08;120;B101;Type 1;B;1;25;1;0
2026-05-08;121;B102;Type 1;B;1;20;1;0
2026-05-08;122;B103;Type 2;B;1;15;1;0
2026-05-08;123;B104;Type 3;B;1;15;1;0
2026-05-08;124;B105;Type 1;B;1;25;1;0
2026-05-08;125;B106;Type 1;B;1;25;0;1
2026-05-08;126;B107;Type 4;B;1;20;1;0
2026-05-08;127;B108;Type 2;B;1;15;1;0
2026-05-08;128;B109;Type 2;B;1;20;1;0
2026-05-08;129;B110;Type 1;B;1;15;1;0
2026-05-08;130;B111;Type 2;B;1;15;1;0
2026-05-08;131;B112;Type 1;B;1;30;1;0
2026-05-08;132;B113;Type 1;B;1;20;1;0
2026-05-08;133;B114;Type 3;B;1;10;0;1
2026-05-08;134;B115;Type 3;B;1;20;1;0
2026-05-08;135;B116;Type 1;B;1;20;1;0
2026-05-08;136;B117;Type 5;B;1;20;1;0
2026-05-08;137;B118;Type 2;B;1;25;1;0
2026-05-08;138;B119;Type 1;B;1;15;1;0
2026-05-08;139;B120;Type 1;B;1;20;1;0
2026-05-08;140;B121;Type 1;B;1;10;1;0
2026-05-08;141;B122;Type 2;B;1;20;1;0
2026-05-08;142;B123;Type 1;B;1;25;1;0
2026-05-08;143;B124;Type 2;B;1;30;1;0
2026-05-08;144;B125;Type 2;B;1;20;1;0
2026-05-08;145;B126;Type 1;B;1;20;1;0
2026-05-08;146;B127;Type 1;B;1;15;0;1
2026-05-08;147;B128;Type 4;B;1;25;0;1
2026-05-08;148;B129;Type 1;B;1;15;1;0
2026-05-08;149;B130;Type 2;B;1;25;1;0
2026-05-08;150;B131;Type 1;B;1;30;1;0
2026-05-08;151;B132;Type 2;B;1;20;1;0
2026-05-08;152;B133;Type 1;B;1;35;1;0
2026-05-08;153;B134;Type 2;B;1;20;1;0
2026-05-08;154;B135;Type 1;B;1;15;1;0
2026-05-08;155;B136;Type 2;B;1;10;1;0
2026-05-08;156;B137;Type 2;B;1;20;1;0
2026-05-08;157;B138;Type 3;B;1;25;1;0
2026-05-08;158;B139;Type 3;B;1;15;1;0
2026-05-08;159;B140;Type 4;B;1;20;1;0
2026-05-08;160;B141;Type 1;B;1;25;1;0
2026-05-08;161;B142;Type 3;B;1;20;1;0
2026-05-08;162;B143;Type 3;B;1;25;0;1
2026-05-08;163;B144;Type 3;B;1;10;1;0
2026-05-08;164;B145;Type 2;B;1;20;1;0
2026-05-08;165;B146;Type 1;B;1;15;1;0
2026-05-08;166;B147;Type 3;B;1;15;1;0
2026-05-08;167;B148;Type 1;B;1;30;1;0
2026-05-08;168;B149;Type 2;B;1;15;1;0
2026-05-08;169;B150;Type 4;B;1;20;1;0
2026-05-08;170;B151;Type 5;B;1;20;1;0
2026-05-08;171;B152;Type 3;B;1;25;1;0
2026-05-08;172;B153;Type 2;B;1;30;1;0
2026-05-08;173;B154;Type 1;B;1;35;1;0
2026-05-08;174;B155;Type 3;B;1;45;1;0
2026-05-08;175;B156;Type 2;B;1;20;1;0
2026-05-08;176;B157;Type 1;B;1;20;1;0
2026-05-08;177;B158;Type 4;B;1;40;1;0
2026-05-08;178;B159;Type 1;B;1;25;0;1
2026-05-08;179;B160;Type 3;B;1;20;1;0
2026-05-08;180;B161;Type 2;B;1;20;1;0
2026-05-08;181;B162;Type 1;B;1;25;1;0
2026-05-08;182;B163;Type 2;B;1;20;1;0
2026-05-08;183;B164;Type 1;B;1;35;1;0
2026-05-08;184;B165;Type 3;B;1;10;1;0
2026-05-08;185;B166;Type 1;B;1;30;1;0
2026-05-08;186;B167;Type 2;B;1;20;1;0
2026-05-08;187;B168;Type 3;B;1;30;1;0
2026-05-08;188;B169;Type 3;B;1;25;1;0
2026-05-08;189;B170;Type 1;B;1;20;0;1
2026-05-08;190;B171;Type 2;B;1;20;1;0
2026-05-08;191;B172;Type 2;B;1;20;1;0
2026-05-08;192;B173;Type 1;B;1;10;1;0
2026-05-08;193;B174;Type 1;B;1;20;1;0
2026-05-08;194;B175;Type 1;B;1;15;1;0
2026-05-08;195;B176;Type 1;B;1;25;1;0
2026-05-08;196;B177;Type 1;B;1;10;1;0
2026-05-08;197;B178;Type 1;B;1;25;1;0
2026-05-08;198;B179;Type 1;B;1;15;1;0
2026-05-08;199;B180;Type 3;B;1;20;1;0
2026-05-08;200;B201;Type 4;B;2;15;1;0
2026-05-08;201;B202;Type 1;B;2;30;1;0
2026-05-08;202;B203;Type 1;B;2;15;1;0
2026-05-08;203;B204;Type 1;B;2;15;1;0
2026-05-08;204;B205;Type 2;B;2;25;1;0
2026-05-08;205;B206;Type 2;B;2;25;1;0
2026-05-08;206;B207;Type 2;B;2;15;1;0
2026-05-08;207;B208;Type 1;B;2;10;1;0
2026-05-08;208;B209;Type 1;B;2;25;1;0
2026-05-08;209;B210;Type 4;B;2;25;0;1
2026-05-08;210;B211;Type 3;B;2;15;1;0
2026-05-08;211;B212;Type 4;B;2;20;0;1
2026-05-08;212;B213;Type 5;B;2;25;0;1
2026-05-08;213;B214;Type 1;B;2;15;1;0
2026-05-08;214;B215;Type 1;B;2;25;1;0
2026-05-08;215;B216;Type 1;B;2;20;1;0
2026-05-08;216;B217;Type 3;B;2;25;1;0
2026-05-08;217;B218;Type 2;B;2;20;1;0
2026-05-08;218;B219;Type 3;B;2;10;1;0
2026-05-08;219;B220;Type 3;B;2;25;1;0
2026-05-08;220;B221;Type 2;B;2;20;1;0
2026-05-08;221;B222;Type 3;B;2;25;1;0
2026-05-08;222;B223;Type 4;B;2;30;1;0
2026-05-08;223;B224;Type 3;B;2;15;1;0
2026-05-08;224;B225;Type 1;B;2;20;1;0
2026-05-08;225;B226;Type 1;B;2;15;1;0
2026-05-08;226;B227;Type 1;B;2;20;1;0
2026-05-08;227;B228;Type 3;B;2;10;1;0
2026-05-08;228;B229;Type 2;B;2;25;1;0
2026-05-08;229;B230;Type 3;B;2;15;1;0
2026-05-08;230;B231;Type 1;B;2;20;1;0
2026-05-08;231;B232;Type 2;B;2;25;1;0
2026-05-08;232;B233;Type 2;B;2;25;1;0
2026-05-08;233;B234;Type 3;B;2;10;0;1
2026-05-08;234;B235;Type 3;B;2;15;1;0
2026-05-08;235;B236;Type 3;B;2;20;1;0
2026-05-08;236;B237;Type 1;B;2;15;1;0
2026-05-08;237;B238;Type 1;B;2;25;0;1
2026-05-08;238;B239;Type 2;B;2;25;1;0
2026-05-08;239;B240;Type 1;B;2;15;1;0
2026-05-08;240;B241;Type 1;B;2;20;0;1
2026-05-08;241;B242;Type 2;B;2;10;1;0
2026-05-08;242;B243;Type 1;B;2;20;1;0
2026-05-08;243;B244;Type 5;B;2;20;1;0
2026-05-08;244;B245;Type 3;B;2;35;1;0
2026-05-08;245;B246;Type 3;B;2;55;1;0
2026-05-08;246;B247;Type 2;B;2;10;1;0
2026-05-08;247;B248;Type 1;B;2;15;1;0
2026-05-08;248;B249;Type 1;B;2;20;1;0
2026-05-08;249;B250;Type 2;B;2;15;1;0
2026-05-08;250;B251;Type 3;B;2;25;1;0
2026-05-08;251;B252;Type 4;B;2;10;1;0
2026-05-08;252;B253;Type 1;B;2;20;0;1
2026-05-08;253;B254;Type 1;B;2;20;0;1
2026-05-08;254;B255;Type 2;B;2;20;1;0
2026-05-08;255;B256;Type 5;B;2;25;1;0
2026-05-08;256;B257;Type 3;B;2;10;1;0
2026-05-08;257;B258;Type 2;B;2;20;1;0
2026-05-08;258;B259;Type 2;B;2;30;1;0
2026-05-08;259;B260;Type 1;B;2;25;1;0
2026-05-08;260;B261;Type 2;B;2;15;1;0
2026-05-08;261;B262;Type 1;B;2;20;1;0
2026-05-08;262;B263;Type 2;B;2;15;1;0
2026-05-08;263;B264;Type 2;B;2;25;1;0
2026-05-08;264;B265;Type 2;B;2;20;0;1
2026-05-08;265;B266;Type 2;B;2;20;0;1
2026-05-08;266;B267;Type 3;B;2;15;1;0
2026-05-08;267;B268;Type 2;B;2;15;1;0
2026-05-08;268;B269;Type 1;B;2;20;1;0
2026-05-08;269;B270;Type 2;B;2;20;1;0
2026-05-08;270;B271;Type 1;B;2;10;1;0
2026-05-08;271;B272;Type 1;B;2;15;1;0
2026-05-08;272;B273;Type 1;B;2;30;1;0
2026-05-08;273;B274;Type 1;B;2;15;0;1
2026-05-08;274;B275;Type 3;B;2;25;1;0
2026-05-08;275;B276;Type 2;B;2;25;1;0
2026-05-08;276;B277;Type 3;B;2;20;1;0
2026-05-08;277;B278;Type 3;B;2;25;1;0
2026-05-08;278;B279;Type 1;B;2;15;1;0
2026-05-08;279;B280;Type 1;B;2;35;1;0
2026-05-08;280;B281;Type 3;B;2;25;0;1
2026-05-08;281;B282;Type 2;B;2;10;0;1
2026-05-08;282;B283;Type 2;B;2;20;1;0
2026-05-08;283;B284;Type 3;B;2;15;1;0
2026-05-08;284;B285;Type 3;B;2;15;0;1
2026-05-08;285;B286;Type 2;B;2;25;1;0
2026-05-08;286;B287;Type 2;B;2;15;1;0
2026-05-08;287;B288;Type 2;B;2;15;1;0
2026-05-08;288;B289;Type 2;B;2;25;1;0
2026-05-08;289;B290;Type 4;B;2;15;0;1
2026-05-08;290;B291;Type 1;B;2;15;1;0
2026-05-08;291;B292;Type 3;B;2;35;1;0
2026-05-08;292;B293;Type 2;B;2;15;1;0
2026-05-08;293;B294;Type 1;B;2;20;1;0
2026-05-08;294;B295;Type 2;B;2;10;1;0
2026-05-08;295;B296;Type 3;B;2;20;0;1
2026-05-08;296;B297;Type 2;B;2;45;1;0
2026-05-08;297;B298;Type 1;B;2;15;1;0
2026-05-08;298;B299;Type 1;B;2;20;1;0
2026-05-08;299;B301;Type 3;B;3;10;1;0
2026-05-08;300;B302;Type 3;B;3;25;1;0
2026-05-08;301;B303;Type 3;B;3;20;0;1
2026-05-08;302;B304;Type 2;B;3;20;1;0
2026-05-08;303;B305;Type 2;B;3;20;1;0
2026-05-08;304;B306;Type 3;B;3;30;1;0
2026-05-08;305;B307;Type 1;B;3;20;1;0
2026-05-08;306;B308;Type 1;B;3;20;0;1
2026-05-08;307;B309;Type 4;B;3;20;0;1
2026-05-08;308;B310;Type 2;B;3;35;1;0
2026-05-08;309;B311;Type 2;B;3;15;0;1
2026-05-08;310;B312;Type 3;B;3;25;1;0
2026-05-08;311;B313;Type 1;B;3;15;1;0
2026-05-08;312;B314;Type 2;B;3;10;0;1
2026-05-08;313;B315;Type 1;B;3;10;1;0
2026-05-08;314;B316;Type 1;B;3;40;1;0
2026-05-08;315;B317;Type 3;B;3;25;1;0
2026-05-08;316;B318;Type 2;B;3;20;1;0
2026-05-08;317;B319;Type 2;B;3;10;0;1
2026-05-08;318;B320;Type 1;B;3;15;1;0
2026-05-08;319;B321;Type 5;B;3;20;1;0
2026-05-08;320;B322;Type 1;B;3;30;0;1
2026-05-08;321;B323;Type 2;B;3;30;1;0
2026-05-08;322;B324;Type 2;B;3;25;1;0
2026-05-08;323;B325;Type 1;B;3;10;1;0
2026-05-08;324;B326;Type 1;B;3;25;1;0
2026-05-08;325;B327;Type 4;B;3;25;1;0
2026-05-08;326;B328;Type 2;B;3;15;1;0
2026-05-08;327;B329;Type 3;B;3;15;0;1
2026-05-08;328;B330;Type 1;B;3;15;1;0
2026-05-08;329;B331;Type 1;B;3;30;1;0
2026-05-08;330;B332;Type 1;B;3;25;0;1
2026-05-08;331;B333;Type 3;B;3;20;1;0
2026-05-08;332;B334;Type 2;B;3;25;0;1
2026-05-08;333;B335;Type 2;B;3;20;1;0
2026-05-08;334;B336;Type 2;B;3;30;1;0
2026-05-08;335;B337;Type 2;B;3;20;1;0
2026-05-08;336;B338;Type 1;B;3;15;1;0
2026-05-08;337;B339;Type 2;B;3;20;1;0
2026-05-08;338;B340;Type 1;B;3;20;1;0
2026-05-08;339;B341;Type 2;B;3;30;0;1
2026-05-08;340;B342;Type 2;B;3;15;1;0
2026-05-08;341;B343;Type 2;B;3;15;1;0
2026-05-08;342;B344;Type 2;B;3;10;0;1
2026-05-08;343;B345;Type 1;B;3;20;1;0
2026-05-08;344;B346;Type 3;B;3;15;1;0
2026-05-08;345;B347;Type 2;B;3;10;1;0
2026-05-08;346;B348;Type 1;B;3;15;0;1
2026-05-08;347;B349;Type 2;B;3;15;1;0
2026-05-08;348;B350;Type 1;B;3;20;1;0
2026-05-08;349;B351;Type 1;B;3;10;1;0
2026-05-08;350;B352;Type 2;B;3;20;1;0
2026-05-08;351;B353;Type 3;B;3;15;1;0
2026-05-08;352;B354;Type 2;B;3;20;1;0
2026-05-08;353;B355;Type 2;B;3;10;0;1
2026-05-08;354;B356;Type 2;B;3;30;1;0
2026-05-08;355;B357;Type 2;B;3;15;0;1
2026-05-08;356;B358;Type 2;B;3;15;1;0
2026-05-08;357;B359;Type 1;B;3;10;1;0
2026-05-08;358;B360;Type 1;B;3;10;1;0
2026-05-08;359;B361;Type 1;B;3;25;1;0
2026-05-08;360;B362;Type 1;B;3;20;0;1
2026-05-08;361;B363;Type 5;B;3;20;1;0
2026-05-08;362;B364;Type 2;B;3;35;0;1
2026-05-08;363;B365;Type 2;B;3;20;1;0
2026-05-08;364;B366;Type 1;B;3;15;0;1
2026-05-08;365;B367;Type 2;B;3;15;1;0
2026-05-08;366;B368;Type 5;B;3;20;1;0
2026-05-08;367;B369;Type 2;B;3;15;0;1
2026-05-08;368;B370;Type 1;B;3;20;1;0
2026-05-08;369;B371;Type 2;B;3;15;1;0
2026-05-08;370;B372;Type 2;B;3;20;1;0
2026-05-08;371;B373;Type 3;B;3;15;1;0
2026-05-08;372;B374;Type 2;B;3;15;1;0
2026-05-08;373;B375;Type 3;B;3;15;1;0
2026-05-08;374;B376;Type 2;B;3;15;1;0
2026-05-08;375;B377;Type 1;B;3;20;1;0
2026-05-08;376;B378;Type 1;B;3;20;1;0
2026-05-08;377;B379;Type 2;B;3;15;0;1
2026-05-08;378;B380;Type 1;B;3;25;1;0
2026-05-08;379;B381;Type 2;B;3;25;0;1
2026-05-08;380;B382;Type 2;B;3;25;1;0
2026-05-08;381;B383;Type 1;B;3;35;1;0
2026-05-08;382;B384;Type 1;B;3;15;1;0
2026-05-08;383;B385;Type 1;B;3;20;1;0
2026-05-08;384;B386;Type 1;B;3;20;0;1
2026-05-08;385;B387;Type 2;B;3;15;1;0
2026-05-08;386;B388;Type 3;B;3;25;1;0
2026-05-08;387;B389;Type 3;B;3;20;1;0
2026-05-08;388;B390;Type 1;B;3;25;1;0
2026-05-08;389;B391;Type 2;B;3;25;1;0
2026-05-08;390;B392;Type 1;B;3;25;1;0
2026-05-08;391;B393;Type 2;B;3;20;1;0
2026-05-08;392;B394;Type 3;B;3;15;0;1
2026-05-08;393;B395;Type 1;B;3;35;1;0
2026-05-08;394;B396;Type 1;B;3;15;1;0
2026-05-08;395;B397;Type 4;B;3;10;1;0
2026-05-08;396;B398;Type 1;B;3;25;1;0
2026-05-08;397;C001;Type 2;C;0;15;1;0
2026-05-08;398;C002;Type 1;C;0;15;0;1
2026-05-08;399;C003;Type 2;C;0;15;0;1
2026-05-08;400;C004;Type 1;C;0;40;1;0
2026-05-08;401;C005;Type 2;C;0;20;1;0
2026-05-08;402;C006;Type 1;C;0;15;1;0
2026-05-08;403;C007;Type 2;C;0;15;1;0
2026-05-08;404;C008;Type 3;C;0;20;1;0
2026-05-08;405;C009;Type 2;C;0;20;1;0
2026-05-08;406;C010;Type 1;C;0;20;1;0
2026-05-08;407;C011;Type 1;C;0;25;1;0
2026-05-08;408;C012;Type 3;C;0;20;0;1
2026-05-08;409;C013;Type 1;C;0;10;1;0
2026-05-08;410;C014;Type 3;C;0;10;1;0
2026-05-08;411;C015;Type 1;C;0;20;1;0
2026-05-08;412;C016;Type 4;C;0;10;1;0
2026-05-08;413;C017;Type 2;C;0;10;1;0
2026-05-08;414;C018;Type 2;C;0;25;1;0
2026-05-08;415;C019;Type 1;C;0;20;0;1
2026-05-08;416;C020;Type 2;C;0;25;0;1
2026-05-08;417;C101;Type 2;C;1;20;0;1
2026-05-08;418;C102;Type 2;C;1;30;1;0
2026-05-08;419;C103;Type 3;C;1;15;1;0
2026-05-08;420;C104;Type 2;C;1;20;1;0
2026-05-08;421;C105;Type 2;C;1;15;1;0
2026-05-08;422;C106;Type 2;C;1;20;1;0
2026-05-08;423;C107;Type 2;C;1;20;1;0
2026-05-08;424;C108;Type 4;C;1;20;1;0
2026-05-08;425;C109;Type 2;C;1;25;1;0
2026-05-08;426;C110;Type 2;C;1;40;1;0
2026-05-08;427;C111;Type 3;C;1;20;1;0
2026-05-08;428;C112;Type 1;C;1;15;0;1
2026-05-08;429;C113;Type 1;C;1;20;1;0
2026-05-08;430;C114;Type 1;C;1;25;1;0
2026-05-08;431;C115;Type 2;C;1;15;1;0
2026-05-08;432;C116;Type 1;C;1;10;1;0
2026-05-08;433;C117;Type 1;C;1;10;1;0
2026-05-08;434;C118;Type 1;C;1;10;1;0
2026-05-08;435;C119;Type 3;C;1;15;1;0
2026-05-08;436;C120;Type 4;C;1;30;1;0
2026-05-08;437;C121;Type 2;C;1;15;0;1
2026-05-08;438;C122;Type 3;C;1;25;0;1
2026-05-08;439;C123;Type 3;C;1;25;1;0
2026-05-08;440;C124;Type 1;C;1;20;1;0
2026-05-08;441;C125;Type 1;C;1;20;1;0
2026-05-08;442;C126;Type 3;C;1;10;1;0
2026-05-08;443;C127;Type 1;C;1;20;1;0
2026-05-08;444;C128;Type 3;C;1;15;1;0
2026-05-08;445;C129;Type 2;C;1;20;0;1
2026-05-08;446;C130;Type 1;C;1;15;1;0
2026-05-08;447;C131;Type 3;C;1;30;0;1
2026-05-08;448;C132;Type 2;C;1;15;1;0
2026-05-08;449;C133;Type 3;C;1;25;1;0
2026-05-08;450;C134;Type 1;C;1;15;1;0
2026-05-08;451;C135;Type 2;C;1;25;1;0
2026-05-08;452;C136;Type 1;C;1;20;1;0
2026-05-08;453;C137;Type 3;C;1;25;0;1
2026-05-08;454;C138;Type 3;C;1;10;0;1
2026-05-08;455;C139;Type 2;C;1;25;1;0
2026-05-08;456;C140;Type 2;C;1;25;1;0
2026-05-08;457;C141;Type 2;C;1;10;1;0
2026-05-08;458;C142;Type 1;C;1;15;1;0
2026-05-08;459;C143;Type 1;C;1;25;0;1
2026-05-08;460;C144;Type 2;C;1;20;1;0
2026-05-08;461;C145;Type 1;C;1;30;1;0
2026-05-08;462;C146;Type 2;C;1;25;0;1
2026-05-08;463;C147;Type 3;C;1;15;0;1
2026-05-08;464;C148;Type 3;C;1;15;1;0
2026-05-08;465;C149;Type 1;C;1;30;1;0
2026-05-08;466;C150;Type 2;C;1;15;1;0
2026-05-08;467;C151;Type 2;C;1;20;1;0
2026-05-08;468;C152;Type 1;C;1;25;0;1
2026-05-08;469;C153;Type 1;C;1;25;1;0
2026-05-08;470;C154;Type 1;C;1;20;1;0
2026-05-08;471;C155;Type 1;C;1;25;1;0
2026-05-08;472;C156;Type 1;C;1;20;1;0
2026-05-08;473;C157;Type 2;C;1;35;1;0
2026-05-08;474;C158;Type 1;C;1;25;0;1
2026-05-08;475;C159;Type 2;C;1;25;1;0
2026-05-08;476;C160;Type 1;C;1;10;1;0
2026-05-08;477;C161;Type 1;C;1;20;1;0
2026-05-08;478;C162;Type 3;C;1;25;1;0
2026-05-08;479;C163;Type 2;C;1;15;0;1
2026-05-08;480;C164;Type 2;C;1;15;1;0
2026-05-08;481;C165;Type 1;C;1;40;1;0
2026-05-08;482;C166;Type 4;C;1;15;1;0
2026-05-08;483;C167;Type 2;C;1;25;1;0
2026-05-08;484;C168;Type 1;C;1;35;0;1
2026-05-08;485;C169;Type 3;C;1;20;1;0
2026-05-08;486;C170;Type 2;C;1;20;1;0
2026-05-08;487;C171;Type 3;C;1;30;1;0
2026-05-08;488;C172;Type 2;C;1;15;1;0
2026-05-08;489;C173;Type 1;C;1;20;0;1
2026-05-08;490;C174;Type 1;C;1;25;1;0
2026-05-08;491;C175;Type 1;C;1;20;0;1
2026-05-08;492;C176;Type 2;C;1;15;1;0
2026-05-08;493;C177;Type 5;C;1;25;1;0
2026-05-08;494;C178;Type 1;C;1;20;1;0
2026-05-08;495;C179;Type 2;C;1;30;1;0
2026-05-08;496;C180;Type 1;C;1;25;1;0
2026-05-08;497;C201;Type 1;C;2;20;0;1
2026-05-08;498;C202;Type 3;C;2;20;1;0
2026-05-08;499;C203;Type 3;C;2;20;0;1
2026-05-08;500;C204;Type 1;C;2;15;1;0
2026-05-08;501;C205;Type 2;C;2;20;1;0
2026-05-08;502;C206;Type 2;C;2;25;1;0
2026-05-08;503;C207;Type 3;C;2;25;1;0
2026-05-08;504;C208;Type 1;C;2;25;1;0
2026-05-08;505;C209;Type 1;C;2;20;1;0
2026-05-08;506;C210;Type 1;C;2;15;0;1
2026-05-08;507;C211;Type 5;C;2;35;1;0
2026-05-08;508;C212;Type 2;C;2;15;1;0
2026-05-08;509;C213;Type 4;C;2;20;1;0
2026-05-08;510;C214;Type 1;C;2;25;1;0
2026-05-08;511;C215;Type 2;C;2;15;0;1
2026-05-08;512;C216;Type 2;C;2;30;1;0
2026-05-08;513;C217;Type 2;C;2;10;1;0
2026-05-08;514;C218;Type 3;C;2;25;1;0
2026-05-08;515;C219;Type 1;C;2;10;1;0
2026-05-08;516;C220;Type 1;C;2;15;1;0
2026-05-08;517;C221;Type 3;C;2;25;1;0
2026-05-08;518;C222;Type 5;C;2;20;0;1
2026-05-08;519;C223;Type 1;C;2;20;1;0
2026-05-08;520;C224;Type 2;C;2;20;1;0
2026-05-08;521;C225;Type 2;C;2;25;1;0
2026-05-08;522;C226;Type 1;C;2;10;0;1
2026-05-08;523;C227;Type 1;C;2;20;1;0
2026-05-08;524;C228;Type 3;C;2;40;1;0
2026-05-08;525;C229;Type 2;C;2;30;1;0
2026-05-08;526;C230;Type 2;C;2;35;1;0
2026-05-08;527;C231;Type 3;C;2;20;1;0
2026-05-08;528;C232;Type 1;C;2;25;1;0
2026-05-08;529;C233;Type 4;C;2;15;1;0
2026-05-08;530;C234;Type 5;C;2;20;1;0
2026-05-08;531;C235;Type 2;C;2;10;1;0
2026-05-08;532;C236;Type 1;C;2;20;1;0
2026-05-08;533;C237;Type 1;C;2;30;1;0
2026-05-08;534;C238;Type 1;C;2;10;0;1
2026-05-08;535;C239;Type 3;C;2;15;1;0
2026-05-08;536;C240;Type 2;C;2;15;1;0
2026-05-08;537;C241;Type 2;C;2;30;1;0
2026-05-08;538;C242;Type 2;C;2;15;1;0
2026-05-08;539;C243;Type 3;C;2;15;1;0
2026-05-08;540;C244;Type 3;C;2;15;1;0
2026-05-08;541;C245;Type 4;C;2;25;1;0
2026-05-08;542;C246;Type 2;C;2;25;1;0
2026-05-08;543;C247;Type 1;C;2;20;0;1
2026-05-08;544;C248;Type 2;C;2;10;0;1
2026-05-08;545;C249;Type 2;C;2;20;1;0
2026-05-08;546;C250;Type 3;C;2;30;0;1
2026-05-08;547;C251;Type 2;C;2;50;1;0
2026-05-08;548;C252;Type 1;C;2;15;1;0
2026-05-08;549;C253;Type 2;C;2;25;1;0
2026-05-08;550;C254;Type 1;C;2;20;0;1
2026-05-08;551;C255;Type 2;C;2;15;1;0
2026-05-08;552;C256;Type 1;C;2;15;1;0
2026-05-08;553;C257;Type 2;C;2;20;0;1
2026-05-08;554;C258;Type 2;C;2;25;0;1
2026-05-08;555;C259;Type 4;C;2;25;0;1
2026-05-08;556;C260;Type 3;C;2;20;1;0
2026-05-08;557;C261;Type 2;C;2;15;1;0
2026-05-08;558;C262;Type 1;C;2;20;0;1
2026-05-08;559;C263;Type 2;C;2;20;1;0
2026-05-08;560;C264;Type 2;C;2;10;1;0
2026-05-08;561;C265;Type 1;C;2;15;1;0
2026-05-08;562;C266;Type 1;C;2;20;1;0
2026-05-08;563;C267;Type 1;C;2;15;1;0
2026-05-08;564;C268;Type 1;C;2;25;0;1
2026-05-08;565;C269;Type 1;C;2;25;0;1
2026-05-08;566;C270;Type 3;C;2;25;1;0
2026-05-08;567;C271;Type 4;C;2;20;1;0
2026-05-08;568;C272;Type 3;C;2;15;1;0
2026-05-08;569;C273;Type 3;C;2;25;1;0
2026-05-08;570;C274;Type 2;C;2;10;1;0
2026-05-08;571;C275;Type 1;C;2;25;1;0
2026-05-08;572;C276;Type 2;C;2;25;1;0
2026-05-08;573;C277;Type 1;C;2;20;1;0
2026-05-08;574;C278;Type 1;C;2;10;1;0
2026-05-08;575;C279;Type 1;C;2;10;0;1
2026-05-08;576;C280;Type 2;C;2;15;1;0
2026-05-08;577;C281;Type 1;C;2;20;1;0
2026-05-08;578;C282;Type 1;C;2;15;1;0
2026-05-08;579;C283;Type 2;C;2;15;1;0
2026-05-08;580;C284;Type 2;C;2;15;1;0
2026-05-08;581;C285;Type 1;C;2;20;1;0
2026-05-08;582;C286;Type 3;C;2;10;1;0
2026-05-08;583;C287;Type 1;C;2;20;0;1
2026-05-08;584;C288;Type 1;C;2;20;1;0
2026-05-08;585;C289;Type 2;C;2;10;1;0
2026-05-08;586;C290;Type 2;C;2;20;1;0
2026-05-08;587;C291;Type 5;C;2;10;1;0
2026-05-08;588;C292;Type 2;C;2;30;1;0
2026-05-08;589;C293;Type 3;C;2;15;1;0
2026-05-08;590;C294;Type 1;C;2;10;1;0
2026-05-08;591;C295;Type 1;C;2;20;1;0
2026-05-08;592;C296;Type 2;C;2;30;1;0
2026-05-08;593;C297;Type 4;C;2;30;0;1
2026-05-08;594;C298;Type 2;C;2;10;1;0
2026-05-08;595;C299;Type 2;C;2;30;1;0
2026-05-08;596;C301;Type 1;C;3;15;1;0
2026-05-08;597;C302;Type 1;C;3;30;1;0
2026-05-08;598;C303;Type 4;C;3;15;0;1
2026-05-08;599;C304;Type 2;C;3;20;0;1
2026-05-08;600;C305;Type 4;C;3;15;1;0
2026-05-08;601;C306;Type 3;C;3;30;1;0
2026-05-08;602;C307;Type 1;C;3;20;1;0
2026-05-08;603;C308;Type 2;C;3;15;1;0
2026-05-08;604;C309;Type 2;C;3;15;1;0
2026-05-08;605;C310;Type 3;C;3;20;0;1
2026-05-08;606;C311;Type 2;C;3;10;1;0
2026-05-08;607;C312;Type 2;C;3;15;1;0
2026-05-08;608;C313;Type 2;C;3;15;1;0
2026-05-08;609;C314;Type 2;C;3;20;1;0
2026-05-08;610;C315;Type 3;C;3;25;1;0
2026-05-08;611;C316;Type 2;C;3;15;0;1
2026-05-08;612;C317;Type 1;C;3;25;0;1
2026-05-08;613;C318;Type 2;C;3;30;1;0
2026-05-08;614;C319;Type 2;C;3;15;0;1
2026-05-08;615;C320;Type 1;C;3;30;1;0
2026-05-08;616;C321;Type 2;C;3;15;0;1
2026-05-08;617;C322;Type 2;C;3;10;1;0
2026-05-08;618;C323;Type 3;C;3;15;1;0
2026-05-08;619;C324;Type 1;C;3;25;1;0
2026-05-08;620;C325;Type 3;C;3;15;1;0
2026-05-08;621;C326;Type 4;C;3;15;0;1
2026-05-08;622;C327;Type 3;C;3;15;1;0
2026-05-08;623;C328;Type 2;C;3;20;1;0
2026-05-08;624;C329;Type 3;C;3;15;1;0
2026-05-08;625;C330;Type 2;C;3;30;1;0
2026-05-08;626;C331;Type 4;C;3;10;1;0
2026-05-08;627;C332;Type 3;C;3;20;0;1
2026-05-08;628;C333;Type 1;C;3;35;1;0
2026-05-08;629;C334;Type 1;C;3;15;1;0
2026-05-08;630;C335;Type 1;C;3;30;1;0
2026-05-08;631;C336;Type 5;C;3;10;1;0
2026-05-08;632;C337;Type 2;C;3;25;1;0
2026-05-08;633;C338;Type 1;C;3;20;1;0
2026-05-08;634;C339;Type 1;C;3;30;1;0
2026-05-08;635;C340;Type 2;C;3;20;1;0
2026-05-08;636;C341;Type 1;C;3;20;1;0
2026-05-08;637;C342;Type 3;C;3;10;1;0
2026-05-08;638;C343;Type 2;C;3;25;1;0
2026-05-08;639;C344;Type 1;C;3;20;1;0
2026-05-08;640;C345;Type 3;C;3;35;1;0
2026-05-08;641;C346;Type 3;C;3;15;1;0
2026-05-08;642;C347;Type 1;C;3;20;1;0
2026-05-08;643;C348;Type 1;C;3;25;1;0
2026-05-08;644;C349;Type 2;C;3;15;1;0
2026-05-08;645;C350;Type 1;C;3;15;1;0
2026-05-08;646;C351;Type 2;C;3;25;1;0
2026-05-08;647;C352;Type 2;C;3;10;1;0
2026-05-08;648;C353;Type 1;C;3;15;1;0
2026-05-08;649;C354;Type 3;C;3;20;1;0
2026-05-08;650;C355;Type 2;C;3;25;0;1
2026-05-08;651;C356;Type 3;C;3;15;1;0
2026-05-08;652;C357;Type 2;C;3;15;1;0
2026-05-08;653;C358;Type 1;C;3;15;0;1
2026-05-08;654;C359;Type 2;C;3;10;1;0
2026-05-08;655;C360;Type 1;C;3;30;1;0
2026-05-08;656;C361;Type 1;C;3;25;1;0
2026-05-08;657;C362;Type 2;C;3;20;1;0
2026-05-08;658;C363;Type 2;C;3;20;1;0
2026-05-08;659;C364;Type 1;C;3;10;1;0
2026-05-08;660;C365;Type 2;C;3;30;1;0
2026-05-08;661;C366;Type 1;C;3;20;1;0
2026-05-08;662;C367;Type 1;C;3;20;1;0
2026-05-08;663;C368;Type 1;C;3;15;0;1
2026-05-08;664;C369;Type 1;C;3;15;1;0
2026-05-08;665;C370;Type 1;C;3;25;1;0
2026-05-08;666;C371;Type 2;C;3;10;0;1
2026-05-08;667;C372;Type 4;C;3;25;1;0
2026-05-08;668;C373;Type 1;C;3;25;1;0
2026-05-08;669;C374;Type 5;C;3;25;1;0
2026-05-08;670;C375;Type 1;C;3;15;1;0
2026-05-08;671;C376;Type 3;C;3;30;1;0
2026-05-08;672;C377;Type 1;C;3;20;1;0
2026-05-08;673;C378;Type 2;C;3;25;1;0
2026-05-08;674;C379;Type 2;C;3;10;1;0
2026-05-08;675;C380;Type 1;C;3;10;1;0
2026-05-08;676;C381;Type 5;C;3;15;1;0
2026-05-08;677;C382;Type 1;C;3;20;1;0
2026-05-08;678;C383;Type 3;C;3;30;1;0
2026-05-08;679;C384;Type 2;C;3;25;1;0
2026-05-08;680;C385;Type 3;C;3;15;1;0
2026-05-08;681;C386;Type 2;C;3;15;1;0
2026-05-08;682;C387;Type 1;C;3;25;1;0
2026-05-08;683;C388;Type 3;C;3;10;1;0
2026-05-08;684;C389;Type 2;C;3;25;1;0
2026-05-08;685;C390;Type 4;C;3;20;1;0
2026-05-08;686;C391;Type 1;C;3;25;1;0
2026-05-08;687;C392;Type 2;C;3;20;1;0
2026-05-08;688;C393;Type 2;C;3;15;1;0
2026-05-08;689;C394;Type 5;C;3;20;1;0
2026-05-08;690;C395;Type 1;C;3;20;1;0
2026-05-08;691;C396;Type 3;C;3;25;1;0
2026-05-08;692;C397;Type 1;C;3;35;1;0
2026-05-08;693;C398;Type 3;C;3;15;0;1
2026-05-08;694;C399;Type 2;C;3;20;1;0
2026-05-08;695;C401;Type 2;C;4;15;1;0
2026-05-08;696;C402;Type 1;C;4;25;1;0
2026-05-08;697;C403;Type 2;C;4;15;1;0
2026-05-08;698;C404;Type 1;C;4;15;1;0
2026-05-08;699;C405;Type 1;C;4;20;0;1
2026-05-08;700;C406;Type 2;C;4;10;1;0
2026-05-08;701;C407;Type 4;C;4;15;1;0
2026-05-08;702;C408;Type 2;C;4;20;1;0
2026-05-08;703;C409;Type 4;C;4;20;0;1
2026-05-08;704;C410;Type 3;C;4;15;1;0
2026-05-08;705;C411;Type 2;C;4;10;1;0
2026-05-08;706;C412;Type 2;C;4;20;1;0
2026-05-08;707;C413;Type 1;C;4;10;1;0
2026-05-08;708;C414;Type 1;C;4;20;1;0
2026-05-08;709;C415;Type 2;C;4;10;1;0
2026-05-08;710;C416;Type 1;C;4;15;1;0
2026-05-08;711;C417;Type 1;C;4;15;0;1
2026-05-08;712;C418;Type 1;C;4;20;1;0
2026-05-08;713;C419;Type 2;C;4;15;1;0
2026-05-08;714;C420;Type 2;C;4;15;1;0
2026-05-08;715;C421;Type 1;C;4;25;0;1
2026-05-08;716;C422;Type 1;C;4;25;1;0
2026-05-08;717;C423;Type 2;C;4;15;0;1
2026-05-08;718;C424;Type 2;C;4;15;1;0
2026-05-08;719;C425;Type 2;C;4;15;1;0
2026-05-08;720;C426;Type 3;C;4;15;1;0
2026-05-08;721;C427;Type 2;C;4;10;1;0
2026-05-08;722;C428;Type 3;C;4;35;1;0
2026-05-08;723;C429;Type 3;C;4;15;1;0
2026-05-08;724;C430;Type 2;C;4;10;1;0
2026-05-08;725;C431;Type 2;C;4;10;0;1
2026-05-08;726;C432;Type 2;C;4;25;1;0
2026-05-08;727;C433;Type 2;C;4;20;1;0
2026-05-08;728;C434;Type 1;C;4;25;1;0
2026-05-08;729;C435;Type 1;C;4;20;0;1
2026-05-08;730;C436;Type 2;C;4;20;1;0
2026-05-08;731;C437;Type 2;C;4;15;1;0
2026-05-08;732;C438;Type 3;C;4;15;1;0
2026-05-08;733;C439;Type 2;C;4;10;1;0
2026-05-08;734;C440;Type 2;C;4;10;1;0
2026-05-08;735;C441;Type 1;C;4;10;1;0
2026-05-08;736;C442;Type 1;C;4;20;1;0
2026-05-08;737;C443;Type 1;C;4;20;1;0
2026-05-08;738;C444;Type 3;C;4;25;1;0
2026-05-08;739;C445;Type 1;C;4;15;1;0
2026-05-08;740;C446;Type 2;C;4;15;1;0
2026-05-08;741;C447;Type 2;C;4;15;1;0
2026-05-08;742;C448;Type 1;C;4;20;1;0
2026-05-08;743;C449;Type 1;C;4;20;1;0
2026-05-08;744;C450;Type 2;C;4;40;1;0
2026-05-08;745;C451;Type 1;C;4;25;1;0
2026-05-08;746;C452;Type 2;C;4;25;1;0
2026-05-08;747;C453;Type 2;C;4;15;1;0
2026-05-08;748;C454;Type 1;C;4;10;1;0
2026-05-08;749;C455;Type 1;C;4;20;1;0
2026-05-08;750;C456;Type 2;C;4;25;1;0
2026-05-08;751;C457;Type 4;C;4;10;0;1
2026-05-08;752;C458;Type 1;C;4;20;1;0
2026-05-08;753;C459;Type 1;C;4;25;0;1
2026-05-08;754;C460;Type 1;C;4;15;0;1
2026-05-08;755;C461;Type 3;C;4;15;1;0
2026-05-08;756;C462;Type 1;C;4;20;1;0
2026-05-08;757;C463;Type 1;C;4;20;1;0
2026-05-08;758;C464;Type 4;C;4;25;1;0
2026-05-08;759;C465;Type 1;C;4;10;1;0
2026-05-08;760;C466;Type 3;C;4;15;1;0
2026-05-08;761;C467;Type 1;C;4;25;1;0
2026-05-08;762;C468;Type 1;C;4;10;1;0
2026-05-08;763;C469;Type 1;C;4;15;1;0
2026-05-08;764;C470;Type 2;C;4;30;1;0
2026-05-08;765;C471;Type 2;C;4;10;1;0
2026-05-08;766;C472;Type 2;C;4;30;1;0
2026-05-08;767;C473;Type 1;C;4;20;1;0
2026-05-08;768;C474;Type 1;C;4;20;1;0
2026-05-08;769;C475;Type 2;C;4;10;1;0
2026-05-08;770;C476;Type 3;C;4;20;1;0
2026-05-08;771;C477;Type 1;C;4;15;1;0
2026-05-08;772;C478;Type 2;C;4;25;1;0
2026-05-08;773;C479;Type 2;C;4;10;0;1
2026-05-08;774;C480;Type 2;C;4;25;1;0
2026-05-08;775;C481;Type 1;C;4;20;1;0
2026-05-08;776;C482;Type 3;C;4;15;1;0
2026-05-08;777;C483;Type 1;C;4;30;1;0
2026-05-08;778;C484;Type 2;C;4;20;1;0
2026-05-08;779;C485;Type 2;C;4;30;1;0
2026-05-08;780;C486;Type 4;C;4;35;1;0
2026-05-08;781;C487;Type 2;C;4;25;1;0
2026-05-08;782;C488;Type 1;C;4;30;1;0
2026-05-08;783;C489;Type 2;C;4;20;1;0
2026-05-08;784;C490;Type 3;C;4;10;1;0
2026-05-08;785;C491;Type 1;C;4;20;1;0
2026-05-08;786;C492;Type 1;C;4;15;1;0
2026-05-09;0;A001;Type 3;A;0;10;1;0
2026-05-09;1;A002;Type 2;A;0;10;0;1
2026-05-09;2;A003;Type 3;A;0;10;1;0
2026-05-09;3;A004;Type 4;A;0;15;1;0
2026-05-09;4;A005;Type 1;A;0;10;0;1
2026-05-09;5;A006;Type 2;A;0;10;0;1
2026-05-09;6;A007;Type 2;A;0;10;1;0
2026-05-09;7;A008;Type 2;A;0;15;1;0
2026-05-09;8;A009;Type 2;A;0;25;0;1
2026-05-09;9;A010;Type 2;A;0;10;0;1
2026-05-09;10;A101;Type 2;A;1;10;1;0
2026-05-09;11;A102;Type 3;A;1;25;1;0
2026-05-09;12;A103;Type 4;A;1;15;1;0
2026-05-09;13;A104;Type 3;A;1;15;0;1
2026-05-09;14;A105;Type 2;A;1;15;0;1
2026-05-09;15;A106;Type 3;A;1;10;1;0
2026-05-09;16;A107;Type 2;A;1;10;0;1
2026-05-09;17;A108;Type 2;A;1;20;0;1
2026-05-09;18;A109;Type 2;A;1;10;1;0
2026-05-09;19;A110;Type 1;A;1;10;1;0
2026-05-09;20;A111;Type 1;A;1;15;1;0
2026-05-09;21;A112;Type 2;A;1;15;1;0
2026-05-09;22;A113;Type 3;A;1;10;1;0
2026-05-09;23;A114;Type 1;A;1;10;0;1
2026-05-09;24;A115;Type 2;A;1;15;0;1
2026-05-09;25;A116;Type 1;A;1;20;1;0
2026-05-09;26;A117;Type 1;A;1;10;1;0
2026-05-09;27;A118;Type 2;A;1;10;1;0
2026-05-09;28;A119;Type 1;A;1;10;0;1
2026-05-09;29;A120;Type 3;A;1;10;0;1
2026-05-09;30;A121;Type 3;A;1;15;1;0
2026-05-09;31;A122;Type 1;A;1;10;0;1
2026-05-09;32;A123;Type 2;A;1;10;1;0
2026-05-09;33;A124;Type 3;A;1;10;1;0
2026-05-09;34;A125;Type 3;A;1;10;0;1
2026-05-09;35;A126;Type 1;A;1;15;0;1
2026-05-09;36;A127;Type 2;A;1;20;0;1
2026-05-09;37;A128;Type 2;A;1;20;1;0
2026-05-09;38;A129;Type 2;A;1;10;1;0
2026-05-09;39;A130;Type 1;A;1;15;0;1
2026-05-09;40;A131;Type 4;A;1;15;0;1
2026-05-09;41;A132;Type 3;A;1;25;1;0
2026-05-09;42;A133;Type 1;A;1;10;1;0
2026-05-09;43;A134;Type 1;A;1;10;0;1
2026-05-09;44;A135;Type 1;A;1;15;0;1
2026-05-09;45;A136;Type 3;A;1;10;0;1
2026-05-09;46;A137;Type 4;A;1;20;0;1
2026-05-09;47;A138;Type 1;A;1;10;1;0
2026-05-09;48;A139;Type 1;A;1;30;0;1
2026-05-09;49;A140;Type 1;A;1;10;0;1
2026-05-09;50;A141;Type 1;A;1;25;1;0
2026-05-09;51;A142;Type 4;A;1;15;1;0
2026-05-09;52;A143;Type 3;A;1;10;1;0
2026-05-09;53;A144;Type 1;A;1;25;1;0
2026-05-09;54;A145;Type 3;A;1;20;0;1
2026-05-09;55;A146;Type 1;A;1;20;0;1
2026-05-09;56;A147;Type 2;A;1;15;0;1
2026-05-09;57;A148;Type 3;A;1;20;0;1
2026-05-09;58;A149;Type 1;A;1;10;1;0
2026-05-09;59;A150;Type 2;A;1;15;0;1
2026-05-09;60;A201;Type 1;A;2;20;0;1
2026-05-09;61;A202;Type 2;A;2;15;1;0
2026-05-09;62;A203;Type 3;A;2;10;1;0
2026-05-09;63;A204;Type 1;A;2;20;0;1
2026-05-09;64;A205;Type 1;A;2;10;1;0
2026-05-09;65;A206;Type 2;A;2;15;0;1
2026-05-09;66;A207;Type 2;A;2;10;1;0
2026-05-09;67;A208;Type 1;A;2;10;1;0
2026-05-09;68;A209;Type 1;A;2;10;1;0
2026-05-09;69;A210;Type 3;A;2;20;1;0
2026-05-09;70;A211;Type 1;A;2;20;1;0
2026-05-09;71;A212;Type 1;A;2;25;0;1
2026-05-09;72;A213;Type 1;A;2;10;1;0
2026-05-09;73;A214;Type 2;A;2;10;0;1
2026-05-09;74;A215;Type 2;A;2;15;1;0
2026-05-09;75;A216;Type 3;A;2;15;0;1
2026-05-09;76;A217;Type 2;A;2;10;1;0
2026-05-09;77;A218;Type 1;A;2;15;1;0
2026-05-09;78;A219;Type 1;A;2;20;1;0
2026-05-09;79;A220;Type 2;A;2;20;0;1
2026-05-09;80;A221;Type 4;A;2;10;0;1
2026-05-09;81;A222;Type 3;A;2;10;1;0
2026-05-09;82;A223;Type 2;A;2;10;0;1
2026-05-09;83;A224;Type 2;A;2;25;1;0
2026-05-09;84;A225;Type 2;A;2;10;1;0
2026-05-09;85;A226;Type 2;A;2;15;0;1
2026-05-09;86;A227;Type 1;A;2;10;0;1
2026-05-09;87;A228;Type 1;A;2;10;1;0
2026-05-09;88;A229;Type 3;A;2;10;0;1
2026-05-09;89;A230;Type 1;A;2;15;0;1
2026-05-09;90;A231;Type 2;A;2;10;0;1
2026-05-09;91;A232;Type 1;A;2;10;1;0
2026-05-09;92;A233;Type 2;A;2;15;0;1
2026-05-09;93;A234;Type 1;A;2;15;0;1
2026-05-09;94;A235;Type 1;A;2;15;0;1
2026-05-09;95;A236;Type 2;A;2;10;0;1
2026-05-09;96;A237;Type 3;A;2;10;1;0
2026-05-09;97;A238;Type 3;A;2;20;1;0
2026-05-09;98;A239;Type 4;A;2;20;0;1
2026-05-09;99;A240;Type 2;A;2;10;0;1
2026-05-09;100;B001;Type 1;B;0;15;1;0
2026-05-09;101;B002;Type 1;B;0;15;1;0
2026-05-09;102;B003;Type 2;B;0;10;0;1
2026-05-09;103;B004;Type 2;B;0;15;1;0
2026-05-09;104;B005;Type 3;B;0;30;1;0
2026-05-09;105;B006;Type 3;B;0;25;1;0
2026-05-09;106;B007;Type 2;B;0;15;0;1
2026-05-09;107;B008;Type 3;B;0;25;0;1
2026-05-09;108;B009;Type 4;B;0;50;0;1
2026-05-09;109;B010;Type 2;B;0;20;1;0
2026-05-09;110;B011;Type 1;B;0;25;0;1
2026-05-09;111;B012;Type 2;B;0;20;0;1
2026-05-09;112;B013;Type 1;B;0;20;1;0
2026-05-09;113;B014;Type 2;B;0;25;0;1
2026-05-09;114;B015;Type 2;B;0;30;1;0
2026-05-09;115;B016;Type 3;B;0;30;0;1
2026-05-09;116;B017;Type 1;B;0;15;1;0
2026-05-09;117;B018;Type 1;B;0;10;1;0
2026-05-09;118;B019;Type 4;B;0;20;0;1
2026-05-09;119;B020;Type 1;B;0;20;0;1
2026-05-09;120;B101;Type 1;B;1;25;1;0
2026-05-09;121;B102;Type 1;B;1;20;0;1
2026-05-09;122;B103;Type 2;B;1;15;0;1
2026-05-09;123;B104;Type 3;B;1;15;0;1
2026-05-09;124;B105;Type 1;B;1;25;0;1
2026-05-09;125;B106;Type 1;B;1;25;1;0
2026-05-09;126;B107;Type 4;B;1;20;0;1
2026-05-09;127;B108;Type 2;B;1;15;1;0
2026-05-09;128;B109;Type 2;B;1;20;1;0
2026-05-09;129;B110;Type 1;B;1;15;1;0
2026-05-09;130;B111;Type 2;B;1;15;0;1
2026-05-09;131;B112;Type 1;B;1;30;0;1
2026-05-09;132;B113;Type 1;B;1;20;1;0
2026-05-09;133;B114;Type 3;B;1;10;1;0
2026-05-09;134;B115;Type 3;B;1;20;1;0
2026-05-09;135;B116;Type 1;B;1;20;1;0
2026-05-09;136;B117;Type 5;B;1;20;0;1
2026-05-09;137;B118;Type 2;B;1;25;1;0
2026-05-09;138;B119;Type 1;B;1;15;0;1
2026-05-09;139;B120;Type 1;B;1;20;0;1
2026-05-09;140;B121;Type 1;B;1;10;1;0
2026-05-09;141;B122;Type 2;B;1;20;1;0
2026-05-09;142;B123;Type 1;B;1;25;1;0
2026-05-09;143;B124;Type 2;B;1;30;0;1
2026-05-09;144;B125;Type 2;B;1;20;0;1
2026-05-09;145;B126;Type 1;B;1;20;1;0
2026-05-09;146;B127;Type 1;B;1;15;0;1
2026-05-09;147;B128;Type 4;B;1;25;0;1
2026-05-09;148;B129;Type 1;B;1;15;0;1
2026-05-09;149;B130;Type 2;B;1;25;0;1
2026-05-09;150;B131;Type 1;B;1;30;1;0
2026-05-09;151;B132;Type 2;B;1;20;1;0
2026-05-09;152;B133;Type 1;B;1;35;0;1
2026-05-09;153;B134;Type 2;B;1;20;0;1
2026-05-09;154;B135;Type 1;B;1;15;1;0
2026-05-09;155;B136;Type 2;B;1;10;0;1
2026-05-09;156;B137;Type 2;B;1;20;1;0
2026-05-09;157;B138;Type 3;B;1;25;1;0
2026-05-09;158;B139;Type 3;B;1;15;0;1
2026-05-09;159;B140;Type 4;B;1;20;1;0
2026-05-09;160;B141;Type 1;B;1;25;0;1
2026-05-09;161;B142;Type 3;B;1;20;0;1
2026-05-09;162;B143;Type 3;B;1;25;0;1
2026-05-09;163;B144;Type 3;B;1;10;1;0
2026-05-09;164;B145;Type 2;B;1;20;0;1
2026-05-09;165;B146;Type 1;B;1;15;0;1
2026-05-09;166;B147;Type 3;B;1;15;1;0
2026-05-09;167;B148;Type 1;B;1;30;0;1
2026-05-09;168;B149;Type 2;B;1;15;1;0
2026-05-09;169;B150;Type 4;B;1;20;0;1
2026-05-09;170;B151;Type 5;B;1;20;0;1
2026-05-09;171;B152;Type 3;B;1;25;0;1
2026-05-09;172;B153;Type 2;B;1;30;0;1
2026-05-09;173;B154;Type 1;B;1;35;0;1
2026-05-09;174;B155;Type 3;B;1;45;0;1
2026-05-09;175;B156;Type 2;B;1;20;1;0
2026-05-09;176;B157;Type 1;B;1;20;0;1
2026-05-09;177;B158;Type 4;B;1;40;0;1
2026-05-09;178;B159;Type 1;B;1;25;0;1
2026-05-09;179;B160;Type 3;B;1;20;1;0
2026-05-09;180;B161;Type 2;B;1;20;0;1
2026-05-09;181;B162;Type 1;B;1;25;0;1
2026-05-09;182;B163;Type 2;B;1;20;1;0
2026-05-09;183;B164;Type 1;B;1;35;1;0
2026-05-09;184;B165;Type 3;B;1;10;0;1
2026-05-09;185;B166;Type 1;B;1;30;1;0
2026-05-09;186;B167;Type 2;B;1;20;1;0
2026-05-09;187;B168;Type 3;B;1;30;1;0
2026-05-09;188;B169;Type 3;B;1;25;0;1
2026-05-09;189;B170;Type 1;B;1;20;0;1
2026-05-09;190;B171;Type 2;B;1;20;0;1
2026-05-09;191;B172;Type 2;B;1;20;1;0
2026-05-09;192;B173;Type 1;B;1;10;0;1
2026-05-09;193;B174;Type 1;B;1;20;0;1
2026-05-09;194;B175;Type 1;B;1;15;0;1
2026-05-09;195;B176;Type 1;B;1;25;0;1
2026-05-09;196;B177;Type 1;B;1;10;1;0
2026-05-09;197;B178;Type 1;B;1;25;1;0
2026-05-09;198;B179;Type 1;B;1;15;1;0
2026-05-09;199;B180;Type 3;B;1;20;1;0
2026-05-09;200;B201;Type 4;B;2;15;0;1
2026-05-09;201;B202;Type 1;B;2;30;0;1
2026-05-09;202;B203;Type 1;B;2;15;0;1
2026-05-09;203;B204;Type 1;B;2;15;1;0
2026-05-09;204;B205;Type 2;B;2;25;0;1
2026-05-09;205;B206;Type 2;B;2;25;1;0
2026-05-09;206;B207;Type 2;B;2;15;1;0
2026-05-09;207;B208;Type 1;B;2;10;0;1
2026-05-09;208;B209;Type 1;B;2;25;0;1
2026-05-09;209;B210;Type 4;B;2;25;1;0
2026-05-09;210;B211;Type 3;B;2;15;1;0
2026-05-09;211;B212;Type 4;B;2;20;0;1
2026-05-09;212;B213;Type 5;B;2;25;0;1
2026-05-09;213;B214;Type 1;B;2;15;0;1
2026-05-09;214;B215;Type 1;B;2;25;1;0
2026-05-09;215;B216;Type 1;B;2;20;0;1
2026-05-09;216;B217;Type 3;B;2;25;0;1
2026-05-09;217;B218;Type 2;B;2;20;0;1
2026-05-09;218;B219;Type 3;B;2;10;1;0
2026-05-09;219;B220;Type 3;B;2;25;1;0
2026-05-09;220;B221;Type 2;B;2;20;0;1
2026-05-09;221;B222;Type 3;B;2;25;1;0
2026-05-09;222;B223;Type 4;B;2;30;1;0
2026-05-09;223;B224;Type 3;B;2;15;0;1
2026-05-09;224;B225;Type 1;B;2;20;0;1
2026-05-09;225;B226;Type 1;B;2;15;1;0
2026-05-09;226;B227;Type 1;B;2;20;1;0
2026-05-09;227;B228;Type 3;B;2;10;0;1
2026-05-09;228;B229;Type 2;B;2;25;1;0
2026-05-09;229;B230;Type 3;B;2;15;0;1
2026-05-09;230;B231;Type 1;B;2;20;1;0
2026-05-09;231;B232;Type 2;B;2;25;1;0
2026-05-09;232;B233;Type 2;B;2;25;0;1
2026-05-09;233;B234;Type 3;B;2;10;1;0
2026-05-09;234;B235;Type 3;B;2;15;0;1
2026-05-09;235;B236;Type 3;B;2;20;1;0
2026-05-09;236;B237;Type 1;B;2;15;0;1
2026-05-09;237;B238;Type 1;B;2;25;0;1
2026-05-09;238;B239;Type 2;B;2;25;1;0
2026-05-09;239;B240;Type 1;B;2;15;0;1
2026-05-09;240;B241;Type 1;B;2;20;1;0
2026-05-09;241;B242;Type 2;B;2;10;1;0
2026-05-09;242;B243;Type 1;B;2;20;1;0
2026-05-09;243;B244;Type 5;B;2;20;0;1
2026-05-09;244;B245;Type 3;B;2;35;0;1
2026-05-09;245;B246;Type 3;B;2;55;0;1
2026-05-09;246;B247;Type 2;B;2;10;0;1
2026-05-09;247;B248;Type 1;B;2;15;1;0
2026-05-09;248;B249;Type 1;B;2;20;0;1
2026-05-09;249;B250;Type 2;B;2;15;0;1
2026-05-09;250;B251;Type 3;B;2;25;1;0
2026-05-09;251;B252;Type 4;B;2;10;1;0
2026-05-09;252;B253;Type 1;B;2;20;0;1
2026-05-09;253;B254;Type 1;B;2;20;0;1
2026-05-09;254;B255;Type 2;B;2;20;0;1
2026-05-09;255;B256;Type 5;B;2;25;1;0
2026-05-09;256;B257;Type 3;B;2;10;1;0
2026-05-09;257;B258;Type 2;B;2;20;1;0
2026-05-09;258;B259;Type 2;B;2;30;0;1
2026-05-09;259;B260;Type 1;B;2;25;1;0
2026-05-09;260;B261;Type 2;B;2;15;1;0
2026-05-09;261;B262;Type 1;B;2;20;0;1
2026-05-09;262;B263;Type 2;B;2;15;0;1
2026-05-09;263;B264;Type 2;B;2;25;1;0
2026-05-09;264;B265;Type 2;B;2;20;1;0
2026-05-09;265;B266;Type 2;B;2;20;0;1
2026-05-09;266;B267;Type 3;B;2;15;0;1
2026-05-09;267;B268;Type 2;B;2;15;1;0
2026-05-09;268;B269;Type 1;B;2;20;0;1
2026-05-09;269;B270;Type 2;B;2;20;0;1
2026-05-09;270;B271;Type 1;B;2;10;0;1
2026-05-09;271;B272;Type 1;B;2;15;0;1
2026-05-09;272;B273;Type 1;B;2;30;1;0
2026-05-09;273;B274;Type 1;B;2;15;0;1
2026-05-09;274;B275;Type 3;B;2;25;1;0
2026-05-09;275;B276;Type 2;B;2;25;1;0
2026-05-09;276;B277;Type 3;B;2;20;0;1
2026-05-09;277;B278;Type 3;B;2;25;0;1
2026-05-09;278;B279;Type 1;B;2;15;1;0
2026-05-09;279;B280;Type 1;B;2;35;1;0
2026-05-09;280;B281;Type 3;B;2;25;0;1
2026-05-09;281;B282;Type 2;B;2;10;1;0
2026-05-09;282;B283;Type 2;B;2;20;0;1
2026-05-09;283;B284;Type 3;B;2;15;0;1
2026-05-09;284;B285;Type 3;B;2;15;0;1
2026-05-09;285;B286;Type 2;B;2;25;0;1
2026-05-09;286;B287;Type 2;B;2;15;1;0
2026-05-09;287;B288;Type 2;B;2;15;0;1
2026-05-09;288;B289;Type 2;B;2;25;0;1
2026-05-09;289;B290;Type 4;B;2;15;0;1
2026-05-09;290;B291;Type 1;B;2;15;1;0
2026-05-09;291;B292;Type 3;B;2;35;1;0
2026-05-09;292;B293;Type 2;B;2;15;0;1
2026-05-09;293;B294;Type 1;B;2;20;1;0
2026-05-09;294;B295;Type 2;B;2;10;1;0
2026-05-09;295;B296;Type 3;B;2;20;1;0
2026-05-09;296;B297;Type 2;B;2;45;1;0
2026-05-09;297;B298;Type 1;B;2;15;0;1
2026-05-09;298;B299;Type 1;B;2;20;0;1
2026-05-09;299;B301;Type 3;B;3;10;1;0
2026-05-09;300;B302;Type 3;B;3;25;0;1
2026-05-09;301;B303;Type 3;B;3;20;1;0
2026-05-09;302;B304;Type 2;B;3;20;0;1
2026-05-09;303;B305;Type 2;B;3;20;0;1
2026-05-09;304;B306;Type 3;B;3;30;0;1
2026-05-09;305;B307;Type 1;B;3;20;1;0
2026-05-09;306;B308;Type 1;B;3;20;1;0
2026-05-09;307;B309;Type 4;B;3;20;1;0
2026-05-09;308;B310;Type 2;B;3;35;1;0
2026-05-09;309;B311;Type 2;B;3;15;1;0
2026-05-09;310;B312;Type 3;B;3;25;0;1
2026-05-09;311;B313;Type 1;B;3;15;0;1
2026-05-09;312;B314;Type 2;B;3;10;1;0
2026-05-09;313;B315;Type 1;B;3;10;1;0
2026-05-09;314;B316;Type 1;B;3;40;0;1
2026-05-09;315;B317;Type 3;B;3;25;1;0
2026-05-09;316;B318;Type 2;B;3;20;1;0
2026-05-09;317;B319;Type 2;B;3;10;1;0
2026-05-09;318;B320;Type 1;B;3;15;1;0
2026-05-09;319;B321;Type 5;B;3;20;1;0
2026-05-09;320;B322;Type 1;B;3;30;0;1
2026-05-09;321;B323;Type 2;B;3;30;1;0
2026-05-09;322;B324;Type 2;B;3;25;0;1
2026-05-09;323;B325;Type 1;B;3;10;0;1
2026-05-09;324;B326;Type 1;B;3;25;0;1
2026-05-09;325;B327;Type 4;B;3;25;1;0
2026-05-09;326;B328;Type 2;B;3;15;0;1
2026-05-09;327;B329;Type 3;B;3;15;0;1
2026-05-09;328;B330;Type 1;B;3;15;1;0
2026-05-09;329;B331;Type 1;B;3;30;1;0
2026-05-09;330;B332;Type 1;B;3;25;1;0
2026-05-09;331;B333;Type 3;B;3;20;1;0
2026-05-09;332;B334;Type 2;B;3;25;1;0
2026-05-09;333;B335;Type 2;B;3;20;0;1
2026-05-09;334;B336;Type 2;B;3;30;1;0
2026-05-09;335;B337;Type 2;B;3;20;1;0
2026-05-09;336;B338;Type 1;B;3;15;0;1
2026-05-09;337;B339;Type 2;B;3;20;0;1
2026-05-09;338;B340;Type 1;B;3;20;0;1
2026-05-09;339;B341;Type 2;B;3;30;0;1
2026-05-09;340;B342;Type 2;B;3;15;1;0
2026-05-09;341;B343;Type 2;B;3;15;0;1
2026-05-09;342;B344;Type 2;B;3;10;1;0
2026-05-09;343;B345;Type 1;B;3;20;0;1
2026-05-09;344;B346;Type 3;B;3;15;1;0
2026-05-09;345;B347;Type 2;B;3;10;1;0
2026-05-09;346;B348;Type 1;B;3;15;1;0
2026-05-09;347;B349;Type 2;B;3;15;0;1
2026-05-09;348;B350;Type 1;B;3;20;0;1
2026-05-09;349;B351;Type 1;B;3;10;0;1
2026-05-09;350;B352;Type 2;B;3;20;0;1
2026-05-09;351;B353;Type 3;B;3;15;0;1
2026-05-09;352;B354;Type 2;B;3;20;1;0
2026-05-09;353;B355;Type 2;B;3;10;1;0
2026-05-09;354;B356;Type 2;B;3;30;1;0
2026-05-09;355;B357;Type 2;B;3;15;0;1
2026-05-09;356;B358;Type 2;B;3;15;1;0
2026-05-09;357;B359;Type 1;B;3;10;0;1
2026-05-09;358;B360;Type 1;B;3;10;0;1
2026-05-09;359;B361;Type 1;B;3;25;0;1
2026-05-09;360;B362;Type 1;B;3;20;1;0
2026-05-09;361;B363;Type 5;B;3;20;0;1
2026-05-09;362;B364;Type 2;B;3;35;0;1
2026-05-09;363;B365;Type 2;B;3;20;1;0
2026-05-09;364;B366;Type 1;B;3;15;0;1
2026-05-09;365;B367;Type 2;B;3;15;1;0
2026-05-09;366;B368;Type 5;B;3;20;0;1
2026-05-09;367;B369;Type 2;B;3;15;0;1
2026-05-09;368;B370;Type 1;B;3;20;1;0
2026-05-09;369;B371;Type 2;B;3;15;0;1
2026-05-09;370;B372;Type 2;B;3;20;0;1
2026-05-09;371;B373;Type 3;B;3;15;1;0
2026-05-09;372;B374;Type 2;B;3;15;0;1
2026-05-09;373;B375;Type 3;B;3;15;1;0
2026-05-09;374;B376;Type 2;B;3;15;0;1
2026-05-09;375;B377;Type 1;B;3;20;0;1
2026-05-09;376;B378;Type 1;B;3;20;0;1
2026-05-09;377;B379;Type 2;B;3;15;1;0
2026-05-09;378;B380;Type 1;B;3;25;0;1
2026-05-09;379;B381;Type 2;B;3;25;1;0
2026-05-09;380;B382;Type 2;B;3;25;0;1
2026-05-09;381;B383;Type 1;B;3;35;1;0
2026-05-09;382;B384;Type 1;B;3;15;0;1
2026-05-09;383;B385;Type 1;B;3;20;1;0
2026-05-09;384;B386;Type 1;B;3;20;1;0
2026-05-09;385;B387;Type 2;B;3;15;0;1
2026-05-09;386;B388;Type 3;B;3;25;1;0
2026-05-09;387;B389;Type 3;B;3;20;1;0
2026-05-09;388;B390;Type 1;B;3;25;0;1
2026-05-09;389;B391;Type 2;B;3;25;0;1
2026-05-09;390;B392;Type 1;B;3;25;1;0
2026-05-09;391;B393;Type 2;B;3;20;0;1
2026-05-09;392;B394;Type 3;B;3;15;1;0
2026-05-09;393;B395;Type 1;B;3;35;0;1
2026-05-09;394;B396;Type 1;B;3;15;1;0
2026-05-09;395;B397;Type 4;B;3;10;1;0
2026-05-09;396;B398;Type 1;B;3;25;0;1
2026-05-09;397;C001;Type 2;C;0;15;1;0
2026-05-09;398;C002;Type 1;C;0;15;1;0
2026-05-09;399;C003;Type 2;C;0;15;1;0
2026-05-09;400;C004;Type 1;C;0;40;0;1
2026-05-09;401;C005;Type 2;C;0;20;1;0
2026-05-09;402;C006;Type 1;C;0;15;0;1
2026-05-09;403;C007;Type 2;C;0;15;1;0
2026-05-09;404;C008;Type 3;C;0;20;1;0
2026-05-09;405;C009;Type 2;C;0;20;0;1
2026-05-09;406;C010;Type 1;C;0;20;0;1
2026-05-09;407;C011;Type 1;C;0;25;0;1
2026-05-09;408;C012;Type 3;C;0;20;1;0
2026-05-09;409;C013;Type 1;C;0;10;1;0
2026-05-09;410;C014;Type 3;C;0;10;0;1
2026-05-09;411;C015;Type 1;C;0;20;0;1
2026-05-09;412;C016;Type 4;C;0;10;0;1
2026-05-09;413;C017;Type 2;C;0;10;0;1
2026-05-09;414;C018;Type 2;C;0;25;0;1
2026-05-09;415;C019;Type 1;C;0;20;0;1
2026-05-09;416;C020;Type 2;C;0;25;0;1
2026-05-09;417;C101;Type 2;C;1;20;0;1
2026-05-09;418;C102;Type 2;C;1;30;1;0
2026-05-09;419;C103;Type 3;C;1;15;1;0
2026-05-09;420;C104;Type 2;C;1;20;0;1
2026-05-09;421;C105;Type 2;C;1;15;0;1
2026-05-09;422;C106;Type 2;C;1;20;0;1
2026-05-09;423;C107;Type 2;C;1;20;0;1
2026-05-09;424;C108;Type 4;C;1;20;1;0
2026-05-09;425;C109;Type 2;C;1;25;1;0
2026-05-09;426;C110;Type 2;C;1;40;1;0
2026-05-09;427;C111;Type 3;C;1;20;0;1
2026-05-09;428;C112;Type 1;C;1;15;0;1
2026-05-09;429;C113;Type 1;C;1;20;0;1
2026-05-09;430;C114;Type 1;C;1;25;0;1
2026-05-09;431;C115;Type 2;C;1;15;1;0
2026-05-09;432;C116;Type 1;C;1;10;0;1
2026-05-09;433;C117;Type 1;C;1;10;1;0
2026-05-09;434;C118;Type 1;C;1;10;1;0
2026-05-09;435;C119;Type 3;C;1;15;0;1
2026-05-09;436;C120;Type 4;C;1;30;0;1
2026-05-09;437;C121;Type 2;C;1;15;1;0
2026-05-09;438;C122;Type 3;C;1;25;1;0
2026-05-09;439;C123;Type 3;C;1;25;1;0
2026-05-09;440;C124;Type 1;C;1;20;0;1
2026-05-09;441;C125;Type 1;C;1;20;1;0
2026-05-09;442;C126;Type 3;C;1;10;1;0
2026-05-09;443;C127;Type 1;C;1;20;1;0
2026-05-09;444;C128;Type 3;C;1;15;0;1
2026-05-09;445;C129;Type 2;C;1;20;1;0
2026-05-09;446;C130;Type 1;C;1;15;1;0
2026-05-09;447;C131;Type 3;C;1;30;1;0
2026-05-09;448;C132;Type 2;C;1;15;0;1
2026-05-09;449;C133;Type 3;C;1;25;0;1
2026-05-09;450;C134;Type 1;C;1;15;0;1
2026-05-09;451;C135;Type 2;C;1;25;1;0
2026-05-09;452;C136;Type 1;C;1;20;1;0
2026-05-09;453;C137;Type 3;C;1;25;1;0
2026-05-09;454;C138;Type 3;C;1;10;0;1
2026-05-09;455;C139;Type 2;C;1;25;0;1
2026-05-09;456;C140;Type 2;C;1;25;1;0
2026-05-09;457;C141;Type 2;C;1;10;0;1
2026-05-09;458;C142;Type 1;C;1;15;0;1
2026-05-09;459;C143;Type 1;C;1;25;0;1
2026-05-09;460;C144;Type 2;C;1;20;0;1
2026-05-09;461;C145;Type 1;C;1;30;1;0
2026-05-09;462;C146;Type 2;C;1;25;1;0
2026-05-09;463;C147;Type 3;C;1;15;0;1
2026-05-09;464;C148;Type 3;C;1;15;1;0
2026-05-09;465;C149;Type 1;C;1;30;1;0
2026-05-09;466;C150;Type 2;C;1;15;0;1
2026-05-09;467;C151;Type 2;C;1;20;1;0
2026-05-09;468;C152;Type 1;C;1;25;0;1
2026-05-09;469;C153;Type 1;C;1;25;1;0
2026-05-09;470;C154;Type 1;C;1;20;1;0
2026-05-09;471;C155;Type 1;C;1;25;1;0
2026-05-09;472;C156;Type 1;C;1;20;1;0
2026-05-09;473;C157;Type 2;C;1;35;0;1
2026-05-09;474;C158;Type 1;C;1;25;1;0
2026-05-09;475;C159;Type 2;C;1;25;0;1
2026-05-09;476;C160;Type 1;C;1;10;1;0
2026-05-09;477;C161;Type 1;C;1;20;0;1
2026-05-09;478;C162;Type 3;C;1;25;0;1
2026-05-09;479;C163;Type 2;C;1;15;0;1
2026-05-09;480;C164;Type 2;C;1;15;0;1
2026-05-09;481;C165;Type 1;C;1;40;0;1
2026-05-09;482;C166;Type 4;C;1;15;0;1
2026-05-09;483;C167;Type 2;C;1;25;0;1
2026-05-09;484;C168;Type 1;C;1;35;0;1
2026-05-09;485;C169;Type 3;C;1;20;1;0
2026-05-09;486;C170;Type 2;C;1;20;0;1
2026-05-09;487;C171;Type 3;C;1;30;1;0
2026-05-09;488;C172;Type 2;C;1;15;1;0
2026-05-09;489;C173;Type 1;C;1;20;0;1
2026-05-09;490;C174;Type 1;C;1;25;0;1
2026-05-09;491;C175;Type 1;C;1;20;0;1
2026-05-09;492;C176;Type 2;C;1;15;1;0
2026-05-09;493;C177;Type 5;C;1;25;0;1
2026-05-09;494;C178;Type 1;C;1;20;0;1
2026-05-09;495;C179;Type 2;C;1;30;0;1
2026-05-09;496;C180;Type 1;C;1;25;1;0
2026-05-09;497;C201;Type 1;C;2;20;0;1
2026-05-09;498;C202;Type 3;C;2;20;0;1
2026-05-09;499;C203;Type 3;C;2;20;0;1
2026-05-09;500;C204;Type 1;C;2;15;0;1
2026-05-09;501;C205;Type 2;C;2;20;0;1
2026-05-09;502;C206;Type 2;C;2;25;1;0
2026-05-09;503;C207;Type 3;C;2;25;0;1
2026-05-09;504;C208;Type 1;C;2;25;0;1
2026-05-09;505;C209;Type 1;C;2;20;0;1
2026-05-09;506;C210;Type 1;C;2;15;1;0
2026-05-09;507;C211;Type 5;C;2;35;1;0
2026-05-09;508;C212;Type 2;C;2;15;0;1
2026-05-09;509;C213;Type 4;C;2;20;1;0
2026-05-09;510;C214;Type 1;C;2;25;1;0
2026-05-09;511;C215;Type 2;C;2;15;1;0
2026-05-09;512;C216;Type 2;C;2;30;0;1
2026-05-09;513;C217;Type 2;C;2;10;0;1
2026-05-09;514;C218;Type 3;C;2;25;0;1
2026-05-09;515;C219;Type 1;C;2;10;0;1
2026-05-09;516;C220;Type 1;C;2;15;0;1
2026-05-09;517;C221;Type 3;C;2;25;0;1
2026-05-09;518;C222;Type 5;C;2;20;1;0
2026-05-09;519;C223;Type 1;C;2;20;0;1
2026-05-09;520;C224;Type 2;C;2;20;0;1
2026-05-09;521;C225;Type 2;C;2;25;1;0
2026-05-09;522;C226;Type 1;C;2;10;1;0
2026-05-09;523;C227;Type 1;C;2;20;0;1
2026-05-09;524;C228;Type 3;C;2;40;1;0
2026-05-09;525;C229;Type 2;C;2;30;0;1
2026-05-09;526;C230;Type 2;C;2;35;0;1
2026-05-09;527;C231;Type 3;C;2;20;1;0
2026-05-09;528;C232;Type 1;C;2;25;0;1
2026-05-09;529;C233;Type 4;C;2;15;0;1
2026-05-09;530;C234;Type 5;C;2;20;1;0
2026-05-09;531;C235;Type 2;C;2;10;0;1
2026-05-09;532;C236;Type 1;C;2;20;1;0
2026-05-09;533;C237;Type 1;C;2;30;0;1
2026-05-09;534;C238;Type 1;C;2;10;1;0
2026-05-09;535;C239;Type 3;C;2;15;0;1
2026-05-09;536;C240;Type 2;C;2;15;1;0
2026-05-09;537;C241;Type 2;C;2;30;0;1
2026-05-09;538;C242;Type 2;C;2;15;0;1
2026-05-09;539;C243;Type 3;C;2;15;1;0
2026-05-09;540;C244;Type 3;C;2;15;1;0
2026-05-09;541;C245;Type 4;C;2;25;1;0
2026-05-09;542;C246;Type 2;C;2;25;0;1
2026-05-09;543;C247;Type 1;C;2;20;0;1
2026-05-09;544;C248;Type 2;C;2;10;1;0
2026-05-09;545;C249;Type 2;C;2;20;0;1
2026-05-09;546;C250;Type 3;C;2;30;1;0
2026-05-09;547;C251;Type 2;C;2;50;1;0
2026-05-09;548;C252;Type 1;C;2;15;1;0
2026-05-09;549;C253;Type 2;C;2;25;0;1
2026-05-09;550;C254;Type 1;C;2;20;1;0
2026-05-09;551;C255;Type 2;C;2;15;1;0
2026-05-09;552;C256;Type 1;C;2;15;0;1
2026-05-09;553;C257;Type 2;C;2;20;0;1
2026-05-09;554;C258;Type 2;C;2;25;0;1
2026-05-09;555;C259;Type 4;C;2;25;0;1
2026-05-09;556;C260;Type 3;C;2;20;1;0
2026-05-09;557;C261;Type 2;C;2;15;1;0
2026-05-09;558;C262;Type 1;C;2;20;0;1
2026-05-09;559;C263;Type 2;C;2;20;1;0
2026-05-09;560;C264;Type 2;C;2;10;0;1
2026-05-09;561;C265;Type 1;C;2;15;0;1
2026-05-09;562;C266;Type 1;C;2;20;0;1
2026-05-09;563;C267;Type 1;C;2;15;0;1
2026-05-09;564;C268;Type 1;C;2;25;1;0
2026-05-09;565;C269;Type 1;C;2;25;0;1
2026-05-09;566;C270;Type 3;C;2;25;1;0
2026-05-09;567;C271;Type 4;C;2;20;0;1
2026-05-09;568;C272;Type 3;C;2;15;0;1
2026-05-09;569;C273;Type 3;C;2;25;0;1
2026-05-09;570;C274;Type 2;C;2;10;1;0
2026-05-09;571;C275;Type 1;C;2;25;1;0
2026-05-09;572;C276;Type 2;C;2;25;0;1
2026-05-09;573;C277;Type 1;C;2;20;1;0
2026-05-09;574;C278;Type 1;C;2;10;1;0
2026-05-09;575;C279;Type 1;C;2;10;0;1
2026-05-09;576;C280;Type 2;C;2;15;1;0
2026-05-09;577;C281;Type 1;C;2;20;1;0
2026-05-09;578;C282;Type 1;C;2;15;0;1
2026-05-09;579;C283;Type 2;C;2;15;0;1
2026-05-09;580;C284;Type 2;C;2;15;0;1
2026-05-09;581;C285;Type 1;C;2;20;0;1
2026-05-09;582;C286;Type 3;C;2;10;0;1
2026-05-09;583;C287;Type 1;C;2;20;1;0
2026-05-09;584;C288;Type 1;C;2;20;0;1
2026-05-09;585;C289;Type 2;C;2;10;0;1
2026-05-09;586;C290;Type 2;C;2;20;1;0
2026-05-09;587;C291;Type 5;C;2;10;1;0
2026-05-09;588;C292;Type 2;C;2;30;1;0
2026-05-09;589;C293;Type 3;C;2;15;0;1
2026-05-09;590;C294;Type 1;C;2;10;1;0
2026-05-09;591;C295;Type 1;C;2;20;0;1
2026-05-09;592;C296;Type 2;C;2;30;0;1
2026-05-09;593;C297;Type 4;C;2;30;1;0
2026-05-09;594;C298;Type 2;C;2;10;1;0
2026-05-09;595;C299;Type 2;C;2;30;0;1
2026-05-09;596;C301;Type 1;C;3;15;1;0
2026-05-09;597;C302;Type 1;C;3;30;0;1
2026-05-09;598;C303;Type 4;C;3;15;0;1
2026-05-09;599;C304;Type 2;C;3;20;0;1
2026-05-09;600;C305;Type 4;C;3;15;0;1
2026-05-09;601;C306;Type 3;C;3;30;0;1
2026-05-09;602;C307;Type 1;C;3;20;0;1
2026-05-09;603;C308;Type 2;C;3;15;1;0
2026-05-09;604;C309;Type 2;C;3;15;0;1
2026-05-09;605;C310;Type 3;C;3;20;1;0
2026-05-09;606;C311;Type 2;C;3;10;1;0
2026-05-09;607;C312;Type 2;C;3;15;1;0
2026-05-09;608;C313;Type 2;C;3;15;0;1
2026-05-09;609;C314;Type 2;C;3;20;0;1
2026-05-09;610;C315;Type 3;C;3;25;0;1
2026-05-09;611;C316;Type 2;C;3;15;0;1
2026-05-09;612;C317;Type 1;C;3;25;0;1
2026-05-09;613;C318;Type 2;C;3;30;1;0
2026-05-09;614;C319;Type 2;C;3;15;0;1
2026-05-09;615;C320;Type 1;C;3;30;0;1
2026-05-09;616;C321;Type 2;C;3;15;0;1
2026-05-09;617;C322;Type 2;C;3;10;0;1
2026-05-09;618;C323;Type 3;C;3;15;1;0
2026-05-09;619;C324;Type 1;C;3;25;1;0
2026-05-09;620;C325;Type 3;C;3;15;0;1
2026-05-09;621;C326;Type 4;C;3;15;1;0
2026-05-09;622;C327;Type 3;C;3;15;0;1
2026-05-09;623;C328;Type 2;C;3;20;0;1
2026-05-09;624;C329;Type 3;C;3;15;0;1
2026-05-09;625;C330;Type 2;C;3;30;1;0
2026-05-09;626;C331;Type 4;C;3;10;0;1
2026-05-09;627;C332;Type 3;C;3;20;0;1
2026-05-09;628;C333;Type 1;C;3;35;0;1
2026-05-09;629;C334;Type 1;C;3;15;0;1
2026-05-09;630;C335;Type 1;C;3;30;1;0
2026-05-09;631;C336;Type 5;C;3;10;1;0
2026-05-09;632;C337;Type 2;C;3;25;0;1
2026-05-09;633;C338;Type 1;C;3;20;1;0
2026-05-09;634;C339;Type 1;C;3;30;1;0
2026-05-09;635;C340;Type 2;C;3;20;0;1
2026-05-09;636;C341;Type 1;C;3;20;0;1
2026-05-09;637;C342;Type 3;C;3;10;0;1
2026-05-09;638;C343;Type 2;C;3;25;0;1
2026-05-09;639;C344;Type 1;C;3;20;1;0
2026-05-09;640;C345;Type 3;C;3;35;1;0
2026-05-09;641;C346;Type 3;C;3;15;1;0
2026-05-09;642;C347;Type 1;C;3;20;0;1
2026-05-09;643;C348;Type 1;C;3;25;1;0
2026-05-09;644;C349;Type 2;C;3;15;1;0
2026-05-09;645;C350;Type 1;C;3;15;0;1
2026-05-09;646;C351;Type 2;C;3;25;0;1
2026-05-09;647;C352;Type 2;C;3;10;0;1
2026-05-09;648;C353;Type 1;C;3;15;0;1
2026-05-09;649;C354;Type 3;C;3;20;0;1
2026-05-09;650;C355;Type 2;C;3;25;1;0
2026-05-09;651;C356;Type 3;C;3;15;0;1
2026-05-09;652;C357;Type 2;C;3;15;0;1
2026-05-09;653;C358;Type 1;C;3;15;0;1
2026-05-09;654;C359;Type 2;C;3;10;0;1
2026-05-09;655;C360;Type 1;C;3;30;0;1
2026-05-09;656;C361;Type 1;C;3;25;0;1
2026-05-09;657;C362;Type 2;C;3;20;1;0
2026-05-09;658;C363;Type 2;C;3;20;1;0
2026-05-09;659;C364;Type 1;C;3;10;0;1
2026-05-09;660;C365;Type 2;C;3;30;1;0
2026-05-09;661;C366;Type 1;C;3;20;1;0
2026-05-09;662;C367;Type 1;C;3;20;1;0
2026-05-09;663;C368;Type 1;C;3;15;0;1
2026-05-09;664;C369;Type 1;C;3;15;0;1
2026-05-09;665;C370;Type 1;C;3;25;0;1
2026-05-09;666;C371;Type 2;C;3;10;1;0
2026-05-09;667;C372;Type 4;C;3;25;1;0
2026-05-09;668;C373;Type 1;C;3;25;1;0
2026-05-09;669;C374;Type 5;C;3;25;0;1
2026-05-09;670;C375;Type 1;C;3;15;1;0
2026-05-09;671;C376;Type 3;C;3;30;1;0
2026-05-09;672;C377;Type 1;C;3;20;1;0
2026-05-09;673;C378;Type 2;C;3;25;0;1
2026-05-09;674;C379;Type 2;C;3;10;1;0
2026-05-09;675;C380;Type 1;C;3;10;0;1
2026-05-09;676;C381;Type 5;C;3;15;0;1
2026-05-09;677;C382;Type 1;C;3;20;1;0
2026-05-09;678;C383;Type 3;C;3;30;1;0
2026-05-09;679;C384;Type 2;C;3;25;0;1
2026-05-09;680;C385;Type 3;C;3;15;0;1
2026-05-09;681;C386;Type 2;C;3;15;0;1
2026-05-09;682;C387;Type 1;C;3;25;0;1
2026-05-09;683;C388;Type 3;C;3;10;1;0
2026-05-09;684;C389;Type 2;C;3;25;1;0
2026-05-09;685;C390;Type 4;C;3;20;0;1
2026-05-09;686;C391;Type 1;C;3;25;1;0
2026-05-09;687;C392;Type 2;C;3;20;1;0
2026-05-09;688;C393;Type 2;C;3;15;0;1
2026-05-09;689;C394;Type 5;C;3;20;1;0
2026-05-09;690;C395;Type 1;C;3;20;1;0
2026-05-09;691;C396;Type 3;C;3;25;1;0
2026-05-09;692;C397;Type 1;C;3;35;0;1
2026-05-09;693;C398;Type 3;C;3;15;0;1
2026-05-09;694;C399;Type 2;C;3;20;0;1
2026-05-09;695;C401;Type 2;C;4;15;0;1
2026-05-09;696;C402;Type 1;C;4;25;1;0
2026-05-09;697;C403;Type 2;C;4;15;1;0
2026-05-09;698;C404;Type 1;C;4;15;1;0
2026-05-09;699;C405;Type 1;C;4;20;1;0
2026-05-09;700;C406;Type 2;C;4;10;1;0
2026-05-09;701;C407;Type 4;C;4;15;0;1
2026-05-09;702;C408;Type 2;C;4;20;0;1
2026-05-09;703;C409;Type 4;C;4;20;1;0
2026-05-09;704;C410;Type 3;C;4;15;0;1
2026-05-09;705;C411;Type 2;C;4;10;1;0
2026-05-09;706;C412;Type 2;C;4;20;0;1
2026-05-09;707;C413;Type 1;C;4;10;1;0
2026-05-09;708;C414;Type 1;C;4;20;0;1
2026-05-09;709;C415;Type 2;C;4;10;1;0
2026-05-09;710;C416;Type 1;C;4;15;1;0
2026-05-09;711;C417;Type 1;C;4;15;0;1
2026-05-09;712;C418;Type 1;C;4;20;1;0
2026-05-09;713;C419;Type 2;C;4;15;0;1
2026-05-09;714;C420;Type 2;C;4;15;0;1
2026-05-09;715;C421;Type 1;C;4;25;0;1
2026-05-09;716;C422;Type 1;C;4;25;0;1
2026-05-09;717;C423;Type 2;C;4;15;1;0
2026-05-09;718;C424;Type 2;C;4;15;0;1
2026-05-09;719;C425;Type 2;C;4;15;0;1
2026-05-09;720;C426;Type 3;C;4;15;0;1
2026-05-09;721;C427;Type 2;C;4;10;1;0
2026-05-09;722;C428;Type 3;C;4;35;0;1
2026-05-09;723;C429;Type 3;C;4;15;0;1
2026-05-09;724;C430;Type 2;C;4;10;1;0
2026-05-09;725;C431;Type 2;C;4;10;0;1
2026-05-09;726;C432;Type 2;C;4;25;1;0
2026-05-09;727;C433;Type 2;C;4;20;0;1
2026-05-09;728;C434;Type 1;C;4;25;0;1
2026-05-09;729;C435;Type 1;C;4;20;0;1
2026-05-09;730;C436;Type 2;C;4;20;0;1
2026-05-09;731;C437;Type 2;C;4;15;0;1
2026-05-09;732;C438;Type 3;C;4;15;1;0
2026-05-09;733;C439;Type 2;C;4;10;1;0
2026-05-09;734;C440;Type 2;C;4;10;0;1
2026-05-09;735;C441;Type 1;C;4;10;0;1
2026-05-09;736;C442;Type 1;C;4;20;0;1
2026-05-09;737;C443;Type 1;C;4;20;0;1
2026-05-09;738;C444;Type 3;C;4;25;1;0
2026-05-09;739;C445;Type 1;C;4;15;0;1
2026-05-09;740;C446;Type 2;C;4;15;0;1
2026-05-09;741;C447;Type 2;C;4;15;0;1
2026-05-09;742;C448;Type 1;C;4;20;1;0
2026-05-09;743;C449;Type 1;C;4;20;1;0
2026-05-09;744;C450;Type 2;C;4;40;1;0
2026-05-09;745;C451;Type 1;C;4;25;1;0
2026-05-09;746;C452;Type 2;C;4;25;1;0
2026-05-09;747;C453;Type 2;C;4;15;0;1
2026-05-09;748;C454;Type 1;C;4;10;1;0
2026-05-09;749;C455;Type 1;C;4;20;0;1
2026-05-09;750;C456;Type 2;C;4;25;0;1
2026-05-09;751;C457;Type 4;C;4;10;0;1
2026-05-09;752;C458;Type 1;C;4;20;0;1
2026-05-09;753;C459;Type 1;C;4;25;0;1
2026-05-09;754;C460;Type 1;C;4;15;0;1
2026-05-09;755;C461;Type 3;C;4;15;0;1
2026-05-09;756;C462;Type 1;C;4;20;0;1
2026-05-09;757;C463;Type 1;C;4;20;0;1
2026-05-09;758;C464;Type 4;C;4;25;0;1
2026-05-09;759;C465;Type 1;C;4;10;0;1
2026-05-09;760;C466;Type 3;C;4;15;1;0
2026-05-09;761;C467;Type 1;C;4;25;0;1
2026-05-09;762;C468;Type 1;C;4;10;1;0
2026-05-09;763;C469;Type 1;C;4;15;1;0
2026-05-09;764;C470;Type 2;C;4;30;1;0
2026-05-09;765;C471;Type 2;C;4;10;1;0
2026-05-09;766;C472;Type 2;C;4;30;1;0
2026-05-09;767;C473;Type 1;C;4;20;0;1
2026-05-09;768;C474;Type 1;C;4;20;1;0
2026-05-09;769;C475;Type 2;C;4;10;0;1
2026-05-09;770;C476;Type 3;C;4;20;0;1
2026-05-09;771;C477;Type 1;C;4;15;1;0
2026-05-09;772;C478;Type 2;C;4;25;1;0
2026-05-09;773;C479;Type 2;C;4;10;0;1
2026-05-09;774;C480;Type 2;C;4;25;0;1
2026-05-09;775;C481;Type 1;C;4;20;0;1
2026-05-09;776;C482;Type 3;C;4;15;1;0
2026-05-09;777;C483;Type 1;C;4;30;1;0
2026-05-09;778;C484;Type 2;C;4;20;0;1
2026-05-09;779;C485;Type 2;C;4;30;0;1
2026-05-09;780;C486;Type 4;C;4;35;0;1
2026-05-09;781;C487;Type 2;C;4;25;0;1
2026-05-09;782;C488;Type 1;C;4;30;1;0
2026-05-09;783;C489;Type 2;C;4;20;1;0
2026-05-09;784;C490;Type 3;C;4;10;1;0
2026-05-09;785;C491;Type 1;C;4;20;1;0
2026-05-09;786;C492;Type 1;C;4;15;1;0
2026-05-10;0;A001;Type 3;A;0;10;0;1
2026-05-10;1;A002;Type 2;A;0;10;0;1
2026-05-10;2;A003;Type 3;A;0;10;0;1
2026-05-10;3;A004;Type 4;A;0;15;1;0
2026-05-10;4;A005;Type 1;A;0;10;1;0
2026-05-10;5;A006;Type 2;A;0;10;1;0
2026-05-10;6;A007;Type 2;A;0;10;0;1
2026-05-10;7;A008;Type 2;A;0;15;1;0
2026-05-10;8;A009;Type 2;A;0;25;1;0
2026-05-10;9;A010;Type 2;A;0;10;1;0
2026-05-10;10;A101;Type 2;A;1;10;1;0
2026-05-10;11;A102;Type 3;A;1;25;1;0
2026-05-10;12;A103;Type 4;A;1;15;1;0
2026-05-10;13;A104;Type 3;A;1;15;1;0
2026-05-10;14;A105;Type 2;A;1;15;1;0
2026-05-10;15;A106;Type 3;A;1;10;1;0
2026-05-10;16;A107;Type 2;A;1;10;1;0
2026-05-10;17;A108;Type 2;A;1;20;0;1
2026-05-10;18;A109;Type 2;A;1;10;1;0
2026-05-10;19;A110;Type 1;A;1;10;1;0
2026-05-10;20;A111;Type 1;A;1;15;0;1
2026-05-10;21;A112;Type 2;A;1;15;0;1
2026-05-10;22;A113;Type 3;A;1;10;1;0
2026-05-10;23;A114;Type 1;A;1;10;1;0
2026-05-10;24;A115;Type 2;A;1;15;1;0
2026-05-10;25;A116;Type 1;A;1;20;0;1
2026-05-10;26;A117;Type 1;A;1;10;1;0
2026-05-10;27;A118;Type 2;A;1;10;1;0
2026-05-10;28;A119;Type 1;A;1;10;1;0
2026-05-10;29;A120;Type 3;A;1;10;1;0
2026-05-10;30;A121;Type 3;A;1;15;1;0
2026-05-10;31;A122;Type 1;A;1;10;1;0
2026-05-10;32;A123;Type 2;A;1;10;0;1
2026-05-10;33;A124;Type 3;A;1;10;1;0
2026-05-10;34;A125;Type 3;A;1;10;1;0
2026-05-10;35;A126;Type 1;A;1;15;1;0
2026-05-10;36;A127;Type 2;A;1;20;1;0
2026-05-10;37;A128;Type 2;A;1;20;1;0
2026-05-10;38;A129;Type 2;A;1;10;1;0
2026-05-10;39;A130;Type 1;A;1;15;1;0
2026-05-10;40;A131;Type 4;A;1;15;1;0
2026-05-10;41;A132;Type 3;A;1;25;1;0
2026-05-10;42;A133;Type 1;A;1;10;1;0
2026-05-10;43;A134;Type 1;A;1;10;1;0
2026-05-10;44;A135;Type 1;A;1;15;0;1
2026-05-10;45;A136;Type 3;A;1;10;0;1
2026-05-10;46;A137;Type 4;A;1;20;1;0
2026-05-10;47;A138;Type 1;A;1;10;1;0
2026-05-10;48;A139;Type 1;A;1;30;1;0
2026-05-10;49;A140;Type 1;A;1;10;1;0
2026-05-10;50;A141;Type 1;A;1;25;1;0
2026-05-10;51;A142;Type 4;A;1;15;1;0
2026-05-10;52;A143;Type 3;A;1;10;0;1
2026-05-10;53;A144;Type 1;A;1;25;1;0
2026-05-10;54;A145;Type 3;A;1;20;1;0
2026-05-10;55;A146;Type 1;A;1;20;1;0
2026-05-10;56;A147;Type 2;A;1;15;1;0
2026-05-10;57;A148;Type 3;A;1;20;1;0
2026-05-10;58;A149;Type 1;A;1;10;1;0
2026-05-10;59;A150;Type 2;A;1;15;1;0
2026-05-10;60;A201;Type 1;A;2;20;1;0
2026-05-10;61;A202;Type 2;A;2;15;1;0
2026-05-10;62;A203;Type 3;A;2;10;1;0
2026-05-10;63;A204;Type 1;A;2;20;1;0
2026-05-10;64;A205;Type 1;A;2;10;1;0
2026-05-10;65;A206;Type 2;A;2;15;0;1
2026-05-10;66;A207;Type 2;A;2;10;1;0
2026-05-10;67;A208;Type 1;A;2;10;1;0
2026-05-10;68;A209;Type 1;A;2;10;1;0
2026-05-10;69;A210;Type 3;A;2;20;1;0
2026-05-10;70;A211;Type 1;A;2;20;1;0
2026-05-10;71;A212;Type 1;A;2;25;1;0
2026-05-10;72;A213;Type 1;A;2;10;1;0
2026-05-10;73;A214;Type 2;A;2;10;1;0
2026-05-10;74;A215;Type 2;A;2;15;1;0
2026-05-10;75;A216;Type 3;A;2;15;1;0
2026-05-10;76;A217;Type 2;A;2;10;1;0
2026-05-10;77;A218;Type 1;A;2;15;1;0
2026-05-10;78;A219;Type 1;A;2;20;0;1
2026-05-10;79;A220;Type 2;A;2;20;1;0
2026-05-10;80;A221;Type 4;A;2;10;0;1
2026-05-10;81;A222;Type 3;A;2;10;1;0
2026-05-10;82;A223;Type 2;A;2;10;1;0
2026-05-10;83;A224;Type 2;A;2;25;1;0
2026-05-10;84;A225;Type 2;A;2;10;0;1
2026-05-10;85;A226;Type 2;A;2;15;0;1
2026-05-10;86;A227;Type 1;A;2;10;1;0
2026-05-10;87;A228;Type 1;A;2;10;0;1
2026-05-10;88;A229;Type 3;A;2;10;1;0
2026-05-10;89;A230;Type 1;A;2;15;1;0
2026-05-10;90;A231;Type 2;A;2;10;0;1
2026-05-10;91;A232;Type 1;A;2;10;1;0
2026-05-10;92;A233;Type 2;A;2;15;1;0
2026-05-10;93;A234;Type 1;A;2;15;1;0
2026-05-10;94;A235;Type 1;A;2;15;1;0
2026-05-10;95;A236;Type 2;A;2;10;1;0
2026-05-10;96;A237;Type 3;A;2;10;1;0
2026-05-10;97;A238;Type 3;A;2;20;1;0
2026-05-10;98;A239;Type 4;A;2;20;0;1
2026-05-10;99;A240;Type 2;A;2;10;1;0
2026-05-10;100;B001;Type 1;B;0;15;0;1
2026-05-10;101;B002;Type 1;B;0;15;0;1
2026-05-10;102;B003;Type 2;B;0;10;1;0
2026-05-10;103;B004;Type 2;B;0;15;1;0
2026-05-10;104;B005;Type 3;B;0;30;1;0
2026-05-10;105;B006;Type 3;B;0;25;1;0
2026-05-10;106;B007;Type 2;B;0;15;1;0
2026-05-10;107;B008;Type 3;B;0;25;1;0
2026-05-10;108;B009;Type 4;B;0;50;0;1
2026-05-10;109;B010;Type 2;B;0;20;1;0
2026-05-10;110;B011;Type 1;B;0;25;0;1
2026-05-10;111;B012;Type 2;B;0;20;0;1
2026-05-10;112;B013;Type 1;B;0;20;1;0
2026-05-10;113;B014;Type 2;B;0;25;1;0
2026-05-10;114;B015;Type 2;B;0;30;1;0
2026-05-10;115;B016;Type 3;B;0;30;1;0
2026-05-10;116;B017;Type 1;B;0;15;0;1
2026-05-10;117;B018;Type 1;B;0;10;1;0
2026-05-10;118;B019;Type 4;B;0;20;1;0
2026-05-10;119;B020;Type 1;B;0;20;1;0
2026-05-10;120;B101;Type 1;B;1;25;1;0
2026-05-10;121;B102;Type 1;B;1;20;1;0
2026-05-10;122;B103;Type 2;B;1;15;1;0
2026-05-10;123;B104;Type 3;B;1;15;0;1
2026-05-10;124;B105;Type 1;B;1;25;1;0
2026-05-10;125;B106;Type 1;B;1;25;1;0
2026-05-10;126;B107;Type 4;B;1;20;0;1
2026-05-10;127;B108;Type 2;B;1;15;0;1
2026-05-10;128;B109;Type 2;B;1;20;0;1
2026-05-10;129;B110;Type 1;B;1;15;1;0
2026-05-10;130;B111;Type 2;B;1;15;1;0
2026-05-10;131;B112;Type 1;B;1;30;1;0
2026-05-10;132;B113;Type 1;B;1;20;1;0
2026-05-10;133;B114;Type 3;B;1;10;1;0
2026-05-10;134;B115;Type 3;B;1;20;1;0
2026-05-10;135;B116;Type 1;B;1;20;1;0
2026-05-10;136;B117;Type 5;B;1;20;1;0
2026-05-10;137;B118;Type 2;B;1;25;1;0
2026-05-10;138;B119;Type 1;B;1;15;1;0
2026-05-10;139;B120;Type 1;B;1;20;0;1
2026-05-10;140;B121;Type 1;B;1;10;1;0
2026-05-10;141;B122;Type 2;B;1;20;1;0
2026-05-10;142;B123;Type 1;B;1;25;0;1
2026-05-10;143;B124;Type 2;B;1;30;1;0
2026-05-10;144;B125;Type 2;B;1;20;1;0
2026-05-10;145;B126;Type 1;B;1;20;1;0
2026-05-10;146;B127;Type 1;B;1;15;1;0
2026-05-10;147;B128;Type 4;B;1;25;1;0
2026-05-10;148;B129;Type 1;B;1;15;0;1
2026-05-10;149;B130;Type 2;B;1;25;1;0
2026-05-10;150;B131;Type 1;B;1;30;1;0
2026-05-10;151;B132;Type 2;B;1;20;1;0
2026-05-10;152;B133;Type 1;B;1;35;1;0
2026-05-10;153;B134;Type 2;B;1;20;1;0
2026-05-10;154;B135;Type 1;B;1;15;1;0
2026-05-10;155;B136;Type 2;B;1;10;1;0
2026-05-10;156;B137;Type 2;B;1;20;1;0
2026-05-10;157;B138;Type 3;B;1;25;1;0
2026-05-10;158;B139;Type 3;B;1;15;0;1
2026-05-10;159;B140;Type 4;B;1;20;1;0
2026-05-10;160;B141;Type 1;B;1;25;1;0
2026-05-10;161;B142;Type 3;B;1;20;1;0
2026-05-10;162;B143;Type 3;B;1;25;1;0
2026-05-10;163;B144;Type 3;B;1;10;1;0
2026-05-10;164;B145;Type 2;B;1;20;1;0
2026-05-10;165;B146;Type 1;B;1;15;1;0
2026-05-10;166;B147;Type 3;B;1;15;1;0
2026-05-10;167;B148;Type 1;B;1;30;0;1
2026-05-10;168;B149;Type 2;B;1;15;1;0
2026-05-10;169;B150;Type 4;B;1;20;1;0
2026-05-10;170;B151;Type 5;B;1;20;0;1
2026-05-10;171;B152;Type 3;B;1;25;1;0
2026-05-10;172;B153;Type 2;B;1;30;1;0
2026-05-10;173;B154;Type 1;B;1;35;1;0
2026-05-10;174;B155;Type 3;B;1;45;1;0
2026-05-10;175;B156;Type 2;B;1;20;1;0
2026-05-10;176;B157;Type 1;B;1;20;1;0
2026-05-10;177;B158;Type 4;B;1;40;1;0
2026-05-10;178;B159;Type 1;B;1;25;0;1
2026-05-10;179;B160;Type 3;B;1;20;1;0
2026-05-10;180;B161;Type 2;B;1;20;1;0
2026-05-10;181;B162;Type 1;B;1;25;1;0
2026-05-10;182;B163;Type 2;B;1;20;1;0
2026-05-10;183;B164;Type 1;B;1;35;1;0
2026-05-10;184;B165;Type 3;B;1;10;1;0
2026-05-10;185;B166;Type 1;B;1;30;1;0
2026-05-10;186;B167;Type 2;B;1;20;1;0
2026-05-10;187;B168;Type 3;B;1;30;1;0
2026-05-10;188;B169;Type 3;B;1;25;1;0
2026-05-10;189;B170;Type 1;B;1;20;1;0
2026-05-10;190;B171;Type 2;B;1;20;1;0
2026-05-10;191;B172;Type 2;B;1;20;1;0
2026-05-10;192;B173;Type 1;B;1;10;1;0
2026-05-10;193;B174;Type 1;B;1;20;1;0
2026-05-10;194;B175;Type 1;B;1;15;1;0
2026-05-10;195;B176;Type 1;B;1;25;1;0
2026-05-10;196;B177;Type 1;B;1;10;0;1
2026-05-10;197;B178;Type 1;B;1;25;1;0
2026-05-10;198;B179;Type 1;B;1;15;1;0
2026-05-10;199;B180;Type 3;B;1;20;1;0
2026-05-10;200;B201;Type 4;B;2;15;1;0
2026-05-10;201;B202;Type 1;B;2;30;1;0
2026-05-10;202;B203;Type 1;B;2;15;1;0
2026-05-10;203;B204;Type 1;B;2;15;1;0
2026-05-10;204;B205;Type 2;B;2;25;1;0
2026-05-10;205;B206;Type 2;B;2;25;1;0
2026-05-10;206;B207;Type 2;B;2;15;1;0
2026-05-10;207;B208;Type 1;B;2;10;1;0
2026-05-10;208;B209;Type 1;B;2;25;1;0
2026-05-10;209;B210;Type 4;B;2;25;1;0
2026-05-10;210;B211;Type 3;B;2;15;1;0
2026-05-10;211;B212;Type 4;B;2;20;1;0
2026-05-10;212;B213;Type 5;B;2;25;1;0
2026-05-10;213;B214;Type 1;B;2;15;0;1
2026-05-10;214;B215;Type 1;B;2;25;1;0
2026-05-10;215;B216;Type 1;B;2;20;0;1
2026-05-10;216;B217;Type 3;B;2;25;1;0
2026-05-10;217;B218;Type 2;B;2;20;1;0
2026-05-10;218;B219;Type 3;B;2;10;1;0
2026-05-10;219;B220;Type 3;B;2;25;1;0
2026-05-10;220;B221;Type 2;B;2;20;1;0
2026-05-10;221;B222;Type 3;B;2;25;1;0
2026-05-10;222;B223;Type 4;B;2;30;1;0
2026-05-10;223;B224;Type 3;B;2;15;1;0
2026-05-10;224;B225;Type 1;B;2;20;1;0
2026-05-10;225;B226;Type 1;B;2;15;1;0
2026-05-10;226;B227;Type 1;B;2;20;0;1
2026-05-10;227;B228;Type 3;B;2;10;0;1
2026-05-10;228;B229;Type 2;B;2;25;1;0
2026-05-10;229;B230;Type 3;B;2;15;0;1
2026-05-10;230;B231;Type 1;B;2;20;1;0
2026-05-10;231;B232;Type 2;B;2;25;1;0
2026-05-10;232;B233;Type 2;B;2;25;0;1
2026-05-10;233;B234;Type 3;B;2;10;1;0
2026-05-10;234;B235;Type 3;B;2;15;0;1
2026-05-10;235;B236;Type 3;B;2;20;1;0
2026-05-10;236;B237;Type 1;B;2;15;1;0
2026-05-10;237;B238;Type 1;B;2;25;1;0
2026-05-10;238;B239;Type 2;B;2;25;0;1
2026-05-10;239;B240;Type 1;B;2;15;1;0
2026-05-10;240;B241;Type 1;B;2;20;1;0
2026-05-10;241;B242;Type 2;B;2;10;1;0
2026-05-10;242;B243;Type 1;B;2;20;1;0
2026-05-10;243;B244;Type 5;B;2;20;1;0
2026-05-10;244;B245;Type 3;B;2;35;0;1
2026-05-10;245;B246;Type 3;B;2;55;1;0
2026-05-10;246;B247;Type 2;B;2;10;1;0
2026-05-10;247;B248;Type 1;B;2;15;1;0
2026-05-10;248;B249;Type 1;B;2;20;1;0
2026-05-10;249;B250;Type 2;B;2;15;1;0
2026-05-10;250;B251;Type 3;B;2;25;1;0
2026-05-10;251;B252;Type 4;B;2;10;1;0
2026-05-10;252;B253;Type 1;B;2;20;1;0
2026-05-10;253;B254;Type 1;B;2;20;1;0
2026-05-10;254;B255;Type 2;B;2;20;1;0
2026-05-10;255;B256;Type 5;B;2;25;1;0
2026-05-10;256;B257;Type 3;B;2;10;1;0
2026-05-10;257;B258;Type 2;B;2;20;1;0
2026-05-10;258;B259;Type 2;B;2;30;1;0
2026-05-10;259;B260;Type 1;B;2;25;1;0
2026-05-10;260;B261;Type 2;B;2;15;1;0
2026-05-10;261;B262;Type 1;B;2;20;1;0
2026-05-10;262;B263;Type 2;B;2;15;1;0
2026-05-10;263;B264;Type 2;B;2;25;1;0
2026-05-10;264;B265;Type 2;B;2;20;1;0
2026-05-10;265;B266;Type 2;B;2;20;1;0
2026-05-10;266;B267;Type 3;B;2;15;1;0
2026-05-10;267;B268;Type 2;B;2;15;1;0
2026-05-10;268;B269;Type 1;B;2;20;1;0
2026-05-10;269;B270;Type 2;B;2;20;1;0
2026-05-10;270;B271;Type 1;B;2;10;1;0
2026-05-10;271;B272;Type 1;B;2;15;1;0
2026-05-10;272;B273;Type 1;B;2;30;1;0
2026-05-10;273;B274;Type 1;B;2;15;1;0
2026-05-10;274;B275;Type 3;B;2;25;1;0
2026-05-10;275;B276;Type 2;B;2;25;1;0
2026-05-10;276;B277;Type 3;B;2;20;1;0
2026-05-10;277;B278;Type 3;B;2;25;1;0
2026-05-10;278;B279;Type 1;B;2;15;1;0
2026-05-10;279;B280;Type 1;B;2;35;1;0
2026-05-10;280;B281;Type 3;B;2;25;1;0
2026-05-10;281;B282;Type 2;B;2;10;0;1
2026-05-10;282;B283;Type 2;B;2;20;1;0
2026-05-10;283;B284;Type 3;B;2;15;1;0
2026-05-10;284;B285;Type 3;B;2;15;1;0
2026-05-10;285;B286;Type 2;B;2;25;1;0
2026-05-10;286;B287;Type 2;B;2;15;1;0
2026-05-10;287;B288;Type 2;B;2;15;1;0
2026-05-10;288;B289;Type 2;B;2;25;1;0
2026-05-10;289;B290;Type 4;B;2;15;1;0
2026-05-10;290;B291;Type 1;B;2;15;1;0
2026-05-10;291;B292;Type 3;B;2;35;0;1
2026-05-10;292;B293;Type 2;B;2;15;1;0
2026-05-10;293;B294;Type 1;B;2;20;0;1
2026-05-10;294;B295;Type 2;B;2;10;1;0
2026-05-10;295;B296;Type 3;B;2;20;0;1
2026-05-10;296;B297;Type 2;B;2;45;0;1
2026-05-10;297;B298;Type 1;B;2;15;1;0
2026-05-10;298;B299;Type 1;B;2;20;1;0
2026-05-10;299;B301;Type 3;B;3;10;1;0
2026-05-10;300;B302;Type 3;B;3;25;1;0
2026-05-10;301;B303;Type 3;B;3;20;1;0
2026-05-10;302;B304;Type 2;B;3;20;1;0
2026-05-10;303;B305;Type 2;B;3;20;1;0
2026-05-10;304;B306;Type 3;B;3;30;1;0
2026-05-10;305;B307;Type 1;B;3;20;1;0
2026-05-10;306;B308;Type 1;B;3;20;1;0
2026-05-10;307;B309;Type 4;B;3;20;1;0
2026-05-10;308;B310;Type 2;B;3;35;0;1
2026-05-10;309;B311;Type 2;B;3;15;1;0
2026-05-10;310;B312;Type 3;B;3;25;0;1
2026-05-10;311;B313;Type 1;B;3;15;1;0
2026-05-10;312;B314;Type 2;B;3;10;1;0
2026-05-10;313;B315;Type 1;B;3;10;1;0
2026-05-10;314;B316;Type 1;B;3;40;1;0
2026-05-10;315;B317;Type 3;B;3;25;1;0
2026-05-10;316;B318;Type 2;B;3;20;0;1
2026-05-10;317;B319;Type 2;B;3;10;1;0
2026-05-10;318;B320;Type 1;B;3;15;1;0
2026-05-10;319;B321;Type 5;B;3;20;0;1
2026-05-10;320;B322;Type 1;B;3;30;0;1
2026-05-10;321;B323;Type 2;B;3;30;0;1
2026-05-10;322;B324;Type 2;B;3;25;1;0
2026-05-10;323;B325;Type 1;B;3;10;1;0
2026-05-10;324;B326;Type 1;B;3;25;1;0
2026-05-10;325;B327;Type 4;B;3;25;1;0
2026-05-10;326;B328;Type 2;B;3;15;0;1
2026-05-10;327;B329;Type 3;B;3;15;1;0
2026-05-10;328;B330;Type 1;B;3;15;1;0
2026-05-10;329;B331;Type 1;B;3;30;1;0
2026-05-10;330;B332;Type 1;B;3;25;0;1
2026-05-10;331;B333;Type 3;B;3;20;0;1
2026-05-10;332;B334;Type 2;B;3;25;1;0
2026-05-10;333;B335;Type 2;B;3;20;1;0
2026-05-10;334;B336;Type 2;B;3;30;1;0
2026-05-10;335;B337;Type 2;B;3;20;1;0
2026-05-10;336;B338;Type 1;B;3;15;1;0
2026-05-10;337;B339;Type 2;B;3;20;1;0
2026-05-10;338;B340;Type 1;B;3;20;1;0
2026-05-10;339;B341;Type 2;B;3;30;1;0
2026-05-10;340;B342;Type 2;B;3;15;1;0
2026-05-10;341;B343;Type 2;B;3;15;1;0
2026-05-10;342;B344;Type 2;B;3;10;1;0
2026-05-10;343;B345;Type 1;B;3;20;1;0
2026-05-10;344;B346;Type 3;B;3;15;1;0
2026-05-10;345;B347;Type 2;B;3;10;1;0
2026-05-10;346;B348;Type 1;B;3;15;1;0
2026-05-10;347;B349;Type 2;B;3;15;1;0
2026-05-10;348;B350;Type 1;B;3;20;0;1
2026-05-10;349;B351;Type 1;B;3;10;1;0
2026-05-10;350;B352;Type 2;B;3;20;1;0
2026-05-10;351;B353;Type 3;B;3;15;1;0
2026-05-10;352;B354;Type 2;B;3;20;1;0
2026-05-10;353;B355;Type 2;B;3;10;1;0
2026-05-10;354;B356;Type 2;B;3;30;1;0
2026-05-10;355;B357;Type 2;B;3;15;1;0
2026-05-10;356;B358;Type 2;B;3;15;1;0
2026-05-10;357;B359;Type 1;B;3;10;1;0
2026-05-10;358;B360;Type 1;B;3;10;1;0
2026-05-10;359;B361;Type 1;B;3;25;0;1
2026-05-10;360;B362;Type 1;B;3;20;1;0
2026-05-10;361;B363;Type 5;B;3;20;1;0
2026-05-10;362;B364;Type 2;B;3;35;1;0
2026-05-10;363;B365;Type 2;B;3;20;1;0
2026-05-10;364;B366;Type 1;B;3;15;1;0
2026-05-10;365;B367;Type 2;B;3;15;1;0
2026-05-10;366;B368;Type 5;B;3;20;1;0
2026-05-10;367;B369;Type 2;B;3;15;0;1
2026-05-10;368;B370;Type 1;B;3;20;1;0
2026-05-10;369;B371;Type 2;B;3;15;1;0
2026-05-10;370;B372;Type 2;B;3;20;1;0
2026-05-10;371;B373;Type 3;B;3;15;1;0
2026-05-10;372;B374;Type 2;B;3;15;0;1
2026-05-10;373;B375;Type 3;B;3;15;1;0
2026-05-10;374;B376;Type 2;B;3;15;1;0
2026-05-10;375;B377;Type 1;B;3;20;0;1
2026-05-10;376;B378;Type 1;B;3;20;1;0
2026-05-10;377;B379;Type 2;B;3;15;1;0
2026-05-10;378;B380;Type 1;B;3;25;1;0
2026-05-10;379;B381;Type 2;B;3;25;1;0
2026-05-10;380;B382;Type 2;B;3;25;0;1
2026-05-10;381;B383;Type 1;B;3;35;1;0
2026-05-10;382;B384;Type 1;B;3;15;0;1
2026-05-10;383;B385;Type 1;B;3;20;1;0
2026-05-10;384;B386;Type 1;B;3;20;0;1
2026-05-10;385;B387;Type 2;B;3;15;1;0
2026-05-10;386;B388;Type 3;B;3;25;0;1
2026-05-10;387;B389;Type 3;B;3;20;1;0
2026-05-10;388;B390;Type 1;B;3;25;1;0
2026-05-10;389;B391;Type 2;B;3;25;1;0
2026-05-10;390;B392;Type 1;B;3;25;1;0
2026-05-10;391;B393;Type 2;B;3;20;1;0
2026-05-10;392;B394;Type 3;B;3;15;1;0
2026-05-10;393;B395;Type 1;B;3;35;1;0
2026-05-10;394;B396;Type 1;B;3;15;1;0
2026-05-10;395;B397;Type 4;B;3;10;0;1
2026-05-10;396;B398;Type 1;B;3;25;1;0
2026-05-10;397;C001;Type 2;C;0;15;1;0
2026-05-10;398;C002;Type 1;C;0;15;1;0
2026-05-10;399;C003;Type 2;C;0;15;1;0
2026-05-10;400;C004;Type 1;C;0;40;1;0
2026-05-10;401;C005;Type 2;C;0;20;1;0
2026-05-10;402;C006;Type 1;C;0;15;1;0
2026-05-10;403;C007;Type 2;C;0;15;1;0
2026-05-10;404;C008;Type 3;C;0;20;0;1
2026-05-10;405;C009;Type 2;C;0;20;1;0
2026-05-10;406;C010;Type 1;C;0;20;0;1
2026-05-10;407;C011;Type 1;C;0;25;1;0
2026-05-10;408;C012;Type 3;C;0;20;1;0
2026-05-10;409;C013;Type 1;C;0;10;0;1
2026-05-10;410;C014;Type 3;C;0;10;1;0
2026-05-10;411;C015;Type 1;C;0;20;1;0
2026-05-10;412;C016;Type 4;C;0;10;1;0
2026-05-10;413;C017;Type 2;C;0;10;1;0
2026-05-10;414;C018;Type 2;C;0;25;1;0
2026-05-10;415;C019;Type 1;C;0;20;1;0
2026-05-10;416;C020;Type 2;C;0;25;0;1
2026-05-10;417;C101;Type 2;C;1;20;0;1
2026-05-10;418;C102;Type 2;C;1;30;1;0
2026-05-10;419;C103;Type 3;C;1;15;0;1
2026-05-10;420;C104;Type 2;C;1;20;1;0
2026-05-10;421;C105;Type 2;C;1;15;1;0
2026-05-10;422;C106;Type 2;C;1;20;1;0
2026-05-10;423;C107;Type 2;C;1;20;0;1
2026-05-10;424;C108;Type 4;C;1;20;1;0
2026-05-10;425;C109;Type 2;C;1;25;1;0
2026-05-10;426;C110;Type 2;C;1;40;1;0
2026-05-10;427;C111;Type 3;C;1;20;1;0
2026-05-10;428;C112;Type 1;C;1;15;1;0
2026-05-10;429;C113;Type 1;C;1;20;1;0
2026-05-10;430;C114;Type 1;C;1;25;1;0
2026-05-10;431;C115;Type 2;C;1;15;1;0
2026-05-10;432;C116;Type 1;C;1;10;0;1
2026-05-10;433;C117;Type 1;C;1;10;1;0
2026-05-10;434;C118;Type 1;C;1;10;0;1
2026-05-10;435;C119;Type 3;C;1;15;1;0
2026-05-10;436;C120;Type 4;C;1;30;1;0
2026-05-10;437;C121;Type 2;C;1;15;1;0
2026-05-10;438;C122;Type 3;C;1;25;1;0
2026-05-10;439;C123;Type 3;C;1;25;1;0
2026-05-10;440;C124;Type 1;C;1;20;1;0
2026-05-10;441;C125;Type 1;C;1;20;1;0
2026-05-10;442;C126;Type 3;C;1;10;1;0
2026-05-10;443;C127;Type 1;C;1;20;1;0
2026-05-10;444;C128;Type 3;C;1;15;1;0
2026-05-10;445;C129;Type 2;C;1;20;1;0
2026-05-10;446;C130;Type 1;C;1;15;1;0
2026-05-10;447;C131;Type 3;C;1;30;1;0
2026-05-10;448;C132;Type 2;C;1;15;0;1
2026-05-10;449;C133;Type 3;C;1;25;1;0
2026-05-10;450;C134;Type 1;C;1;15;1;0
2026-05-10;451;C135;Type 2;C;1;25;0;1
2026-05-10;452;C136;Type 1;C;1;20;0;1
2026-05-10;453;C137;Type 3;C;1;25;1;0
2026-05-10;454;C138;Type 3;C;1;10;1;0
2026-05-10;455;C139;Type 2;C;1;25;1;0
2026-05-10;456;C140;Type 2;C;1;25;1;0
2026-05-10;457;C141;Type 2;C;1;10;1;0
2026-05-10;458;C142;Type 1;C;1;15;1;0
2026-05-10;459;C143;Type 1;C;1;25;0;1
2026-05-10;460;C144;Type 2;C;1;20;1;0
2026-05-10;461;C145;Type 1;C;1;30;1;0
2026-05-10;462;C146;Type 2;C;1;25;1;0
2026-05-10;463;C147;Type 3;C;1;15;1;0
2026-05-10;464;C148;Type 3;C;1;15;1;0
2026-05-10;465;C149;Type 1;C;1;30;1;0
2026-05-10;466;C150;Type 2;C;1;15;1;0
2026-05-10;467;C151;Type 2;C;1;20;0;1
2026-05-10;468;C152;Type 1;C;1;25;0;1
2026-05-10;469;C153;Type 1;C;1;25;1;0
2026-05-10;470;C154;Type 1;C;1;20;1;0
2026-05-10;471;C155;Type 1;C;1;25;1;0
2026-05-10;472;C156;Type 1;C;1;20;1;0
2026-05-10;473;C157;Type 2;C;1;35;1;0
2026-05-10;474;C158;Type 1;C;1;25;1;0
2026-05-10;475;C159;Type 2;C;1;25;1;0
2026-05-10;476;C160;Type 1;C;1;10;1;0
2026-05-10;477;C161;Type 1;C;1;20;0;1
2026-05-10;478;C162;Type 3;C;1;25;1;0
2026-05-10;479;C163;Type 2;C;1;15;1;0
2026-05-10;480;C164;Type 2;C;1;15;1;0
2026-05-10;481;C165;Type 1;C;1;40;1;0
2026-05-10;482;C166;Type 4;C;1;15;1;0
2026-05-10;483;C167;Type 2;C;1;25;1;0
2026-05-10;484;C168;Type 1;C;1;35;1;0
2026-05-10;485;C169;Type 3;C;1;20;1;0
2026-05-10;486;C170;Type 2;C;1;20;1;0
2026-05-10;487;C171;Type 3;C;1;30;1;0
2026-05-10;488;C172;Type 2;C;1;15;1;0
2026-05-10;489;C173;Type 1;C;1;20;1;0
2026-05-10;490;C174;Type 1;C;1;25;1;0
2026-05-10;491;C175;Type 1;C;1;20;1;0
2026-05-10;492;C176;Type 2;C;1;15;0;1
2026-05-10;493;C177;Type 5;C;1;25;1;0
2026-05-10;494;C178;Type 1;C;1;20;1;0
2026-05-10;495;C179;Type 2;C;1;30;0;1
2026-05-10;496;C180;Type 1;C;1;25;0;1
2026-05-10;497;C201;Type 1;C;2;20;1;0
2026-05-10;498;C202;Type 3;C;2;20;1;0
2026-05-10;499;C203;Type 3;C;2;20;0;1
2026-05-10;500;C204;Type 1;C;2;15;0;1
2026-05-10;501;C205;Type 2;C;2;20;1;0
2026-05-10;502;C206;Type 2;C;2;25;1;0
2026-05-10;503;C207;Type 3;C;2;25;1;0
2026-05-10;504;C208;Type 1;C;2;25;1;0
2026-05-10;505;C209;Type 1;C;2;20;1;0
2026-05-10;506;C210;Type 1;C;2;15;1;0
2026-05-10;507;C211;Type 5;C;2;35;0;1
2026-05-10;508;C212;Type 2;C;2;15;1;0
2026-05-10;509;C213;Type 4;C;2;20;1;0
2026-05-10;510;C214;Type 1;C;2;25;1;0
2026-05-10;511;C215;Type 2;C;2;15;1;0
2026-05-10;512;C216;Type 2;C;2;30;1;0
2026-05-10;513;C217;Type 2;C;2;10;0;1
2026-05-10;514;C218;Type 3;C;2;25;1;0
2026-05-10;515;C219;Type 1;C;2;10;1;0
2026-05-10;516;C220;Type 1;C;2;15;1;0
2026-05-10;517;C221;Type 3;C;2;25;0;1
2026-05-10;518;C222;Type 5;C;2;20;1;0
2026-05-10;519;C223;Type 1;C;2;20;1;0
2026-05-10;520;C224;Type 2;C;2;20;1;0
2026-05-10;521;C225;Type 2;C;2;25;0;1
2026-05-10;522;C226;Type 1;C;2;10;1;0
2026-05-10;523;C227;Type 1;C;2;20;1;0
2026-05-10;524;C228;Type 3;C;2;40;0;1
2026-05-10;525;C229;Type 2;C;2;30;1;0
2026-05-10;526;C230;Type 2;C;2;35;1;0
2026-05-10;527;C231;Type 3;C;2;20;1;0
2026-05-10;528;C232;Type 1;C;2;25;1;0
2026-05-10;529;C233;Type 4;C;2;15;0;1
2026-05-10;530;C234;Type 5;C;2;20;1;0
2026-05-10;531;C235;Type 2;C;2;10;1;0
2026-05-10;532;C236;Type 1;C;2;20;0;1
2026-05-10;533;C237;Type 1;C;2;30;1;0
2026-05-10;534;C238;Type 1;C;2;10;1;0
2026-05-10;535;C239;Type 3;C;2;15;0;1
2026-05-10;536;C240;Type 2;C;2;15;1;0
2026-05-10;537;C241;Type 2;C;2;30;0;1
2026-05-10;538;C242;Type 2;C;2;15;1;0
2026-05-10;539;C243;Type 3;C;2;15;1;0
2026-05-10;540;C244;Type 3;C;2;15;0;1
2026-05-10;541;C245;Type 4;C;2;25;1;0
2026-05-10;542;C246;Type 2;C;2;25;1;0
2026-05-10;543;C247;Type 1;C;2;20;1;0
2026-05-10;544;C248;Type 2;C;2;10;1;0
2026-05-10;545;C249;Type 2;C;2;20;1;0
2026-05-10;546;C250;Type 3;C;2;30;1;0
2026-05-10;547;C251;Type 2;C;2;50;1;0
2026-05-10;548;C252;Type 1;C;2;15;1;0
2026-05-10;549;C253;Type 2;C;2;25;0;1
2026-05-10;550;C254;Type 1;C;2;20;1;0
2026-05-10;551;C255;Type 2;C;2;15;1;0
2026-05-10;552;C256;Type 1;C;2;15;1;0
2026-05-10;553;C257;Type 2;C;2;20;0;1
2026-05-10;554;C258;Type 2;C;2;25;0;1
2026-05-10;555;C259;Type 4;C;2;25;1;0
2026-05-10;556;C260;Type 3;C;2;20;1;0
2026-05-10;557;C261;Type 2;C;2;15;1;0
2026-05-10;558;C262;Type 1;C;2;20;1;0
2026-05-10;559;C263;Type 2;C;2;20;1;0
2026-05-10;560;C264;Type 2;C;2;10;0;1
2026-05-10;561;C265;Type 1;C;2;15;1;0
2026-05-10;562;C266;Type 1;C;2;20;1;0
2026-05-10;563;C267;Type 1;C;2;15;0;1
2026-05-10;564;C268;Type 1;C;2;25;0;1
2026-05-10;565;C269;Type 1;C;2;25;0;1
2026-05-10;566;C270;Type 3;C;2;25;0;1
2026-05-10;567;C271;Type 4;C;2;20;1;0
2026-05-10;568;C272;Type 3;C;2;15;0;1
2026-05-10;569;C273;Type 3;C;2;25;0;1
2026-05-10;570;C274;Type 2;C;2;10;1;0
2026-05-10;571;C275;Type 1;C;2;25;1;0
2026-05-10;572;C276;Type 2;C;2;25;1;0
2026-05-10;573;C277;Type 1;C;2;20;1;0
2026-05-10;574;C278;Type 1;C;2;10;1;0
2026-05-10;575;C279;Type 1;C;2;10;1;0
2026-05-10;576;C280;Type 2;C;2;15;1;0
2026-05-10;577;C281;Type 1;C;2;20;1;0
2026-05-10;578;C282;Type 1;C;2;15;1;0
2026-05-10;579;C283;Type 2;C;2;15;0;1
2026-05-10;580;C284;Type 2;C;2;15;1;0
2026-05-10;581;C285;Type 1;C;2;20;1;0
2026-05-10;582;C286;Type 3;C;2;10;1;0
2026-05-10;583;C287;Type 1;C;2;20;1;0
2026-05-10;584;C288;Type 1;C;2;20;1;0
2026-05-10;585;C289;Type 2;C;2;10;1;0
2026-05-10;586;C290;Type 2;C;2;20;1;0
2026-05-10;587;C291;Type 5;C;2;10;1;0
2026-05-10;588;C292;Type 2;C;2;30;0;1
2026-05-10;589;C293;Type 3;C;2;15;1;0
2026-05-10;590;C294;Type 1;C;2;10;0;1
2026-05-10;591;C295;Type 1;C;2;20;1;0
2026-05-10;592;C296;Type 2;C;2;30;0;1
2026-05-10;593;C297;Type 4;C;2;30;1;0
2026-05-10;594;C298;Type 2;C;2;10;1;0
2026-05-10;595;C299;Type 2;C;2;30;0;1
2026-05-10;596;C301;Type 1;C;3;15;0;1
2026-05-10;597;C302;Type 1;C;3;30;1;0
2026-05-10;598;C303;Type 4;C;3;15;1;0
2026-05-10;599;C304;Type 2;C;3;20;1;0
2026-05-10;600;C305;Type 4;C;3;15;1;0
2026-05-10;601;C306;Type 3;C;3;30;1;0
2026-05-10;602;C307;Type 1;C;3;20;1;0
2026-05-10;603;C308;Type 2;C;3;15;1;0
2026-05-10;604;C309;Type 2;C;3;15;1;0
2026-05-10;605;C310;Type 3;C;3;20;1;0
2026-05-10;606;C311;Type 2;C;3;10;1;0
2026-05-10;607;C312;Type 2;C;3;15;1;0
2026-05-10;608;C313;Type 2;C;3;15;1;0
2026-05-10;609;C314;Type 2;C;3;20;1;0
2026-05-10;610;C315;Type 3;C;3;25;1;0
2026-05-10;611;C316;Type 2;C;3;15;1;0
2026-05-10;612;C317;Type 1;C;3;25;1;0
2026-05-10;613;C318;Type 2;C;3;30;1;0
2026-05-10;614;C319;Type 2;C;3;15;1;0
2026-05-10;615;C320;Type 1;C;3;30;1;0
2026-05-10;616;C321;Type 2;C;3;15;1;0
2026-05-10;617;C322;Type 2;C;3;10;1;0
2026-05-10;618;C323;Type 3;C;3;15;1;0
2026-05-10;619;C324;Type 1;C;3;25;1;0
2026-05-10;620;C325;Type 3;C;3;15;0;1
2026-05-10;621;C326;Type 4;C;3;15;0;1
2026-05-10;622;C327;Type 3;C;3;15;0;1
2026-05-10;623;C328;Type 2;C;3;20;1;0
2026-05-10;624;C329;Type 3;C;3;15;1;0
2026-05-10;625;C330;Type 2;C;3;30;1;0
2026-05-10;626;C331;Type 4;C;3;10;1;0
2026-05-10;627;C332;Type 3;C;3;20;1;0
2026-05-10;628;C333;Type 1;C;3;35;1;0
2026-05-10;629;C334;Type 1;C;3;15;1;0
2026-05-10;630;C335;Type 1;C;3;30;1;0
2026-05-10;631;C336;Type 5;C;3;10;1;0
2026-05-10;632;C337;Type 2;C;3;25;1;0
2026-05-10;633;C338;Type 1;C;3;20;0;1
2026-05-10;634;C339;Type 1;C;3;30;1;0
2026-05-10;635;C340;Type 2;C;3;20;1;0
2026-05-10;636;C341;Type 1;C;3;20;1;0
2026-05-10;637;C342;Type 3;C;3;10;0;1
2026-05-10;638;C343;Type 2;C;3;25;1;0
2026-05-10;639;C344;Type 1;C;3;20;1;0
2026-05-10;640;C345;Type 3;C;3;35;1;0
2026-05-10;641;C346;Type 3;C;3;15;0;1
2026-05-10;642;C347;Type 1;C;3;20;0;1
2026-05-10;643;C348;Type 1;C;3;25;1;0
2026-05-10;644;C349;Type 2;C;3;15;1;0
2026-05-10;645;C350;Type 1;C;3;15;1;0
2026-05-10;646;C351;Type 2;C;3;25;1;0
2026-05-10;647;C352;Type 2;C;3;10;1;0
2026-05-10;648;C353;Type 1;C;3;15;1;0
2026-05-10;649;C354;Type 3;C;3;20;1;0
2026-05-10;650;C355;Type 2;C;3;25;1;0
2026-05-10;651;C356;Type 3;C;3;15;1;0
2026-05-10;652;C357;Type 2;C;3;15;0;1
2026-05-10;653;C358;Type 1;C;3;15;0;1
2026-05-10;654;C359;Type 2;C;3;10;0;1
2026-05-10;655;C360;Type 1;C;3;30;0;1
2026-05-10;656;C361;Type 1;C;3;25;1;0
2026-05-10;657;C362;Type 2;C;3;20;1;0
2026-05-10;658;C363;Type 2;C;3;20;1;0
2026-05-10;659;C364;Type 1;C;3;10;1;0
2026-05-10;660;C365;Type 2;C;3;30;0;1
2026-05-10;661;C366;Type 1;C;3;20;1;0
2026-05-10;662;C367;Type 1;C;3;20;1;0
2026-05-10;663;C368;Type 1;C;3;15;1;0
2026-05-10;664;C369;Type 1;C;3;15;1;0
2026-05-10;665;C370;Type 1;C;3;25;1;0
2026-05-10;666;C371;Type 2;C;3;10;1;0
2026-05-10;667;C372;Type 4;C;3;25;1;0
2026-05-10;668;C373;Type 1;C;3;25;1;0
2026-05-10;669;C374;Type 5;C;3;25;0;1
2026-05-10;670;C375;Type 1;C;3;15;1;0
2026-05-10;671;C376;Type 3;C;3;30;1;0
2026-05-10;672;C377;Type 1;C;3;20;1;0
2026-05-10;673;C378;Type 2;C;3;25;0;1
2026-05-10;674;C379;Type 2;C;3;10;1;0
2026-05-10;675;C380;Type 1;C;3;10;0;1
2026-05-10;676;C381;Type 5;C;3;15;1;0
2026-05-10;677;C382;Type 1;C;3;20;0;1
2026-05-10;678;C383;Type 3;C;3;30;1;0
2026-05-10;679;C384;Type 2;C;3;25;1;0
2026-05-10;680;C385;Type 3;C;3;15;1;0
2026-05-10;681;C386;Type 2;C;3;15;1;0
2026-05-10;682;C387;Type 1;C;3;25;1;0
2026-05-10;683;C388;Type 3;C;3;10;1;0
2026-05-10;684;C389;Type 2;C;3;25;1;0
2026-05-10;685;C390;Type 4;C;3;20;1;0
2026-05-10;686;C391;Type 1;C;3;25;1;0
2026-05-10;687;C392;Type 2;C;3;20;1;0
2026-05-10;688;C393;Type 2;C;3;15;1;0
2026-05-10;689;C394;Type 5;C;3;20;1;0
2026-05-10;690;C395;Type 1;C;3;20;0;1
2026-05-10;691;C396;Type 3;C;3;25;1;0
2026-05-10;692;C397;Type 1;C;3;35;1;0
2026-05-10;693;C398;Type 3;C;3;15;1;0
2026-05-10;694;C399;Type 2;C;3;20;1;0
2026-05-10;695;C401;Type 2;C;4;15;1;0
2026-05-10;696;C402;Type 1;C;4;25;1;0
2026-05-10;697;C403;Type 2;C;4;15;1;0
2026-05-10;698;C404;Type 1;C;4;15;1;0
2026-05-10;699;C405;Type 1;C;4;20;1;0
2026-05-10;700;C406;Type 2;C;4;10;1;0
2026-05-10;701;C407;Type 4;C;4;15;1;0
2026-05-10;702;C408;Type 2;C;4;20;1;0
2026-05-10;703;C409;Type 4;C;4;20;1;0
2026-05-10;704;C410;Type 3;C;4;15;0;1
2026-05-10;705;C411;Type 2;C;4;10;1;0
2026-05-10;706;C412;Type 2;C;4;20;0;1
2026-05-10;707;C413;Type 1;C;4;10;1;0
2026-05-10;708;C414;Type 1;C;4;20;1;0
2026-05-10;709;C415;Type 2;C;4;10;1;0
2026-05-10;710;C416;Type 1;C;4;15;1;0
2026-05-10;711;C417;Type 1;C;4;15;1;0
2026-05-10;712;C418;Type 1;C;4;20;0;1
2026-05-10;713;C419;Type 2;C;4;15;0;1
2026-05-10;714;C420;Type 2;C;4;15;1;0
2026-05-10;715;C421;Type 1;C;4;25;0;1
2026-05-10;716;C422;Type 1;C;4;25;1;0
2026-05-10;717;C423;Type 2;C;4;15;1;0
2026-05-10;718;C424;Type 2;C;4;15;1;0
2026-05-10;719;C425;Type 2;C;4;15;1;0
2026-05-10;720;C426;Type 3;C;4;15;1;0
2026-05-10;721;C427;Type 2;C;4;10;1;0
2026-05-10;722;C428;Type 3;C;4;35;1;0
2026-05-10;723;C429;Type 3;C;4;15;1;0
2026-05-10;724;C430;Type 2;C;4;10;0;1
2026-05-10;725;C431;Type 2;C;4;10;1;0
2026-05-10;726;C432;Type 2;C;4;25;1;0
2026-05-10;727;C433;Type 2;C;4;20;1;0
2026-05-10;728;C434;Type 1;C;4;25;0;1
2026-05-10;729;C435;Type 1;C;4;20;1;0
2026-05-10;730;C436;Type 2;C;4;20;1;0
2026-05-10;731;C437;Type 2;C;4;15;0;1
2026-05-10;732;C438;Type 3;C;4;15;1;0
2026-05-10;733;C439;Type 2;C;4;10;1;0
2026-05-10;734;C440;Type 2;C;4;10;1;0
2026-05-10;735;C441;Type 1;C;4;10;1;0
2026-05-10;736;C442;Type 1;C;4;20;0;1
2026-05-10;737;C443;Type 1;C;4;20;1;0
2026-05-10;738;C444;Type 3;C;4;25;1;0
2026-05-10;739;C445;Type 1;C;4;15;1;0
2026-05-10;740;C446;Type 2;C;4;15;1;0
2026-05-10;741;C447;Type 2;C;4;15;1;0
2026-05-10;742;C448;Type 1;C;4;20;1;0
2026-05-10;743;C449;Type 1;C;4;20;0;1
2026-05-10;744;C450;Type 2;C;4;40;1;0
2026-05-10;745;C451;Type 1;C;4;25;1;0
2026-05-10;746;C452;Type 2;C;4;25;0;1
2026-05-10;747;C453;Type 2;C;4;15;1;0
2026-05-10;748;C454;Type 1;C;4;10;1;0
2026-05-10;749;C455;Type 1;C;4;20;1;0
2026-05-10;750;C456;Type 2;C;4;25;0;1
2026-05-10;751;C457;Type 4;C;4;10;1;0
2026-05-10;752;C458;Type 1;C;4;20;1;0
2026-05-10;753;C459;Type 1;C;4;25;1;0
2026-05-10;754;C460;Type 1;C;4;15;1;0
2026-05-10;755;C461;Type 3;C;4;15;1;0
2026-05-10;756;C462;Type 1;C;4;20;1;0
2026-05-10;757;C463;Type 1;C;4;20;1;0
2026-05-10;758;C464;Type 4;C;4;25;1;0
2026-05-10;759;C465;Type 1;C;4;10;1;0
2026-05-10;760;C466;Type 3;C;4;15;1;0
2026-05-10;761;C467;Type 1;C;4;25;1;0
2026-05-10;762;C468;Type 1;C;4;10;1;0
2026-05-10;763;C469;Type 1;C;4;15;1;0
2026-05-10;764;C470;Type 2;C;4;30;1;0
2026-05-10;765;C471;Type 2;C;4;10;1;0
2026-05-10;766;C472;Type 2;C;4;30;1;0
2026-05-10;767;C473;Type 1;C;4;20;0;1
2026-05-10;768;C474;Type 1;C;4;20;0;1
2026-05-10;769;C475;Type 2;C;4;10;1;0
2026-05-10;770;C476;Type 3;C;4;20;1;0
2026-05-10;771;C477;Type 1;C;4;15;1;0
2026-05-10;772;C478;Type 2;C;4;25;1;0
2026-05-10;773;C479;Type 2;C;4;10;1;0
2026-05-10;774;C480;Type 2;C;4;25;1;0
2026-05-10;775;C481;Type 1;C;4;20;1;0
2026-05-10;776;C482;Type 3;C;4;15;1;0
2026-05-10;777;C483;Type 1;C;4;30;1;0
2026-05-10;778;C484;Type 2;C;4;20;1;0
2026-05-10;779;C485;Type 2;C;4;30;1;0
2026-05-10;780;C486;Type 4;C;4;35;1;0
2026-05-10;781;C487;Type 2;C;4;25;1;0
2026-05-10;782;C488;Type 1;C;4;30;1;0
2026-05-10;783;C489;Type 2;C;4;20;1;0
2026-05-10;784;C490;Type 3;C;4;10;1;0
2026-05-10;785;C491;Type 1;C;4;20;0;1
2026-05-10;786;C492;Type 1;C;4;15;1;0
